locus_tag,gene_name,mutation_count,mutated,CDS_length_bp,mutation_density,gc_content,strand,protein_abundance,rna_level,essential,ori_distance
b0001,thrL,0,0,63,0.0,0.5238095238095238,+,,,0.0,0.3085668636942192
b0002,thrA,1,1,2460,0.0004065040650406,0.5308943089430894,+,508.0,9.924996677572809,0.0,0.30914682962014384
b0003,thrB,0,0,930,0.0,0.5645161290322581,+,202.0,9.66244491893012,0.0,0.3098788965652746
b0004,thrC,0,0,1284,0.0,0.5295950155763239,+,934.0,9.429484318069328,0.0,0.310357174557679
b0005,yaaX,0,0,294,0.0,0.54421768707483,+,,6.246866574238756,0.0,0.31079021003728846
b0006,yaaA,0,0,774,0.0,0.4987080103359173,-,70.2,6.312855843351262,0.0,0.3110870870974386
b0007,yaaJ,0,0,1428,0.0,0.5343137254901961,-,0.345,3.5214670118195777,0.0,0.31159251059752
b0008,talB,0,0,951,0.0,0.5215562565720294,+,2324.0,10.31654301766234,0.0,0.3122259057766502
b0009,mog,0,0,585,0.0,0.5470085470085471,+,90.5,5.786652034470553,0.0,0.31260723552735104
b0010,yaaH,0,0,564,0.0,0.5336879432624113,-,,4.385332889568222,0.0,0.31287093474478483
b0011,yaaW,0,0,711,0.0,0.509142053445851,-,0.119,2.223430650498469,0.0,0.3132104690312846
b0013,yaaI,0,0,402,0.0,0.4925373134328358,-,0.099,1.244887451803964,0.0,0.3134625344597139
b0014,dnaK,0,0,1914,0.0,0.5120167189132706,+,4650.0,9.722098589864022,0.0,0.31412479867081805
b0015,dnaJ,0,0,1128,0.0,0.5531914893617021,+,225.0,7.491039846671806,0.0,0.31481937896249007
b0016,insL1,0,0,1110,0.0,0.5207207207207207,+,1.33,5.5543471135370135,0.0,0.31536573616462416
b0018,mokC,0,0,207,0.0,0.5217391304347826,-,,3.745597148656964,0.0,0.3157337086020236
b0019,nhaA,0,0,1164,0.0,0.5146048109965635,+,6.07,6.266571021180029,0.0,0.3162580908693715
b0020,nhaR,0,0,903,0.0,0.4761904761904761,+,0.811,5.606082909443751,0.0,0.3167299056456624
b0021,insB1,0,0,501,0.0,0.5489021956087824,-,,2.1946994440719445,0.0,0.3171155442071056
b0022,insA,0,0,273,0.0,0.5347985347985348,-,0.189,3.662347194508594,0.0,0.31724825557797093
b0023,rpsT,0,0,261,0.0,0.4712643678160919,-,4422.0,11.40605191210092,0.0,0.31749644307673214
b0024,yaaY,0,0,216,0.0,0.4907407407407407,+,,3.595819046418758,0.0,0.31764466616627013
b0025,ribF,0,0,939,0.0,0.5378061767838126,+,31.1,8.075953876437616,1.0,0.317897593356848
b0026,ileS,0,0,2814,0.0,0.5579246624022743,+,531.0,8.746835423410118,1.0,0.3187257467815338
b0027,lspA,0,0,492,0.0,0.5386178861788617,+,1.01,7.6623452892454145,1.0,0.31943885495939806
b0028,fkpB,0,0,447,0.0,0.5480984340044742,+,293.0,7.150493304355726,0.0,0.31969566007964406
b0029,ispH,0,0,948,0.0,0.5527426160337553,+,79.3,6.979816400924596,1.0,0.3199981385937593
b0030,rihC,0,0,912,0.0,0.5646929824561403,+,91.2,3.8178269623005816,0.0,0.32042815790584905
b0031,dapB,0,0,819,0.0,0.536019536019536,+,293.0,8.209073130546649,1.0,0.32087368893661133
b0032,carA,1,1,1146,0.0008726003490401,0.5349040139616056,+,434.0,8.344011421053569,0.0,0.3214945885645886
b0033,carB,0,0,3219,0.0,0.5632183908045977,+,516.0,8.163722552933985,0.0,0.32244338869006123
b0034,caiF,0,0,393,0.0,0.4631043256997455,+,0.401,5.408330383224275,0.0,0.3233353125137343
b0035,caiE,0,0,588,0.0,0.5510204081632653,-,,1.9206424436717504,0.0,0.32358479265571827
b0036,caiD,0,0,783,0.0,0.5427841634738186,-,4.73,1.436811573482943,0.0,0.32388339324016535
b0037,caiC,0,0,1551,0.0,0.5112830431979368,-,1.29,2.979583814710325,0.0,0.3244340592530418
b0038,caiB,1,1,1215,0.0008230452674897,0.5275720164609053,-,2.58,2.8239290295864805,0.0,0.32506271474035536
b0039,caiA,0,0,1140,0.0,0.5403508771929825,-,4.34,3.6497392025800175,0.0,0.3256267380665332
b0040,caiT,0,0,1512,0.0,0.5191798941798942,-,0.08,0.9416183001744556,0.0,0.32621230544642293
b0041,fixA,0,0,768,0.0,0.52734375,+,17.8,1.200314313279884,0.0,0.32690774750024343
b0042,fixB,0,0,939,0.0,0.5676251331203408,+,19.9,1.1285071929410844,0.0,0.3272826140348307
b0043,fixC,0,0,1284,0.0,0.5498442367601246,+,2.32,1.2554914155605694,0.0,0.32778459048631825
b0044,fixX,0,0,285,0.0,0.5719298245614035,+,,1.1957903325403247,0.0,0.3281219703674468
b0045,yaaU,0,0,1329,0.0,0.5342362678705794,+,1.64,0.9334744591079734,0.0,0.32849511337773707
b0046,kefF,0,0,528,0.0,0.5473484848484849,+,14.7,4.592302844189343,0.0,0.32894279881387056
b0047,kefC,0,0,1860,0.0,0.5559139784946237,+,1.92,4.391407499003794,0.0,0.32945511641113984
b0048,folA,0,0,477,0.0,0.5303983228511531,+,93.1,6.463570472786064,1.0,0.3300419764342523
b0049,apaH,0,0,840,0.0,0.5595238095238095,-,24.3,5.915648097362399,0.0,0.33036039754811436
b0050,apaG,0,0,375,0.0,0.5226666666666666,-,12.3,7.333967373809571,0.0,0.3306258202898451
b0051,rsmA,0,0,819,0.0,0.5323565323565324,-,82.2,7.607979645169129,0.0,0.3308852106965365
b0052,pdxA,0,0,987,0.0,0.5643363728470111,-,16.5,6.80680434712624,0.0,0.33127386542549936
b0053,surA,0,0,1284,0.0,0.5397196261682243,-,647.0,8.36345712799642,0.0,0.33176420808798246
b0054,lptD,0,0,2352,0.0,0.514030612244898,-,90.0,8.508422239086906,1.0,0.33257124834003066
b0055,djlA,0,0,813,0.0,0.5276752767527675,+,27.9,5.644523866805508,0.0,0.33336363863555474
b0058,rluA,0,0,657,0.0,0.5418569254185692,-,6.69,5.411027638297062,0.0,0.33433096664721956
b0059,rapA,2,1,2904,0.0006887052341597,0.5495867768595041,-,48.4,5.622284486113412,0.0,0.33510439817547716
b0060,polB,0,0,2349,0.0,0.5538527032779906,-,0.982,4.244827360254936,0.0,0.33630784901582456
b0061,araD,0,0,693,0.0,0.5555555555555556,-,0.913,1.6654389842252355,0.0,0.3369963969724572
b0062,araA,0,0,1500,0.0,0.556,-,11.9,2.194990534425384,0.0,0.3375927363792029
b0063,araB,0,0,1698,0.0,0.5812720848056537,-,4.81,1.6444038487669763,0.0,0.3382873166708749
b0064,araC,0,0,876,0.0,0.5273972602739726,+,7.52,5.369715530258267,0.0,0.3389887910597348
b0065,yabI,0,0,762,0.0,0.5393700787401575,+,,4.9477184096692834,0.0,0.3393796001940688
b0066,thiQ,0,0,696,0.0,0.5718390804597702,-,2.05,4.67396313852731,0.0,0.33974369470180016
b0067,thiP,0,0,1608,0.0,0.5845771144278606,-,0.007,4.400442218631371,0.0,0.34023403736428326
b0068,thiB,0,0,981,0.0,0.5341488277268094,-,195.0,6.855312655698533,0.0,0.34078211809071424
b0069,sgrR,1,1,1653,0.0006049606775559,0.5493042952208107,-,17.6,4.519776048724072,0.0,0.34142111472380954
b0070,setA,0,0,1176,0.0,0.4855442176870748,+,0.97,4.345096813594054,0.0,0.3421704169119098
b0071,leuD,0,0,603,0.0,0.5174129353233831,-,948.0,9.94909190998215,0.0,0.34257544512169374
b0072,leuC,1,1,1398,0.0007153075822603,0.5586552217453505,-,803.0,9.867030074887229,0.0,0.3430123585309713
b0073,leuB,0,0,1089,0.0,0.5564738292011019,-,906.0,9.712819724741962,0.0,0.3435500981116206
b0074,leuA,0,0,1569,0.0,0.5302740599107711,-,1152.0,9.65821118753343,0.0,0.3441236008214317
b0075,leuL,0,0,84,0.0,0.4880952380952381,-,,,0.0,0.34452087317187935
b0076,leuO,0,0,942,0.0,0.4585987261146497,+,,2.896583670100119,0.0,0.34502715843410925
b0077,ilvI,1,1,1722,0.0005807200929152,0.5296167247386759,+,186.0,8.082956116037723,0.0,0.3457389739687508
b0078,ilvH,0,0,489,0.0,0.5030674846625767,+,460.0,7.927490148123619,0.0,0.3462172519611552
b0080,cra,0,0,1002,0.0,0.5508982035928144,+,75.7,6.9383147226503565,0.0,0.34661710959804826
b0081,mraZ,0,0,456,0.0,0.5241228070175439,+,12.2,7.987622757898133,0.0,0.34719147407000783
b0082,rsmH,1,1,939,0.0010649627263045,0.5527156549520766,+,98.4,7.300963904134761,0.0,0.3474935217030488
b0083,ftsL,0,0,363,0.0,0.5068870523415978,+,3.45,6.847884616146291,1.0,0.3477735944013037
b0084,ftsI,0,0,1764,0.0,0.5408163265306123,+,6.5,6.413118933633927,1.0,0.34823980772362945
b0085,murE,0,0,1485,0.0,0.5663299663299664,+,102.0,7.192153840102633,1.0,0.3489348188963757
b0086,murF,0,0,1356,0.0,0.551622418879056,+,45.3,6.985031284882212,1.0,0.34954667002179396
b0087,mraY,0,0,1080,0.0,0.5351851851851852,+,22.6,6.643436951853299,1.0,0.3500697596459192
b0088,murD,0,0,1314,0.0,0.5494672754946728,+,68.4,6.915965490689362,1.0,0.3505876786971535
b0089,ftsW,0,0,1242,0.0,0.5305958132045089,+,1.89,6.558236403773805,1.0,0.35113920647217844
b0090,murG,0,0,1065,0.0,0.5624413145539906,+,52.1,6.636834609970669,1.0,0.35163558146970086
b0091,murC,0,0,1473,0.0,0.5478615071283096,+,77.2,7.127814283544275,1.0,0.35220649889306654
b0092,ddlB,0,0,918,0.0,0.5174291938997821,+,57.5,7.432622979665558,0.0,0.35271967825248424
b0093,ftsQ,0,0,828,0.0,0.533816425120773,+,6.69,7.465020521441817,1.0,0.35309756095459116
b0094,ftsA,1,1,1260,0.0007936507936507,0.5222222222222223,+,144.0,7.649382787741118,1.0,0.35354696991502166
b0095,ftsZ,0,0,1149,0.0,0.5430809399477807,+,840.0,9.40189904538114,1.0,0.3540928962360815
b0096,lpxC,0,0,915,0.0,0.512568306010929,+,38.6,10.234646029649062,1.0,0.35458194625534184
b0097,secM,0,0,510,0.0,0.5431372549019607,+,2.45,7.880106509821935,1.0,0.3549895597515712
b0098,secA,1,1,2703,0.0003699593044765,0.5246022937476877,+,338.0,7.6153167007825795,1.0,0.35570913114554903
b0099,mutT,0,0,387,0.0,0.4935400516795866,+,3.31,4.261849276519913,0.0,0.3564015570318499
b0101,yacG,0,0,195,0.0,0.517948717948718,-,22.1,6.741783012475796,,0.35662087549863714
b0102,zapD,0,0,741,0.0,0.5168690958164642,-,77.0,6.51674126198982,0.0,0.3568276984142715
b0103,coaE,0,0,618,0.0,0.529126213592233,-,10.4,6.396611075945241,1.0,0.3571215593069019
b0104,guaC,0,0,1041,0.0,0.5148895292987512,+,297.0,8.230291257377692,0.0,0.3575765697212975
b0106,hofC,0,0,1200,0.0,0.5208333333333334,-,1.84,2.506581698896196,0.0,0.3580755300052654
b0107,hofB,0,0,1383,0.0,0.5357917570498916,-,1.05,2.696437591582663,0.0,0.358628350423513
b0108,ppdD,0,0,438,0.0,0.5342465753424658,-,,0.744403798457409,0.0,0.35902605365503487
b0109,nadC,0,0,891,0.0,0.5331088664421998,-,178.0,6.454721691215994,0.0,0.3594004893085479
b0110,ampD,1,1,549,0.0018214936247723,0.5391621129326047,+,6.77,5.828288914558819,0.0,0.35974950297868086
b0111,ampE,0,0,852,0.0,0.5223004694835681,+,11.4,5.13678135816051,0.0,0.36005111973064763
b0112,aroP,1,1,1371,0.0007293946024799,0.5280816921954777,-,116.0,8.59482200015335,0.0,0.360549218252467
b0113,pdhR,1,1,762,0.0013123359580052,0.5590551181102362,+,23.5,7.358414576334355,0.0,0.36124293678199054
b0114,aceE,0,0,2661,0.0,0.5310033821871477,+,2367.0,10.095709926659076,0.0,0.362050407915113
b0115,aceF,0,0,1890,0.0,0.5476190476190477,+,1429.0,9.641641841918563,0.0,0.3630384182183412
b0116,lpd,0,0,1422,0.0,0.5316455696202531,+,2119.0,10.222942739706976,0.0,0.36389285538855565
b0117,yacH,0,0,1851,0.0,0.539708265802269,-,0.126,1.538238001153785,0.0,0.36462923114442874
b0118,acnB,0,0,2595,0.0,0.5595375722543353,+,1880.0,9.65781512890991,0.0,0.36574090431596334
b0119,yacL,0,0,360,0.0,0.525,+,45.5,6.466570241538635,0.0,0.36645444337490185
b0120,speD,0,0,792,0.0,0.4633838383838384,-,78.6,8.303238234587798,0.0,0.3667198661166326
b0121,speE,1,1,864,0.0011574074074074,0.5092592592592593,-,126.0,8.204281467215313,0.0,0.36708439150543815
b0122,yacC,0,0,345,0.0,0.5043478260869565,-,35.6,7.055792499362703,0.0,0.36739117883029576
b0123,cueO,0,0,1548,0.0,0.5478036175710594,+,101.0,7.095941462789953,0.0,0.3678716112280714
b0124,gcd,0,0,2388,0.0,0.554857621440536,-,71.8,6.991247906920149,0.0,0.3688074849213168
b0125,hpt,0,0,534,0.0,0.5093632958801498,+,307.0,7.714763195711149,0.0,0.3695266254342204
b0126,can,0,0,660,0.0,0.509090909090909,-,643.0,9.991767388853894,1.0,0.36980238932173287
b0127,yadG,0,0,924,0.0,0.4967532467532468,+,69.8,6.159496358157798,0.0,0.37019147493176996
b0128,yadH,0,0,768,0.0,0.5091145833333334,+,,5.902401137374969,0.0,0.3705555694395013
b0129,yadI,0,0,438,0.0,0.4954337899543379,+,1.97,4.441435663224075,0.0,0.37086149500221044
b0130,yadE,0,0,1227,0.0,0.4963325183374083,+,0.566,3.7505478232088447,0.0,0.37124842620687637
b0131,panD,1,1,378,0.0026455026455026,0.5264550264550265,-,175.0,8.986083683106497,0.0,0.37159700899593506
b0132,yadD,0,0,900,0.0,0.49,+,,3.4132934184728763,0.0,0.37199126517886305
b0133,panC,0,0,849,0.0,0.5288574793875147,-,535.0,8.581041103139345,0.0,0.37240060219938936
b0134,panB,0,0,792,0.0,0.547979797979798,-,852.0,8.128302608998009,0.0,0.3727603878963783
b0135,yadC,0,0,1236,0.0,0.4037216828478964,-,0.084,2.0091668247791845,0.0,0.3732472835102675
b0136,yadK,0,0,594,0.0,0.4158249158249158,-,,1.7099740680113065,0.0,0.37366394550905585
b0137,yadL,0,0,603,0.0,0.4278606965174129,-,0.375,2.066639740195348,0.0,0.3739341079426032
b0138,yadM,0,0,567,0.0,0.4303350970017636,-,5.47,2.0640778070191947,0.0,0.37419220570607187
b0139,htrE,0,0,2595,0.0,0.4339113680154142,-,2.39,1.7246531717764877,0.0,0.37488161542485304
b0140,yadV,0,0,738,0.0,0.4457994579945799,-,0.171,0.6917579111318088,0.0,0.375615836775355
b0141,yadN,0,0,582,0.0,0.4501718213058419,-,,0.7132107489857946,0.0,0.37594330639177603
b0142,folK,0,0,477,0.0,0.5031446540880503,-,5.28,5.3664284854948825,1.0,0.37633153023966465
b0143,pcnB,0,0,1395,0.0,0.5591397849462365,-,35.1,7.948284681979459,0.0,0.37673440404407743
b0144,gluQ,0,0,924,0.0,0.5367965367965368,-,2.43,4.497156233926012,0.0,0.3772609407167965
b0145,dksA,0,0,453,0.0,0.5298013245033113,-,765.0,9.851710601457183,0.0,0.3775741912577677
b0146,sfsA,1,1,702,0.0014245014245014,0.4943019943019943,-,3.53,6.50625958991961,0.0,0.3779007991120403
b0147,ligT,0,0,528,0.0,0.5625,-,5.12,4.791470900421589,0.0,0.3781731159509588
b0148,hrpB,0,0,2427,0.0,0.5665430572723527,+,3.19,4.89511695648097,0.0,0.3788422742592508
b0149,mrcB,0,0,2532,0.0,0.5521327014218009,+,34.0,5.988895337465271,0.0,0.37999617377606076
b0150,fhuA,0,0,2241,0.0,0.5131637661758144,+,77.6,7.784496380061197,0.0,0.38111991161767406
b0151,fhuC,0,0,795,0.0,0.569811320754717,+,15.1,5.687202626474985,0.0,0.38179682578530233
b0152,fhuD,0,0,888,0.0,0.5472972972972973,+,0.376,5.050098765328103,0.0,0.38216048941195935
b0153,fhuB,0,0,1980,0.0,0.5984848484848485,+,0.204,4.141607051467295,0.0,0.38277794199134274
b0154,hemL,0,0,1278,0.0,0.5555555555555556,-,480.0,7.716365413927989,1.0,0.3835487882331549
b0155,clcA,0,0,1419,0.0,0.5391120507399577,+,2.07,5.527449728901793,0.0,0.38422742592508013
b0156,erpA,0,0,342,0.0,0.5116959064327485,+,301.0,8.278536288619392,1.0,0.38464322616172003
b0157,yadS,0,0,621,0.0,0.537842190016103,-,0.015,4.382550633721984,0.0,0.3848715931310663
b0158,btuF,0,0,798,0.0,0.5300751879699248,-,1.4,4.481358250725498,0.0,0.38519475393674496
b0159,mtn,0,0,696,0.0,0.5258620689655172,-,245.0,8.301753905589422,0.0,0.3855144676938297
b0160,dgt,0,0,1515,0.0,0.4805280528052805,+,4.14,5.519971613260564,0.0,0.38602764705324744
b0161,degP,0,0,1422,0.0,0.5407876230661041,+,681.0,7.387014749083623,0.0,0.3867174876531028
b0162,cdaR,1,1,1155,0.0008658008658008,0.529004329004329,+,2.52,3.2997572682767085,0.0,0.38734011080537706
b0163,yaeH,0,0,384,0.0,0.4479166666666667,-,1146.0,8.737144504232871,0.0,0.3877110994102962
b0164,yaeI,0,0,810,0.0,0.5148148148148148,-,,3.3892594155677744,0.0,0.38803899990779145
b0166,dapD,1,1,822,0.0012165450121654,0.5328467153284672,-,1572.0,10.00501373330872,1.0,0.38841472820452716
b0167,glnD,1,1,2670,0.0003745318352059,0.5397003745318352,-,20.7,5.745339965626209,0.0,0.38918126563559696
b0168,map,0,0,792,0.0,0.5063131313131313,-,344.0,8.56439582854408,1.0,0.3899546971638546
b0169,rpsB,0,0,723,0.0,0.5159059474412172,+,3628.0,11.819610152524348,1.0,0.3904403001345211
b0170,tsf,0,0,849,0.0,0.5005889281507656,+,3742.0,10.26477702092007,1.0,0.39089100173817426
b0171,pyrH,0,0,723,0.0,0.5297372060857538,+,294.0,8.042944685659457,1.0,0.391293875542587
b0172,frr,0,0,555,0.0,0.5099099099099099,+,1770.0,10.045408140695042,1.0,0.39169588758485124
b0173,dxr,0,0,1194,0.0,0.5268006700167505,+,4.33,5.306285775293511,1.0,0.3921134113457881
b0174,ispU,0,0,759,0.0,0.5006587615283268,+,40.1,7.555957703745311,1.0,0.3926149569162014
b0175,cdsA,0,0,855,0.0,0.5099415204678363,+,9.29,6.83134298003802,1.0,0.3929691411592252
b0176,rseP,0,0,1350,0.0,0.5096296296296297,+,8.51,7.900511928608488,1.0,0.3934504353191493
b0177,bamA,0,0,2430,0.0,0.5074074074074074,+,307.0,8.780886325678194,1.0,0.39427858874383515
b0178,skp,0,0,483,0.0,0.505175983436853,+,1699.0,9.909325746770085,0.0,0.3949593808411316
b0179,lpxD,0,0,1023,0.0,0.5298142717497556,+,200.0,9.266766746817302,1.0,0.39528641957647837
b0180,fabZ,0,0,453,0.0,0.5055187637969095,+,692.0,9.244378458735945,1.0,0.39565051408420965
b0181,lpxA,0,0,786,0.0,0.5330788804071247,+,406.0,8.565004745852915,1.0,0.3959202456366828
b0182,lpxB,0,0,1146,0.0,0.5383944153577661,+,60.2,6.83282708796421,1.0,0.3963373385165454
b0183,rnhB,0,0,594,0.0,0.5740740740740741,+,14.7,5.953278168653236,0.0,0.39671177417005843
b0184,dnaE,0,0,3480,0.0,0.55,+,3.97,6.443899637654356,1.0,0.397606283280177
b0185,accA,0,0,957,0.0,0.5245559038662487,+,799.0,8.215132903550737,1.0,0.3985684407189509
b0186,ldcC,0,0,2139,0.0,0.50958391771856,+,5.46,5.240529164887887,0.0,0.39927896361036974
b0187,yaeR,0,0,387,0.0,0.5090439276485789,+,55.3,5.864614562008224,0.0,0.3998485883905127
b0188,tilS,0,0,1296,0.0,0.5817901234567902,+,8.61,5.364451538890499,1.0,0.40024025928699525
b0189,rof,0,0,252,0.0,0.4801587301587302,-,158.0,7.573599880320125,0.0,0.4005957361732418
b0190,yaeQ,0,0,543,0.0,0.5248618784530387,+,4.34,5.807101066369578,0.0,0.40092234402751437
b0191,arfB,0,0,420,0.0,0.5452380952380952,+,0.971,5.758008722447751,0.0,0.4011295978242229
b0192,nlpE,0,0,708,0.0,0.5254237288135594,+,10.9,6.18368760108392,0.0,0.4013795088472811
b0193,yaeF,0,0,822,0.0,0.4939172749391727,-,0.108,2.38363930807095,0.0,0.40179617084606944
b0194,proS,0,0,1716,0.0,0.5454545454545454,-,751.0,8.48505118528026,1.0,0.4023670882694351
b0195,tsaA,0,0,705,0.0,0.5546099290780142,-,6.14,5.850591561279427,0.0,0.40293757481172654
b0196,rcsF,0,0,402,0.0,0.5348258706467661,-,163.0,7.756659073205897,0.0,0.40317585204578027
b0197,metQ,1,1,813,0.001230012300123,0.4932349323493235,-,2375.0,10.091709970631571,0.0,0.4034891025867514
b0198,metI,0,0,651,0.0,0.5253456221198156,-,23.0,7.533652755368131,0.0,0.40382260453821184
b0199,metN,0,0,1029,0.0,0.5296404275996113,-,107.0,7.412346426161462,0.0,0.40418239023520075
b0200,gmhB,0,0,573,0.0,0.5026178010471204,+,39.8,6.726253319712736,0.0,0.4046093933797708
b0207,dkgB,0,0,801,0.0,0.4644194756554307,+,127.0,5.145669080640723,0.0,0.4073877145464589
b0208,yafC,1,1,912,0.0010964912280701,0.4978070175438596,-,13.8,4.947616872827614,0.0,0.4077565487460068
b0209,yafD,2,1,798,0.0025062656641604,0.5288220551378446,+,13.1,7.326081753853589,0.0,0.40822965616552037
b0210,yafE,0,0,621,0.0,0.4927536231884058,+,1.79,4.772241315713044,0.0,0.4085377361336007
b0211,mltD,0,0,1356,0.0,0.5199115044247787,-,0.821,8.29185644584973,0.0,0.4089854215697342
b0212,gloB,0,0,753,0.0,0.4023904382470119,-,230.0,6.317764428029071,0.0,0.40947145542147495
b0213,yafS,0,0,720,0.0,0.4958333333333333,+,0.253,5.477264869265148,0.0,0.4098045264918611
b0214,rnhA,0,0,465,0.0,0.5075268817204301,-,5.72,6.118427737466,0.0,0.4100591772067359
b0215,dnaQ,0,0,729,0.0,0.5034293552812071,+,3.08,7.142293729006928,0.0,0.4103452822400301
b0217,yafT,0,0,783,0.0,0.4291187739463601,+,1.34,2.203883768598508,0.0,0.41090327323116854
b0218,yafU,0,0,354,0.0,0.384180790960452,-,,0.8102936569555508,0.0,0.4114190378770317
b0219,yafV,0,0,768,0.0,0.5481770833333334,-,14.2,5.676855231413822,0.0,0.4117982132223614
b0220,ivy,0,0,471,0.0,0.5031847133757962,+,555.0,8.434712907578131,0.0,0.41213214605489595
b0221,fadE,0,0,2442,0.0,0.5696150696150696,-,84.2,4.55354653071668,0.0,0.4127793294284018
b0222,gmhA,0,0,576,0.0,0.5121527777777778,+,879.0,8.263717462051892,0.0,0.4135338021893929
b0223,yafJ,0,0,765,0.0,0.5372549019607843,+,16.9,6.820455474760169,0.0,0.4139121157725741
b0224,yafK,0,0,738,0.0,0.4864498644986449,-,2.8,7.998465795025483,0.0,0.4142245045513968
b0225,yafQ,0,0,276,0.0,0.3985507246376811,-,0.212,6.768281451393721,0.0,0.4145110404657652
b0226,dinJ,0,0,258,0.0,0.4728682170542636,-,23.2,8.236159581647003,0.0,0.414628240117958
b0227,yafL,0,0,747,0.0,0.5247657295850067,+,7.71,2.774082119669105,0.0,0.4149358892049641
b0228,rayT,0,0,495,0.0,0.4505050505050505,+,2.49,4.237503694597357,0.0,0.4152801631832804
b0229,lfhA,0,0,1710,0.0,0.5812865497076023,-,,1.5116619942899725,0.0,0.41585280413094305
b0230,lafU,0,0,753,0.0,0.5298804780876494,+,,1.8155972338854105,0.0,0.41638494225762723
b0231,dinB,1,1,1053,0.0009496676163342,0.5422602089268755,+,2.57,4.326159442147852,0.0,0.41680548218608376
b0232,yafN,0,0,291,0.0,0.4261168384879725,+,1.15,4.780385102462444,0.0,0.4171183018459807
b0233,yafO,0,0,396,0.0,0.4368686868686868,+,2.76,4.085169136140822,0.0,0.41726867934088985
b0234,yafP,0,0,450,0.0,0.4355555555555555,+,0.004,3.048108844962194,0.0,0.41745611260818344
b0235,ykfJ,0,0,207,0.0,0.5120772946859904,+,,1.041626016831168,0.0,0.4177348926632156
b0236,prfH,0,0,498,0.0,0.5461847389558233,+,,1.0492025980386217,0.0,0.4178943186606837
b0237,pepD,0,0,1455,0.0,0.5147766323024054,-,898.0,8.391479785570372,0.0,0.4183402805725203
b0238,gpt,1,1,456,0.0021929824561403,0.5219298245614035,+,289.0,7.530092339350261,0.0,0.4188655246020167
b0239,frsA,0,0,1242,0.0,0.537842190016103,+,39.0,6.169259488582375,0.0,0.41927184545502333
b0240,crl,0,0,399,0.0,0.506265664160401,+,,,0.0,0.419651020800353
b0241,phoE,0,0,1053,0.0,0.4482431149097816,-,63.7,2.0116429974854064,0.0,0.4199815065842937
b0242,proB,0,0,1101,0.0,0.5640326975476839,+,157.0,7.691014822460454,0.0,0.42057052101277737
b0243,proA,0,0,1251,0.0,0.5443645083932853,+,262.0,7.505230242788893,0.0,0.42108326949112085
b0245,ykfI,0,0,339,0.0,0.5132743362831859,-,0.191,1.3606817667124371,0.0,0.42167314568175296
b0246,yafW,0,0,315,0.0,0.5746031746031746,-,13.8,0.3721100990103738,0.0,0.4218239540577363
b0247,ykfG,0,0,474,0.0,0.5864978902953587,-,0.021,0.5867895382038334,0.0,0.42210230323169423
b0248,yafX,0,0,456,0.0,0.5570175438596491,-,,0.3052083652112782,0.0,0.4223104187905513
b0249,ykfF,0,0,237,0.0,0.5907172995780591,-,,0.6209956705534813,0.0,0.42250259174966154
b0250,ykfB,0,0,465,0.0,0.5268817204301075,-,2.47,5.527141632767261,0.0,0.42268787061158397
b0251,yafY,0,0,441,0.0,0.5102040816326531,-,2.39,3.403331126955434,0.0,0.42289383176506984
b0252,yafZ,0,0,819,0.0,0.5787545787545788,-,0.445,1.1205281754201106,0.0,0.4234380345618327
b0253,ykfA,0,0,861,0.0,0.5691056910569106,-,0.011,3.990512484054339,0.0,0.42384047748517123
b0254,perR,0,0,891,0.0,0.4803591470258136,-,0.205,2.654706180141162,0.0,0.42436055094177677
b0256,insI1,0,0,1149,0.0,0.4586597040905135,+,1.33,2.7907516520605085,0.0,0.42498231233190253
b0258,ykfC,0,0,1108,0.0,0.546028880866426,+,,4.355842868403946,0.0,0.4259397300788599
b0259,insH1,0,0,1014,0.0,0.5483234714003945,-,0.589,6.748316445227735,0.0,0.4264606652976139
b0260,mmuP,0,0,1401,0.0,0.5496074232690935,+,2.97,4.234094096638486,0.0,0.42707122377980944
b0261,mmuM,0,0,930,0.0,0.6043010752688172,+,20.2,5.430357899361919,0.0,0.4275688914205546
b0262,afuC,0,0,1044,0.0,0.5651340996168582,-,2.02,1.7809303194220127,0.0,0.42804199884006816
b0263,afuB,0,0,345,0.0,0.5681159420289855,-,,1.6987584483101548,0.0,0.42834706264062883
b0264,insB1,0,0,501,0.0,0.5548902195608783,-,0.068,3.239916824236708,0.0,0.4285375120754421
b0265,insA,0,0,273,0.0,0.5384615384615384,-,0.046,4.395419971514188,0.0,0.42867022344630745
b0266,yagB,0,0,309,0.0,0.517799352750809,-,,5.729477434246001,0.0,0.4290338870729645
b0267,yagA,0,0,1152,0.0,0.6223958333333334,-,0.274,0.9990094722858376,0.0,0.42938936395921107
b0268,yagE,0,0,906,0.0,0.6169977924944813,+,34.2,2.2345586075746104,0.0,0.42996071226365096
b0269,yagF,0,0,1965,0.0,0.6681933842239186,+,4.24,2.1856012346072564,0.0,0.4305863515834449
b0270,yagG,0,0,1380,0.0,0.6260869565217392,+,1.45,2.350503607783724,0.0,0.431405887386646
b0271,yagH,0,0,1608,0.0,0.6449004975124378,+,1.33,2.810792117683302,0.0,0.4320556560465972
b0272,yagI,0,0,756,0.0,0.6335978835978836,-,6.26,5.727426753516767,0.0,0.43256797364386645
b0273,argF,0,0,1002,0.0,0.5888223552894212,-,48.5,7.490249863858646,0.0,0.4330074723395894
b0274,insB1,0,0,501,0.0,0.5548902195608783,-,0.068,3.040040424779267,0.0,0.43348014887802877
b0275,insA,0,0,273,0.0,0.5384615384615384,-,0.046,3.8558812046773214,0.0,0.4336128602488941
b0276,yagJ,0,0,825,0.0,0.4884848484848484,+,,4.122999447496875,0.0,0.43387526682310523
b0277,yagK,0,0,624,0.0,0.4503205128205128,-,,3.673576587509233,0.0,0.4342277275418321
b0278,yagL,0,0,696,0.0,0.375,-,1.59,2.3239519945891405,0.0,0.4346301704651706
b0279,yagM,0,0,852,0.0,0.3638497652582159,-,,1.2556178022924105,0.0,0.4349761679677839
b0280,yagN,0,0,438,0.0,0.4360730593607306,-,0.039,7.689859209107971,0.0,0.435401447588057
b0281,intF,0,0,1398,0.0,0.4434907010014306,-,0.898,5.875589911593413,0.0,0.43584827126204206
b0283,paoD,0,0,954,0.0,0.60062893081761,-,0.844,2.9439627741311334,0.0,0.43664626301153125
b0284,paoC,0,0,2196,0.0,0.5951730418943534,-,2.39,3.1445690306872307,0.0,0.4373300712763473
b0285,paoB,0,0,954,0.0,0.6079664570230608,-,0.113,2.6964389381658145,0.0,0.4380082780871983
b0286,paoA,0,0,687,0.0,0.5487627365356623,-,0.814,3.080396398493519,0.0,0.4383611696869994
b0287,yagU,0,0,612,0.0,0.4542483660130719,+,170.0,8.250448026014931,0.0,0.43882221243643427
b0288,ykgJ,0,0,327,0.0,0.5076452599388379,-,,4.158407573877416,0.0,0.43913201592881157
b0289,ecpE,0,0,708,0.0,0.5324858757062146,-,2.85,3.7194170570559,0.0,0.439490939863652
b0290,ecpD,0,0,1641,0.0,0.5167580743449116,-,4.86,2.904535061307659,0.0,0.43998429869365474
b0291,ecpC,0,0,2523,0.0,0.5533095521204915,-,14.0,1.9363125232626976,0.0,0.44087794604162484
b0292,ecpB,0,0,666,0.0,0.5495495495495496,-,1.57,1.7162578860827202,0.0,0.4415772660251135
b0293,ecpA,0,0,585,0.0,0.5316239316239316,-,0.322,4.349508547050497,0.0,0.4418724195609667
b0294,ecpR,0,0,588,0.0,0.3928571428571428,-,1.08,1.9340496617193232,0.0,0.44215852459426086
b0295,ykgL,0,0,225,0.0,0.4444444444444444,+,4.05,3.105215756012628,0.0,0.4426686877861589
b0296,ykgM,0,0,261,0.0,0.4597701149425287,-,285.0,4.70088088480996,0.0,0.44284965783733893
b0297,eaeH,0,0,872,0.0,0.4839449541284403,+,,0.3683680549724355,0.0,0.4437747595037284
b0298,insE1,0,0,297,0.0,0.5016835016835017,+,0.453,0.1541426979489012,0.0,0.4440539704398348
b0299,insF1,0,0,864,0.0,0.5520833333333334,+,,0.5690905395117887,0.0,0.44430388146289296
b0300,ykgA,0,0,684,0.0,0.4283625730994152,-,,3.516010814807916,0.0,0.4446516024898032
b0301,ykgB,0,0,591,0.0,0.4500846023688663,-,0.593,2.2109583148658576,0.0,0.4451665053735179
b0303,ykgI,0,0,234,0.0,0.358974358974359,-,0.599,2.037467869146346,,0.4453504915922176
b0304,ykgC,1,1,1323,0.000755857898715,0.4565381708238851,-,12.3,3.8155717481698894,0.0,0.4457335448672154
b0305,ykgD,0,0,852,0.0,0.5129107981220657,+,0.231,2.6534555101937825,0.0,0.44630058436091286
b0306,ykgE,0,0,717,0.0,0.5062761506276151,+,2.19,2.583599570241125,0.0,0.4468663312113877
b0307,ykgF,0,0,1425,0.0,0.5031578947368421,+,8.58,3.632024190389069,0.0,0.4473334062958619
b0308,ykgG,0,0,693,0.0,0.5223665223665224,+,10.9,3.607683076027022,0.0,0.447787554948109
b0310,ykgH,0,0,666,0.0,0.3708708708708709,-,1.5,1.23804092292992,0.0,0.44818611994177937
b0311,betA,1,1,1668,0.000599520383693,0.5713429256594724,-,1.1,4.468300688283518,0.0,0.4487815975863766
b0312,betB,0,0,1470,0.0,0.5836734693877551,-,16.4,5.390757578194174,0.0,0.4494645440890442
b0313,betI,0,0,585,0.0,0.5709401709401709,-,1.13,5.85318838375172,0.0,0.4499139530494746
b0314,betT,0,0,2031,0.0,0.5534219596258001,+,2.7,4.627850263395694,0.0,0.45053399091530344
b0315,yahA,0,0,1086,0.0,0.4594843462246777,+,1.27,4.623474817585593,0.0,0.45158361721214774
b0316,yahB,0,0,930,0.0,0.4946236559139785,-,0.079,3.901689902902593,0.0,0.45203690410224634
b0317,yahC,0,0,495,0.0,0.5313131313131313,-,,1.5312468075270589,0.0,0.45238419424808235
b0318,yahD,0,0,603,0.0,0.4560530679933665,+,0.175,2.9072829354077974,0.0,0.4527327770371411
b0319,yahE,0,0,861,0.0,0.4727061556329849,+,0.5,0.845892791072707,0.0,0.45306627898860147
b0320,yahF,0,0,1545,0.0,0.5559870550161812,+,2.05,1.324220876069235,0.0,0.45358118187231616
b0321,yahG,0,0,1416,0.0,0.5840395480225988,+,1.25,1.3949209189219527,0.0,0.4542201785054114
b0323,yahI,1,1,948,0.0010548523206751,0.5632911392405063,+,0.806,1.3349882294777604,0.0,0.454912173510638
b0324,yahJ,0,0,1380,0.0,0.5630434782608695,+,15.1,4.668339731557348,0.0,0.45541888965394217
b0325,yahK,0,0,1047,0.0,0.5339063992359121,+,1004.0,7.53372803471988,0.0,0.45610485232412945
b0326,yahL,0,0,813,0.0,0.3886838868388684,+,0.794,1.0400506625637285,0.0,0.45661113758635935
b0327,yahM,0,0,243,0.0,0.4691358024691358,+,,2.997069581546618,0.0,0.457017458439366
b0328,yahN,0,0,669,0.0,0.4947683109118087,-,,2.4165805291641576,0.0,0.45722212694962916
b0329,yahO,0,0,273,0.0,0.3919413919413919,+,2117.0,9.208648168964787,0.0,0.45748927321565686
b0330,prpR,0,0,1584,0.0,0.55239898989899,-,4.15,2.661799932383469,0.0,0.457932649841048
b0331,prpB,0,0,888,0.0,0.5630630630630631,+,98.8,1.0041284317093853,0.0,0.4585690611876978
b0333,prpC,0,0,1167,0.0,0.5578406169665809,+,76.1,1.0365232698767568,0.0,0.4592020254857538
b0334,prpD,0,0,1449,0.0,0.5707384403036577,+,129.0,0.7516558444100966,0.0,0.45978112964952994
b0335,prpE,0,0,1884,0.0,0.5843949044585988,+,0.186,1.6500374100873114,0.0,0.4605175054054031
b0336,codB,0,0,1257,0.0,0.5401750198886237,+,4.67,6.796792821076179,0.0,0.4613370412086042
b0337,codA,0,0,1281,0.0,0.5347384855581577,+,372.0,7.571199998348267,0.0,0.4618803822432186
b0338,cynR,0,0,897,0.0,0.5507246376811594,-,0.689,3.616668231260833,0.0,0.46249568041723077
b0339,cynT,0,0,657,0.0,0.5753424657534246,+,0.303,2.203993561790305,0.0,0.46287830281115433
b0340,cynS,0,0,468,0.0,0.5064102564102564,+,0.568,3.1223966805375096,0.0,0.4631351079314003
b0341,cynX,0,0,1152,0.0,0.5876736111111112,+,2.39,1.9696200407571127,0.0,0.46349920243913156
b0342,lacA,0,0,609,0.0,0.4302134646962233,-,20.6,2.4497711057691136,0.0,0.46392362029725626
b0343,lacY,0,0,1251,0.0,0.4644284572342126,-,28.3,1.375373914221052,0.0,0.464353639609346
b0344,lacZ,0,0,3072,0.0,0.5631510416666666,-,263.0,1.473767644577037,0.0,0.46530847206985787
b0345,lacI,0,0,1080,0.0,0.5638888888888889,-,215.0,5.399587171713041,0.0,0.4662568413142562
b0346,mhpR,0,0,831,0.0,0.5583634175691937,-,19.0,5.274482320198769,0.0,0.46670237234501855
b0347,mhpA,0,0,1662,0.0,0.5703971119133574,+,0.843,1.3971277348653537,0.0,0.46732284109192157
b0348,mhpB,0,0,942,0.0,0.578556263269639,+,,1.3141113089709575,0.0,0.4678855717748767
b0349,mhpC,0,0,864,0.0,0.5486111111111112,+,2.02,1.9200415996749824,0.0,0.4682832750063986
b0350,mhpD,0,0,807,0.0,0.5526641883519207,+,1.04,2.0266961963807324,0.0,0.46864823127627836
b0351,mhpF,0,0,948,0.0,0.5453586497890295,+,2.89,2.3333939253993967,0.0,0.4690261139783853
b0352,mhpE,0,0,1011,0.0,0.5667655786350149,+,14.9,2.385445450830753,0.0,0.4694475156689903
b0353,mhpT,0,0,1209,0.0,0.5748552522746071,+,,2.385129002455067,0.0,0.47017570468445286
b0354,yaiL,0,0,537,0.0,0.4841713221601489,+,63.6,5.858601845714353,0.0,0.4705966754939836
b0355,frmB,1,1,831,0.0012033694344163,0.4861612515042118,-,4.89,4.740553887148599,0.0,0.47098877727154037
b0356,frmA,0,0,1107,0.0,0.5374887082204155,-,152.0,6.66602083323568,0.0,0.4714476656156041
b0357,frmR,0,0,273,0.0,0.5347985347985348,-,129.0,6.420260479178851,0.0,0.4717609161565753
b0358,yaiO,0,0,771,0.0,0.5019455252918288,-,0.192,2.72967455369777,0.0,0.4720677034814329
b0360,insC1,0,0,363,0.0,0.5344352617079889,+,0.649,0.2008197692278766,0.0,0.4725321932794617
b0361,insD1,0,0,903,0.0,0.5514950166112956,+,2.86,0.6295778501959921,0.0,0.472787705756485
b0363,yaiP,0,0,1194,0.0,0.5008375209380235,-,0.798,1.8970256639860283,0.0,0.4733095027373875
b0364,yaiS,0,0,555,0.0,0.4342342342342342,-,0.152,0.8558288970483241,0.0,0.4737403838116257
b0365,tauA,0,0,960,0.0,0.5645833333333333,+,2.43,2.195675412902392,0.0,0.4743332761697775
b0366,tauB,0,0,765,0.0,0.5607843137254902,+,0.948,2.198376413615187,0.0,0.4747111588718844
b0367,tauC,1,1,825,0.0012121212121212,0.5733333333333334,+,0.436,1.9707902682772225,0.0,0.47505327844482953
b0368,tauD,0,0,849,0.0,0.5465253239104829,+,0.71,2.822804779965461,0.0,0.4754134950228927
b0369,hemB,0,0,972,0.0,0.5411522633744856,-,189.0,7.417744942836475,1.0,0.4758529937186157
b0372,insF1,0,0,864,0.0,0.5520833333333334,-,,4.697953519895294,0.0,0.47711633702828216
b0373,insE1,0,0,297,0.0,0.5016835016835017,-,0.453,5.771506523572228,0.0,0.4773658171702661
b0375,yaiV,0,0,621,0.0,0.3961352657004831,+,0.38,0.9618566320317148,0.0,0.47825601746964225
b0376,ampH,0,0,1155,0.0,0.5541125541125541,-,4.91,5.580710997221152,0.0,0.47863993250678855
b0377,sbmA,1,1,1218,0.0008210180623973,0.5147783251231527,+,0.751,4.534857416516664,0.0,0.47930392024218965
b0378,yaiW,1,1,1092,0.0009157509157509,0.5347985347985348,+,5.6,5.341028780444289,0.0,0.47980805109904834
b0379,yaiY,1,1,306,0.0032679738562091,0.5294117647058824,-,,2.873348099204684,0.0,0.4801355207154694
b0380,yaiZ,0,0,210,0.0,0.4952380952380952,+,1.3,5.012641141327691,0.0,0.48035957887407327
b0381,ddlA,0,0,1092,0.0,0.5119047619047619,-,155.0,6.45738183388411,0.0,0.48065128536133256
b0382,iraP,0,0,258,0.0,0.4689922480620155,+,495.0,7.884833025876019,0.0,0.48114248978596413
b0383,phoA,0,0,1413,0.0,0.535031847133758,+,46.4,4.558429334700295,0.0,0.4815466562335996
b0384,psiF,0,0,318,0.0,0.4779874213836478,+,73.0,6.075406831870138,0.0,0.4819719358538727
b0385,yaiC,0,0,1113,0.0,0.5372866127583109,+,0.046,2.283289382022926,0.0,0.48232482745367383
b0386,proC,0,0,807,0.0,0.5464684014869888,-,313.0,6.840245687907679,0.0,0.48274666002535305
b0387,yaiI,0,0,456,0.0,0.5679824561403509,+,228.0,5.864547092925134,0.0,0.4830715443553287
b0388,aroL,0,0,522,0.0,0.5229885057471264,+,81.6,7.755439747756433,0.0,0.4833619581993652
b0389,yaiA,0,0,189,0.0,0.4867724867724867,+,252.0,8.124782408348223,0.0,0.4835373267965802
b0390,aroM,0,0,675,0.0,0.4666666666666667,+,118.0,5.719314695564976,0.0,0.48383549649995305
b0391,yaiE,0,0,282,0.0,0.524822695035461,+,583.0,8.150996442234288,0.0,0.4840737737340068
b0392,ykiA,0,0,339,0.0,0.4749262536873156,+,,4.978786005725085,0.0,0.48427197902815633
b0393,rdgC,0,0,909,0.0,0.517051705170517,-,198.0,6.591793969209036,0.0,0.4846097897903591
b0394,mak,0,0,906,0.0,0.5584988962472406,+,148.0,5.418012501274257,0.0,0.48505575170219567
b0396,araJ,0,0,1182,0.0,0.5076142131979695,-,0.089,4.087764922991386,0.0,0.48561201916903723
b0397,sbcC,0,0,3144,0.0,0.5384860050890585,-,43.9,4.437339245851117,0.0,0.486599167710117
b0398,sbcD,0,0,1200,0.0,0.5333333333333333,-,0.521,4.5997580285066375,0.0,0.4875346105222882
b0399,phoB,0,0,687,0.0,0.5473071324599709,+,20.5,5.135148849054579,0.0,0.48802366054154855
b0400,phoR,0,0,1293,0.0,0.531322505800464,+,12.7,3.916060565482849,0.0,0.4884760856694987
b0401,brnQ,0,0,1317,0.0,0.5573272589217919,+,5.76,6.071195537794328,0.0,0.489214615830743
b0402,proY,0,0,1371,0.0,0.5302698760029175,+,0.787,5.15336019616205,0.0,0.48982732871830975
b0403,malZ,0,0,1812,0.0,0.5469094922737306,+,0.955,4.519748900127565,0.0,0.4905826632414494
b0404,acpH,0,0,579,0.0,0.533678756476684,-,1.92,4.898374105151416,0.0,0.4911005822926837
b0405,queA,0,0,1068,0.0,0.5430711610486891,+,16.7,5.687487993569547,0.0,0.49149656199990865
b0406,tgt,0,0,1125,0.0,0.5146666666666667,+,43.4,7.457516127141164,0.0,0.49199379875957955
b0407,yajC,0,0,330,0.0,0.5,+,1220.0,9.986901013666264,0.0,0.49231825220848097
b0408,secD,0,0,1845,0.0,0.532249322493225,+,140.0,8.006730814614725,1.0,0.49279954636840506
b0409,secF,0,0,969,0.0,0.5180598555211559,+,72.2,7.651715694435381,1.0,0.49341139749382334
b0410,yajD,0,0,345,0.0,0.472463768115942,+,379.0,6.999418192530175,0.0,0.49375093178032303
b0411,tsx,0,0,882,0.0,0.5056689342403629,-,200.0,8.355990764345474,0.0,0.49409262047219393
b0412,yajI,0,0,537,0.0,0.478584729981378,-,5.81,4.133852310653863,0.0,0.4945278103571746
b0413,nrdR,0,0,447,0.0,0.5167785234899329,+,122.0,7.416612041199515,0.0,0.49480572865005823
b0414,ribD,0,0,1101,0.0,0.5540417801998183,+,52.4,6.852510981444309,1.0,0.495141815887964
b0415,ribE,0,0,468,0.0,0.5235042735042735,+,1600.0,8.262629093623644,1.0,0.49551926770899674
b0416,nusB,0,0,417,0.0,0.539568345323741,+,340.0,8.703321078111808,1.0,0.49571919652744323
b0417,thiL,0,0,975,0.0,0.5456410256410257,+,53.1,5.871128468765802,1.0,0.4960535602410521
b0418,pgpA,0,0,516,0.0,0.5329457364341085,+,11.8,6.88278925354664,0.0,0.49636637990094906
b0419,yajO,0,0,972,0.0,0.5318930041152263,-,245.0,7.024671736707102,0.0,0.49671108476033965
b0420,dxs,0,0,1860,0.0,0.5435483870967742,-,59.7,6.622546652026392,1.0,0.4973996327169723
b0421,ispA,0,0,897,0.0,0.5440356744704571,-,67.7,7.129362189532963,1.0,0.49800502062627705
b0422,xseB,0,0,240,0.0,0.5583333333333333,-,271.0,7.583121159484398,0.0,0.49825105371966705
b0423,thiI,0,0,1446,0.0,0.5228215767634855,+,57.5,6.173447929465497,0.0,0.49870390972869144
b0424,yajL,0,0,588,0.0,0.5663265306122449,-,137.0,6.3725580533731225,0.0,0.49916624512134905
b0425,panE,0,0,909,0.0,0.5192519251925193,-,5.21,6.321555542971095,0.0,0.4994734633272809
b0426,yajQ,0,0,489,0.0,0.5030674846625767,+,1269.0,9.279309269484852,0.0,0.4998478989807939
b0427,yajR,0,0,1362,0.0,0.527165932452276,-,0.164,4.177441061128829,0.0,0.5003029093951895
b0428,cyoE,0,0,888,0.0,0.5394144144144144,-,0.991,8.689456238342071,0.0,0.5008527136459174
b0429,cyoD,0,0,327,0.0,0.5015290519877675,-,16.8,8.990090796102445,0.0,0.5011202907930193
b0430,cyoC,0,0,612,0.0,0.5375816993464052,-,9.44,9.04392908818635,0.0,0.5013236666600598
b0431,cyoB,0,0,1989,0.0,0.5299145299145299,-,113.0,9.278727706299607,0.0,0.5018803650079756
b0432,cyoA,0,0,945,0.0,0.5111111111111111,-,265.0,10.074754789861291,0.0,0.5025228086896648
b0433,ampG,0,0,1473,0.0,0.5376782077393075,-,0.431,5.076293616204226,0.0,0.5032428109647169
b0434,yajG,0,0,576,0.0,0.515625,-,423.0,8.005529990289833,0.0,0.503704284595226
b0435,bolA,0,0,315,0.0,0.4888888888888889,+,248.0,9.265695151408208,0.0,0.5040283071630531
b0436,tig,0,0,1296,0.0,0.5131172839506173,+,2728.0,10.179541184603078,0.0,0.5045246821605756
b0437,clpP,0,0,621,0.0,0.5120772946859904,+,932.0,9.438378665980576,0.0,0.5050443247361068
b0438,clpX,0,0,1272,0.0,0.5165094339622641,+,674.0,9.435360193233132,0.0,0.505507521890913
b0439,lon,0,0,2352,0.0,0.5233843537414966,+,442.0,8.063350077062916,0.0,0.5063701458015379
b0440,hupB,0,0,270,0.0,0.4962962962962963,+,8903.0,10.918311694609184,0.0,0.5070259467965285
b0441,ppiD,0,0,1869,0.0,0.5243445692883895,+,399.0,7.800521477574563,0.0,0.5075701495932914
b0442,ybaV,0,0,369,0.0,0.5528455284552846,+,0.024,3.891046185460525,0.0,0.5081182303197224
b0443,fadM,0,0,396,0.0,0.4646464646464646,+,147.0,4.170883552126634,0.0,0.5083246223542824
b0444,queC,0,0,693,0.0,0.5194805194805194,-,53.6,6.069131055958694,0.0,0.5085822892366769
b0445,ybaE,0,0,1698,0.0,0.5300353356890459,-,0.587,2.614504667664977,0.0,0.5091264920334398
b0446,cof,0,0,816,0.0,0.5159313725490197,+,,4.806264860905293,0.0,0.5097120594133295
b0447,ybaO,0,0,456,0.0,0.5219298245614035,+,3.54,4.929751260669543,0.0,0.510052886343052
b0448,mdlA,0,0,1770,0.0,0.5406779661016949,+,2.54,3.939591006971259,0.0,0.5105462451730548
b0449,mdlB,1,1,1779,0.0005621135469364,0.5632377740303541,+,1.43,3.6814846543958097,,0.5113084737933822
b0450,glnK,0,0,336,0.0,0.5119047619047619,+,227.0,3.693790568151853,0.0,0.5118431972065118
b0451,amtB,0,0,1284,0.0,0.5630841121495327,+,244.0,4.34283646880046,0.0,0.5122059990710204
b0452,tesB,0,0,858,0.0,0.5268065268065268,-,129.0,6.073924595083944,0.0,0.5126894476363157
b0453,ybaY,0,0,570,0.0,0.5421052631578948,+,651.0,8.227005402060987,0.0,0.5130918905596542
b0454,ybaZ,0,0,387,0.0,0.5452196382428941,-,1.18,5.74596278769172,0.0,0.5133120707885899
b0456,ybaA,0,0,351,0.0,0.4957264957264957,+,102.0,4.170847205549017,0.0,0.5136016228704781
b0457,ylaB,0,0,1548,0.0,0.4806201550387597,-,0.414,4.277480088597233,0.0,0.5140299186582709
b0458,ylaC,0,0,468,0.0,0.4743589743589743,-,42.8,6.665991059967545,0.0,0.5145357730394264
b0459,maa,0,0,549,0.0,0.4863387978142076,-,7.45,6.051391944095442,0.0,0.5148055045918996
b0460,hha,0,0,216,0.0,0.412037037037037,-,45.8,9.181418335729791,0.0,0.5150455053502503
b0461,tomB,0,0,372,0.0,0.4059139784946236,-,0.041,8.148519028890393,0.0,0.515184249056155
b0462,acrB,0,0,3147,0.0,0.5398792500794407,-,77.1,7.580389284960389,0.0,0.5161782916944226
b0463,acrA,0,0,1191,0.0,0.5398824517212426,-,480.0,7.88981502946598,0.0,0.5171236447713012
b0464,acrR,0,0,645,0.0,0.4558139534883721,+,1.24,4.953673141238024,0.0,0.5175812404721423
b0465,mscK,0,0,3360,0.0,0.5193452380952381,+,13.1,5.462168406841905,0.0,0.5185003098034924
b0466,ybaM,0,0,159,0.0,0.4842767295597484,-,0.22,4.975037990615308,0.0,0.5193504381629644
b0467,priC,0,0,525,0.0,0.5904761904761905,-,8.02,5.695153837754328,0.0,0.5195046935875417
b0468,ybaN,0,0,375,0.0,0.5226666666666666,+,7.04,6.155228471846557,0.0,0.519729613508294
b0469,apt,0,0,549,0.0,0.546448087431694,+,385.0,8.007126684255425,0.0,0.519995467131099
b0470,dnaX,0,0,1929,0.0,0.5769828926905132,+,14.1,6.60840974898732,1.0,0.5205857742028054
b0471,ybaB,0,0,327,0.0,0.5290519877675841,+,1241.0,8.999201795312409,0.0,0.5210955065136292
b0472,recR,0,0,603,0.0,0.5804311774461028,+,10.3,7.885584778259075,0.0,0.5212967279752985
b0473,htpG,0,0,1872,0.0,0.5288461538461539,+,741.0,7.780793321314993,0.0,0.5218784174255201
b0474,adk,0,0,642,0.0,0.5202492211838006,+,1951.0,9.3201403208437,1.0,0.5224988861724231
b0475,hemH,0,0,960,0.0,0.540625,+,6.7,5.205208280541232,1.0,0.5229465716085566
b0476,aes,1,1,957,0.0010449320794148,0.5214211076280042,-,3.15,2.56077813304606,0.0,0.5233589247966026
b0477,gsk,0,0,1302,0.0,0.5199692780337941,+,16.7,5.862952169179101,0.0,0.5239121760959244
b0478,ybaL,0,0,1674,0.0,0.5555555555555556,-,14.7,6.166592342936568,0.0,0.5246114960794132
b0479,fsr,0,0,1218,0.0,0.5246305418719212,-,3.81,4.249135155997189,0.0,0.5253379615705788
b0480,ushA,0,0,1650,0.0,0.5096969696969696,+,174.0,6.493582358737851,0.0,0.5260506388673688
b0481,ybaK,0,0,477,0.0,0.5115303983228512,-,119.0,6.473045674211935,0.0,0.5265254698111793
b0482,ybaP,0,0,792,0.0,0.5429292929292929,-,1.53,5.476557861596124,0.0,0.5268878407946136
b0483,ybaQ,0,0,339,0.0,0.4513274336283185,+,6.73,7.630324824571709,0.0,0.5271916119519516
b0484,copA,0,0,2502,0.0,0.583533173461231,-,132.0,8.096561895177368,0.0,0.5279409141400518
b0485,glsA,0,0,930,0.0,0.532258064516129,+,48.0,5.725880179838467,0.0,0.5287940586670435
b0486,ybaT,0,0,1290,0.0,0.5341085271317829,+,0.311,5.09677603174392,0.0,0.5292744910648192
b0487,cueR,0,0,405,0.0,0.5876543209876544,+,6.98,6.864977854153125,0.0,0.5296941692311272
b0488,ybbJ,0,0,456,0.0,0.5767543859649122,-,16.8,5.245555240886341,0.0,0.5298811716173466
b0489,qmcA,0,0,915,0.0,0.5289617486338798,-,50.9,5.971751400606214,0.0,0.5301758942721255
b0490,ybbL,1,1,675,0.0014814814814814,0.4562962962962963,+,11.0,5.096811987555711,0.0,0.5305822151251322
b0491,ybbM,0,0,777,0.0,0.462033462033462,+,5.44,4.620846253960562,0.0,0.5308902950932125
b0492,ybbN,0,0,852,0.0,0.5598591549295775,-,445.0,7.800414427697755,0.0,0.5312694704385421
b0493,ybbO,0,0,807,0.0,0.5439900867410161,-,38.1,6.17109531984996,0.0,0.5316538163567627
b0494,tesA,0,0,624,0.0,0.530448717948718,-,48.7,6.172659490971957,0.0,0.5319588801573233
b0495,ybbA,0,0,684,0.0,0.5672514619883041,+,9.42,5.058054600635877,0.0,0.532227749947648
b0496,ybbP,0,0,2412,0.0,0.5762852404643449,+,1.24,3.931926577674631,0.0,0.5328943229694945
b0497,rhsD,0,0,4278,0.0,0.6016830294530154,+,0.504,3.1236634652259303,0.0,0.5345221916679664
b0498,ybbC,1,1,366,0.0027322404371584,0.3087431693989071,+,0.334,3.5128532328202784,0.0,0.5355407945274656
b0499,ylbH,0,0,705,0.0,0.4482269503546099,+,,1.8940070924617476,0.0,0.5357734703075543
b0501,ybbD,0,0,488,0.0,0.3299180327868852,+,,1.6016328179605108,0.0,0.5360233813306124
b0502,ylbG,0,0,423,0.0,0.4869976359338061,-,,4.91748444571141,0.0,0.5364197919189116
b0503,selU,0,0,1092,0.0,0.5576923076923077,-,2.36,3.840177581295167,0.0,0.5367963819777959
b0504,allS,0,0,924,0.0,0.525974025974026,-,0.7,1.5225247906440356,0.0,0.5372613026568989
b0505,allA,0,0,480,0.0,0.5125,+,11.2,2.8138884586746418,0.0,0.5376637455802373
b0506,allR,0,0,813,0.0,0.5276752767527675,+,74.5,7.712585664947904,0.0,0.5379765652401344
b0507,gcl,0,0,1779,0.0,0.5300730747611018,+,1.21,2.1082725372901865,0.0,0.538574628171177
b0508,hyi,0,0,774,0.0,0.4483204134366925,+,6.82,1.4589521578880775,0.0,0.5391313265190928
b0509,glxR,1,1,876,0.0011415525114155,0.5079908675799086,+,35.0,1.6622137091278693,0.0,0.5395307532749116
b0511,ybbW,1,1,1452,0.0006887052341597,0.4710743801652892,+,,0.4843105127859758,,0.5401059795090196
b0512,allB,0,0,1359,0.0,0.5172921265636498,+,13.1,1.9410937684905936,0.0,0.5407380820449271
b0513,ybbY,1,1,1299,0.0007698229407236,0.5134719014626636,+,,1.875460649306372,0.0,0.5413361449759697
b0514,glxK,0,0,1143,0.0,0.5573053368328958,+,1.9,2.6547060809206235,0.0,0.5418725919133963
b0515,ylbA,0,0,783,0.0,0.4636015325670498,-,65.5,4.99270296676564,0.0,0.5423866330349626
b0516,allC,0,0,1233,0.0,0.5150040551500406,-,2.78,3.434094760833704,0.0,0.5428265626117598
b0517,allD,0,0,1047,0.0,0.5253104106972302,-,1.96,0.7887052100531903,0.0,0.543328108182173
b0518,fdrA,0,0,1665,0.0,0.5567567567567567,+,0.013,0.6163975518642595,0.0,0.5440498339815221
b0520,ylbF,0,0,813,0.0,0.5694956949569495,+,2.23,1.5336541431193804,0.0,0.5451356542886024
b0521,ybcF,0,0,891,0.0,0.5701459034792368,+,,1.7088795123990184,0.0,0.5455023340827792
b0522,purK,0,0,1065,0.0,0.5661971830985916,-,69.9,7.117395436280607,0.0,0.5460086193450091
b0523,purE,0,0,507,0.0,0.591715976331361,-,616.0,7.290596702004908,0.0,0.5463468609882861
b0524,lpxH,0,0,720,0.0,0.5472222222222223,-,5.9,5.973437709820416,1.0,0.5466631276967769
b0525,ppiB,0,0,492,0.0,0.4817073170731707,-,1344.0,10.2076139187335,0.0,0.5469263960331365
b0526,cysS,0,0,1383,0.0,0.5459146782357195,+,247.0,6.945495092987226,1.0,0.5474059666687636
b0527,ybcI,0,0,519,0.0,0.5337186897880539,-,,2.161357295854568,0.0,0.5478321080511852
b0528,ybcJ,0,0,210,0.0,0.5523809523809524,-,225.0,6.172757789784728,0.0,0.5480367765614483
b0529,folD,0,0,864,0.0,0.5451388888888888,-,149.0,7.89863538530016,1.0,0.5482698832226113
b0530,sfmA,0,0,540,0.0,0.4481481481481481,+,,1.857719772768592,0.0,0.5487761684848411
b0531,sfmC,0,0,690,0.0,0.427536231884058,+,0.295,0.329842289084058,0.0,0.5491368159439786
b0532,sfmD,0,0,2601,0.0,0.4786620530565167,+,0.131,1.393948202108575,0.0,0.5498598343865503
b0533,sfmH,0,0,981,0.0,0.45565749235474,+,0.136,0.7226046280666407,0.0,0.550647915871332
b0534,sfmF,0,0,513,0.0,0.5029239766081871,+,,1.018712065469454,0.0,0.550975385487753
b0535,fimZ,0,0,630,0.0,0.3682539682539683,-,1.14,1.513964974222039,0.0,0.5512240038675885
b0537,intD,0,0,1161,0.0,0.4702842377260982,-,14.1,5.733263393711064,0.0,0.55175484935105
b0539,exoD,0,0,276,0.0,0.5036231884057971,-,,1.8210544269529008,,0.5521172203344844
b0540,insE1,0,0,297,0.0,0.5016835016835017,+,0.453,0.3587065541302427,0.0,0.55244210466446
b0541,insF1,0,0,864,0.0,0.5520833333333334,+,,0.9319574902502874,0.0,0.5526920156875181
b0542,renD,0,0,303,0.0,0.5016501650165016,+,,,0.0,0.552646342293649
b0543,emrE,0,0,330,0.0,0.4151515151515151,+,2.28,5.337760046127031,0.0,0.5530841174650749
b0544,ybcK,0,0,1524,0.0,0.3562992125984252,+,2.37,1.2949175106403634,0.0,0.553594280656973
b0545,ybcL,0,0,549,0.0,0.424408014571949,+,1.84,3.6694761367809385,0.0,0.5542418949115531
b0546,ybcM,0,0,795,0.0,0.3635220125786163,+,0.629,4.974019601561127,0.0,0.554536617566332
b0547,ybcN,0,0,453,0.0,0.5077262693156733,+,,0.7834005668377594,0.0,0.5548989885497664
b0548,ninE,0,0,168,0.0,0.4880952380952381,+,0.424,,0.0,0.5550338543260029
b0549,ybcO,0,0,288,0.0,0.5347222222222222,+,,0.499915332496505,0.0,0.555129940805558
b0550,rusA,0,0,360,0.0,0.5333333333333333,+,,0.6148965656308119,0.0,0.555269115392537
b0551,quuD,0,0,381,0.0,0.4330708661417323,+,8.24,2.426672942932337,0.0,0.5555254896317087
b0552,insH1,0,0,1014,0.0,0.5483234714003945,-,0.589,7.185102830092305,0.0,0.5559985970512222
b0553,nmpC,0,0,1095,0.0,0.4429223744292237,-,,,0.0,0.5561847376752932
b0554,essD,0,0,213,0.0,0.4835680751173709,+,0.962,2.468999803228806,0.0,0.5569723882790006
b0555,rrrD,0,0,495,0.0,0.4767676767676768,+,0.339,2.8015680158089142,0.0,0.5571257819414295
b0556,rzpD,0,0,459,0.0,0.514161220043573,+,3.74,1.7930878966333668,0.0,0.5573308813327669
b0557,borD,0,0,291,0.0,0.4192439862542955,-,256.0,7.555086024585504,0.0,0.5575071116921303
b0558,ybcV,0,0,408,0.0,0.3186274509803921,-,,1.1346906189242931,0.0,0.5577841682228655
b0559,ybcW,0,0,204,0.0,0.3970588235294117,+,9.34,3.7896152191401,0.0,0.558040111580963
b0560,nohD,0,0,543,0.0,0.5285451197053407,+,,0.7392966783367192,0.0,0.5585239910273325
b0561,tfaD,0,0,435,0.0,0.4919540229885057,+,,0.8361886247519326,0.0,0.5588566312166444
b0562,ybcY,0,0,654,0.0,0.4113149847094801,-,,3.2492391291153164,0.0,0.5591155907422616
b0563,tfaX,0,0,180,0.0,0.4777777777777778,+,,2.371994703900611,0.0,0.5593590385492062
b0564,appY,1,1,747,0.001338688085676,0.3172690763052209,+,0.863,5.963670260638683,0.0,0.5597946593152611
b0565,ompT,0,0,951,0.0,0.4353312302839117,-,702.0,11.861116463618746,0.0,0.5602690593779973
b0566,envY,0,0,759,0.0,0.463768115942029,-,2.95,2.568993265849489,0.0,0.560859797330778
b0567,ybcH,0,0,888,0.0,0.5247747747747747,-,3.37,3.245443857631164,0.0,0.5612945563346843
b0568,nfrA,0,0,2970,0.0,0.5511784511784512,-,1.62,3.5382748585367145,0.0,0.5621270185701125
b0569,nfrB,0,0,2235,0.0,0.5257270693512305,-,1.95,2.7824376112117872,0.0,0.5632434314334638
b0570,cusS,0,0,1440,0.0,0.5215277777777778,-,74.0,4.966821171564985,0.0,0.5641008847711978
b0571,cusR,0,0,681,0.0,0.540381791483113,-,144.0,6.319976157728069,0.0,0.5645541716612964
b0572,cusC,0,0,1371,0.0,0.512764405543399,+,76.6,5.956556403554681,0.0,0.5650647657342688
b0573,cusF,0,0,330,0.0,0.4575757575757576,+,215.0,7.277963232497948,0.0,0.5655003865003236
b0574,cusB,0,0,1221,0.0,0.5577395577395577,+,70.9,5.928328722920875,0.0,0.5658420751921945
b0575,cusA,0,0,3141,0.0,0.5574657752308182,+,5.83,4.753311967334608,0.0,0.5667878591501474
b0576,pheP,0,0,1374,0.0,0.5262008733624454,+,0.267,5.17262803508049,0.0,0.567805600247498
b0577,ybdG,0,0,1245,0.0,0.4763052208835341,-,6.12,5.385600985979354,0.0,0.5684053867028377
b0578,nfsB,0,0,651,0.0,0.5176651305683564,-,771.0,7.874033649149284,0.0,0.5688612588793818
b0579,ybdF,0,0,366,0.0,0.4754098360655737,-,49.2,5.560859473647981,0.0,0.5691219419292959
b0580,ybdJ,0,0,246,0.0,0.5121951219512195,-,,4.837424442306708,0.0,0.5692826605699867
b0581,ybdK,0,0,1116,0.0,0.5206093189964157,-,71.9,5.469032377376988,0.0,0.5696053904945911
b0582,insL1,0,0,1110,0.0,0.5207207207207207,+,1.33,5.32905407048967,0.0,0.5703796837849973
b0583,entD,1,1,618,0.0016181229773462,0.4773462783171521,-,0.371,4.289392885781097,0.0,0.5708743352582227
b0584,fepA,0,0,2238,0.0,0.5411081322609472,-,236.0,6.35924297513317,0.0,0.5715658993823751
b0585,fes,0,0,1122,0.0,0.5508021390374331,+,25.3,5.4077788503665625,0.0,0.5724289541740742
b0586,entF,0,0,3879,0.0,0.5658674916215519,+,116.0,6.026024307250719,0.0,0.5736009506960023
b0587,fepE,1,1,1131,0.0008841732979664,0.4509283819628647,+,3.0,1.2022460619568922,0.0,0.5747742398611528
b0588,fepC,0,0,813,0.0,0.5412054120541205,-,26.1,5.073653677752108,0.0,0.5751926253842382
b0589,fepG,0,0,990,0.0,0.5828282828282828,-,0.756,4.103924842129718,0.0,0.5755808492321268
b0590,fepD,0,0,1002,0.0,0.6107784431137725,-,0.208,4.588820604315702,0.0,0.5760095759009939
b0591,entS,0,0,1248,0.0,0.5817307692307693,+,1.38,4.728289428926283,0.0,0.5765430066709007
b0592,fepB,0,0,954,0.0,0.5524109014675053,-,66.1,5.4879331248215255,0.0,0.5770199920200825
b0593,entC,0,0,1173,0.0,0.566069906223359,+,147.0,6.260828970228797,0.0,0.5776404607669855
b0594,entE,0,0,1608,0.0,0.5609452736318408,+,142.0,6.120467595676513,0.0,0.5782449869141417
b0595,entB,1,1,855,0.0011695906432748,0.5555555555555556,+,369.0,6.517040309802041,0.0,0.5787822956137169
b0596,entA,0,0,744,0.0,0.581989247311828,+,121.0,6.368970239786489,0.0,0.5791278622352559
b0597,entH,0,0,411,0.0,0.5693430656934306,+,37.4,6.444323136860677,0.0,0.5793786350204625
b0598,cstA,0,0,2103,0.0,0.5729909652876842,+,301.0,6.086244111428546,0.0,0.5799991037673656
b0599,ybdH,0,0,1086,0.0,0.5524861878453039,-,21.3,5.494989684278418,0.0,0.580855264461877
b0600,ybdL,0,0,1158,0.0,0.538860103626943,+,8.39,5.2642120797444685,0.0,0.5813865408264126
b0601,ybdM,0,0,627,0.0,0.4688995215311005,-,0.082,3.498919535351112,0.0,0.5817721793878559
b0602,ybdN,0,0,1218,0.0,0.4770114942528735,-,0.458,1.807781986665005,0.0,0.5821591105925218
b0603,ybdO,0,0,900,0.0,0.3866666666666666,-,0.337,1.7282484494125048,0.0,0.5826796149302016
b0604,dsbG,0,0,744,0.0,0.4704301075268817,-,18.6,5.800178612453383,0.0,0.5831247150798896
b0605,ahpC,0,0,561,0.0,0.5026737967914439,+,4777.0,12.094715137449349,0.0,0.5835667990620581
b0606,ahpF,0,0,1563,0.0,0.5323096609085093,+,437.0,7.80002864874043,0.0,0.5841308223882359
b0607,uspG,0,0,426,0.0,0.5023474178403756,-,1410.0,7.696975670330527,0.0,0.5846125474292343
b0608,ybdR,0,0,1236,0.0,0.5016181229773463,+,52.9,4.283492360414744,0.0,0.5850666960814813
b0610,rnk,0,0,408,0.0,0.5514705882352942,-,154.0,6.787198100110297,,0.5855212756148026
b0611,rna,0,0,804,0.0,0.513681592039801,-,33.4,6.937505664395842,0.0,0.5858823539550143
b0612,citT,0,0,1461,0.0,0.5071868583162218,-,25.3,1.5231271373306257,0.0,0.5864200935356636
b0613,citG,0,0,876,0.0,0.5490867579908676,-,0.111,0.3541625180609642,0.0,0.5869466302083827
b0614,citX,1,1,549,0.0018214936247723,0.5865209471766849,-,0.541,0.4934865470932191,0.0,0.5872435072685328
b0615,citF,1,1,1530,0.0006535947712418,0.5647058823529412,-,61.0,0.6704640938593539,0.0,0.587694208872186
b0616,citE,0,0,906,0.0,0.5772626931567328,-,67.2,0.4315573222685488,0.0,0.5882246234745733
b0617,citD,1,1,294,0.0034013605442176,0.5612244897959183,-,44.7,,0.0,0.588482721238042
b0618,citC,0,0,1056,0.0,0.509469696969697,-,0.504,0.2840320750291077,0.0,0.5887808909414148
b0619,dpiB,1,1,1656,0.0006038647342995,0.501207729468599,+,5.17,3.794308120082455,0.0,0.5895293313673666
b0620,dpiA,0,0,678,0.0,0.5058997050147492,+,4.97,4.323352032867938,0.0,0.5900196740298497
b0621,dcuC,0,0,1383,0.0,0.5104844540853217,-,15.6,2.78906656735487,0.0,0.5904820094225073
b0622,pagP,0,0,558,0.0,0.4695340501792114,+,0.467,3.4167378015113026,0.0,0.5911550456604674
b0623,cspE,0,0,207,0.0,0.4444444444444444,+,2917.0,12.863145620404245,0.0,0.5913959081809667
b0624,crcB,0,0,381,0.0,0.4881889763779528,-,1.03,5.75558981812618,0.0,0.59154671655695
b0627,tatE,0,0,201,0.0,0.5024875621890548,+,21.7,7.871039415150963,0.0,0.5921077237156082
b0628,lipA,0,0,963,0.0,0.5358255451713395,-,158.0,7.697117452423325,0.0,0.5924028772514613
b0629,ybeF,0,0,951,0.0,0.4490010515247108,-,0.077,2.0659555468548687,0.0,0.5929061463461716
b0630,lipB,0,0,639,0.0,0.4788732394366197,-,23.1,6.558229488300454,0.0,0.5933611567605671
b0631,ybeD,0,0,261,0.0,0.4674329501915709,-,1218.0,8.114705672230102,0.0,0.5935994339946209
b0632,dacA,0,0,1209,0.0,0.4946236559139785,-,267.0,7.636255697251079,0.0,0.5939643902645007
b0633,rlpA,0,0,1086,0.0,0.5736648250460405,-,39.1,7.38642869175195,0.0,0.5945197959691937
b0634,mrdB,0,0,1110,0.0,0.5216216216216216,-,4.12,5.925926363459895,1.0,0.5949985048426724
b0635,mrdA,1,1,1899,0.0005265929436545,0.5260663507109005,-,3.45,5.659784710795425,1.0,0.5956487043836979
b0636,rlmH,0,0,465,0.0,0.5849462365591398,-,20.0,6.625143150782412,0.0,0.5961722248888973
b0637,rsfS,0,0,315,0.0,0.5174603174603175,-,118.0,7.632387366093504,0.0,0.5963428537942956
b0638,cobC,0,0,609,0.0,0.5123152709359606,-,0.912,4.563806521537717,0.0,0.5966548116920442
b0639,nadD,0,0,639,0.0,0.5007824726134585,-,2.33,6.086132965354264,1.0,0.596934884390299
b0640,holA,0,0,1029,0.0,0.5238095238095238,-,2.24,6.327394891932532,1.0,0.5972959627305106
b0641,lptE,0,0,579,0.0,0.5233160621761658,-,196.0,8.062954489455215,1.0,0.5976432528763466
b0642,leuS,0,0,2580,0.0,0.5341085271317829,-,581.0,8.371298554185543,1.0,0.5983313699519051
b0643,ybeL,0,0,480,0.0,0.5291666666666667,+,522.0,7.967536130777914,0.0,0.599092736810084
b0644,ybeQ,0,0,975,0.0,0.4707692307692308,-,0.751,2.050018997039278,0.0,0.5994370107884003
b0645,ybeR,0,0,705,0.0,0.4581560283687943,+,2.95,0.5745208544150043,0.0,0.599870477149084
b0646,djlB,0,0,1425,0.0,0.4750877192982456,+,0.883,1.0744183095400446,0.0,0.6003289346120735
b0647,ybeT,0,0,552,0.0,0.4293478260869565,-,,1.26494760671386,0.0,0.6007602465673859
b0648,ybeU,0,0,705,0.0,0.4765957446808511,+,,1.343972065566157,0.0,0.6010756515137283
b0649,djlC,0,0,1449,0.0,0.4775707384403037,+,0.025,2.851702669586717,0.0,0.6015392795496086
b0650,hscC,0,0,1668,0.0,0.5011990407673861,-,1.61,2.0296281431825247,0.0,0.6022377377709488
b0651,rihA,0,0,933,0.0,0.5101822079314041,-,144.0,4.8025926293275,0.0,0.602834938939843
b0652,gltL,0,0,723,0.0,0.5255878284923928,-,48.8,5.845925589943241,0.0,0.6032434141982208
b0653,gltK,0,0,672,0.0,0.5044642857142857,-,5.86,5.075241137083889,0.0,0.6035450309501875
b0654,gltJ,0,0,738,0.0,0.5271002710027101,-,6.17,5.316168761645592,0.0,0.603849663869674
b0655,gltI,0,0,906,0.0,0.488962472406181,-,1192.0,8.400034803911415,0.0,0.6042779596574668
b0656,insH1,0,0,1014,0.0,0.5483234714003945,-,0.589,6.873973254565255,0.0,0.6048001875194435
b0657,lnt,0,0,1536,0.0,0.5579427083333334,-,5.36,5.986044981060981,1.0,0.6054926134057443
b0658,ybeX,0,0,876,0.0,0.5171232876712328,-,110.0,8.57059532359289,0.0,0.6060238897702801
b0659,ybeY,1,1,465,0.0021505376344086,0.5204301075268817,-,78.2,7.878324213724848,0.0,0.6063522211488496
b0660,ybeZ,0,0,1038,0.0,0.5443159922928709,-,310.0,8.07131163977574,0.0,0.6066758128356025
b0661,miaB,0,0,1422,0.0,0.5428973277074542,-,75.8,7.128209313755748,0.0,0.6072725831234225
b0662,ubiF,0,0,1173,0.0,0.5720375106564365,+,51.4,6.386998339960792,0.0,0.6078952062756967
b0674,asnB,1,1,1662,0.0006016847172081,0.5222623345367028,-,318.0,7.378441705647686,0.0,0.6090400572899476
b0675,nagD,0,0,750,0.0,0.5306666666666666,-,140.0,7.129576572793947,0.0,0.6097316214141
b0676,nagC,1,1,1218,0.0008210180623973,0.5311986863711001,-,44.2,6.67327158773516,0.0,0.6101771524448623
b0677,nagA,1,1,1146,0.0008726003490401,0.5191972076788831,-,133.0,6.653345995737625,0.0,0.6106911935664285
b0678,nagB,0,0,798,0.0,0.4899749373433584,-,320.0,6.870361433725,0.0,0.6111367245971908
b0679,nagE,0,0,1944,0.0,0.5483539094650206,+,211.0,5.956863404992252,0.0,0.6118718077098413
b0680,glnS,0,0,1662,0.0,0.5258724428399518,+,487.0,8.35491992066219,1.0,0.6127370169069116
b0681,chiP,0,0,1404,0.0,0.5128205128205128,+,,1.7448108675147802,0.0,0.6136470377357027
b0682,chiQ,0,0,324,0.0,0.4845679012345679,+,0.026,2.525340016638121,0.0,0.614041724799705
b0683,fur,0,0,444,0.0,0.481981981981982,-,603.0,9.550948202229083,0.0,0.6142442389045969
b0684,fldA,0,0,528,0.0,0.490530303030303,-,616.0,9.03498953516059,1.0,0.61457903349928
b0685,ybfE,0,0,291,0.0,0.5429553264604811,-,19.7,6.124317469124775,0.0,0.6148164489711853
b0686,ybfF,0,0,762,0.0,0.510498687664042,-,107.0,5.835391484100967,0.0,0.6151047084098507
b0687,seqA,0,0,543,0.0,0.4990791896869245,+,185.0,8.25204942547787,0.0,0.6154662176311365
b0688,pgm,0,0,1638,0.0,0.5537240537240538,+,527.0,8.149529164784907,0.0,0.6159483735532091
b0689,ybfP,0,0,492,0.0,0.4573170731707317,+,0.864,3.2406423841962324,0.0,0.6165003322093082
b0691,ybfG,0,0,648,0.0,0.4429012345679012,-,,1.7659120024086232,,0.6167644623078162
b0692,potE,0,0,1317,0.0,0.507213363705391,-,0.0003,3.195548700607818,0.0,0.6173388267797758
b0693,speF,0,0,2196,0.0,0.4936247723132969,-,24.5,1.1526092373769803,0.0,0.6180954539461382
b0694,kdpE,0,0,675,0.0,0.5674074074074074,-,4.28,4.3051862650943375,0.0,0.6189714351700645
b0695,kdpD,0,0,2682,0.0,0.5760626398210291,-,6.94,4.68578071427773,0.0,0.6196944536126362
b0696,kdpC,0,0,570,0.0,0.5385964912280702,-,0.13,3.944915369148189,0.0,0.6203929118339764
b0697,kdpB,0,0,2046,0.0,0.5625610948191594,-,1.13,2.285141496886498,0.0,0.6209612439708966
b0698,kdpA,0,0,1671,0.0,0.5553560742070617,-,0.133,1.4250044009238247,0.0,0.6217725930336871
b0699,ybfA,0,0,204,0.0,0.5049019607843137,+,130.0,7.4156334926005725,0.0,0.6223508354353149
b0700,rhsC,3,1,4191,0.0007158196134574,0.5919828203292771,+,0.687,2.613974657971492,0.0,0.6234030470186046
b0702,ybfB,0,0,324,0.0,0.3148148148148148,+,,1.7081524812068407,0.0,0.624376838246383
b0703,ybfO,0,0,1518,0.0,0.5527009222661396,+,,1.6403354811213389,0.0,0.6247878987912062
b0704,ybfC,0,0,567,0.0,0.3686067019400352,+,0.119,3.019441259823405,0.0,0.6252364459894882
b0705,ybfL,0,0,1134,0.0,0.4135802469135802,+,,0.9968871579040935,0.0,0.6258651014768017
b0706,ybfD,0,0,759,0.0,0.3965744400527009,+,2.81,1.3465579038057502,0.0,0.6263300221559048
b0707,ybgA,0,0,507,0.0,0.504930966469428,+,5.93,5.678150626191261,0.0,0.6266674020370334
b0708,phr,0,0,1416,0.0,0.5360169491525424,+,1.88,4.890650003452014,0.0,0.6270814787493763
b0709,dtpD,0,0,1479,0.0,0.5253549695740365,-,0.047,4.246186667138339,0.0,0.6277704575870833
b0710,ybgI,0,0,741,0.0,0.5371120107962213,+,367.0,7.733654086496373,0.0,0.6283663661127546
b0711,ybgJ,0,0,654,0.0,0.5795107033639144,+,59.2,7.448398773300097,0.0,0.6286778931294289
b0712,ybgK,0,0,930,0.0,0.5559139784946237,+,62.8,7.080577402662142,0.0,0.6290174274159286
b0713,ybgL,0,0,732,0.0,0.5792349726775956,+,10.8,6.439913718747242,0.0,0.6293720425400267
b0714,nei,0,0,789,0.0,0.5247148288973384,+,1.5,5.142094578338584,0.0,0.6297158856372688
b0715,abrB,0,0,1044,0.0,0.5622605363984674,-,0.023,2.853886362538131,0.0,0.630110572701271
b0716,ybgO,0,0,1059,0.0,0.449480642115203,-,7.02,1.588909938028906,0.0,0.630629784395728
b0717,ybgP,0,0,726,0.0,0.477961432506887,-,,1.2498889527405173,0.0,0.6310141303139486
b0718,ybgQ,0,0,2445,0.0,0.5002044989775051,-,0.073,0.5720362149282129,0.0,0.6317044017948782
b0719,ybgD,0,0,564,0.0,0.4698581560283688,-,0.609,0.9802583011685791,0.0,0.6323795924382095
b0720,gltA,0,0,1281,0.0,0.5081967213114754,-,1446.0,10.133099130982105,0.0,0.6329457701697585
b0721,sdhC,0,0,387,0.0,0.4961240310077519,+,107.0,8.425656419242113,0.0,0.6336114814294566
b0722,sdhD,0,0,345,0.0,0.5130434782608696,+,249.0,7.73498802395811,0.0,0.6337674603783309
b0723,sdhA,0,0,1764,0.0,0.5640589569160998,+,742.0,8.278809203086526,0.0,0.6342229016738006
b0724,sdhB,0,0,714,0.0,0.5182072829131653,+,870.0,8.40013926471825,0.0,0.634764519184118
b0726,sucA,0,0,2799,0.0,0.5573419078242229,+,642.0,8.45513300251525,0.0,0.6356517033159745
b0727,sucB,0,0,1215,0.0,0.5596707818930041,+,1311.0,9.29807364063078,0.0,0.6365238066102328
b0728,sucC,0,0,1164,0.0,0.5446735395189003,+,1955.0,9.265189904813944,0.0,0.6371559091461402
b0729,sucD,1,1,867,0.0011534025374855,0.5397923875432526,+,1797.0,9.251250891238293,0.0,0.6375941151986405
b0730,mngR,0,0,720,0.0,0.4833333333333333,-,3.03,4.71803079180512,0.0,0.6379819081654549
b0731,mngA,1,1,1974,0.0005065856129685,0.5466058763931104,+,0.167,0.6106141395812722,0.0,0.6386101327716942
b0732,mngB,0,0,2631,0.0,0.4937286202964652,+,1.58,3.3188784198224397,0.0,0.6396106386260754
b0733,cydA,0,0,1566,0.0,0.5300127713920817,+,604.0,8.329572295626948,0.0,0.6408808760329296
b0734,cydB,0,0,1137,0.0,0.5400175901495162,+,401.0,8.058302810013464,0.0,0.6414707522235618
b0735,ybgE,0,0,291,0.0,0.5017182130584192,+,,7.004882015027865,0.0,0.6418344158502188
b0736,ybgC,0,0,402,0.0,0.4975124378109453,+,21.8,7.485904218118485,0.0,0.6420494255062638
b0737,tolQ,1,1,690,0.0014492753623188,0.5072463768115942,+,71.4,7.163967565788705,0.0,0.6422842556917235
b0738,tolR,0,0,426,0.0,0.5211267605633803,+,43.5,6.743539973772914,0.0,0.6425272726175939
b0739,tolA,0,0,1263,0.0,0.5241488519398259,+,49.5,6.51633891175365,0.0,0.6429198052762249
b0740,tolB,0,0,1290,0.0,0.5317829457364341,+,801.0,9.38610157889067,0.0,0.6435282093530493
b0741,pal,0,0,519,0.0,0.5163776493256262,+,627.0,11.054003612388048,0.0,0.6439336684439074
b0742,ybgF,0,0,789,0.0,0.4968314321926489,+,252.0,8.87070379877733,0.0,0.6442206352393501
b0750,nadA,0,0,1041,0.0,0.5033621517771374,+,31.7,8.092421485848776,0.0,0.6453465274863346
b0751,pnuC,1,1,717,0.00139470013947,0.4839609483960948,+,4.32,7.844435636530156,0.0,0.6457425071935595
b0752,zitB,0,0,939,0.0,0.5324813631522897,-,0.916,5.067784026702833,0.0,0.6460988458419545
b0753,ybgS,0,0,378,0.0,0.5079365079365079,-,1566.0,7.095081612808827,0.0,0.6464327786744891
b0754,aroG,2,1,1050,0.0019047619047619,0.5228571428571429,+,681.0,9.894317519718127,0.0,0.646877447943103
b0755,gpmA,0,0,750,0.0,0.512,-,4017.0,10.699423342760058,0.0,0.6473341818817955
b0756,galM,0,0,1038,0.0,0.5578034682080925,-,573.0,8.054870859212132,0.0,0.6478072893013092
b0757,galK,0,0,1146,0.0,0.5296684118673648,-,331.0,6.135607763789352,0.0,0.6482760879100803
b0758,galT,0,0,1044,0.0,0.5593869731800766,-,441.0,5.401523761397544,0.0,0.6487504879728165
b0759,galE,0,0,1014,0.0,0.5453648915187377,-,419.0,6.194371966972128,0.0,0.6491990351710986
b0760,modF,0,0,1470,0.0,0.5272108843537415,-,20.5,6.751245648300079,0.0,0.6498475111878271
b0761,modE,0,0,786,0.0,0.5279898218829516,-,54.6,5.622738749386367,0.0,0.6503637067147645
b0762,acrZ,0,0,147,0.0,0.4149659863945578,+,,7.749651674420307,0.0,0.6506209427160847
b0763,modA,0,0,771,0.0,0.5110246433203631,+,490.0,5.744122651667911,0.0,0.6508915360307063
b0764,modB,0,0,687,0.0,0.5429403202328966,+,0.864,4.909607296428306,0.0,0.6512065100959744
b0765,modC,0,0,1056,0.0,0.5359848484848485,+,20.7,4.66141915402634,0.0,0.6515843927980813
b0766,ybhA,1,1,816,0.0012254901960784,0.5171568627450981,-,12.6,5.397339622441407,0.0,0.651988990126791
b0767,pgl,0,0,993,0.0,0.552870090634441,+,648.0,7.911524594772255,0.0,0.6524461549465578
b0768,ybhD,0,0,951,0.0,0.4490010515247108,-,2.63,1.5128421954982878,0.0,0.6528834992369096
b0769,ybhH,1,1,1050,0.0009523809523809,0.4885714285714285,+,0.223,0.4876604301075765,0.0,0.6533949550720304
b0770,ybhI,0,0,1431,0.0,0.4989517819706499,+,4.0,0.6971545677458035,0.0,0.6539628563278763
b0771,ybhJ,0,0,2259,0.0,0.5152722443559097,+,0.599,1.711133494621584,0.0,0.6548375449085799
b0772,ybhC,0,0,1281,0.0,0.5347384855581577,-,65.8,7.21928940541001,0.0,0.6557018923435018
b0773,ybhB,0,0,474,0.0,0.5274261603375527,-,198.0,7.361474425676331,0.0,0.6561465616121157
b0774,bioA,0,0,1287,0.0,0.5641025641025641,-,17.5,5.984172909441515,0.0,0.6565520207029738
b0775,bioB,0,0,1038,0.0,0.5558766859344894,+,7.63,6.835360509560724,0.0,0.6570914838079202
b0776,bioF,0,0,1152,0.0,0.5815972222222222,+,4.77,5.917337882736038,0.0,0.6575628677031368
b0777,bioC,0,0,753,0.0,0.5670650730411687,+,0.561,5.664289728451276,0.0,0.6579683267939949
b0778,bioD,0,0,675,0.0,0.5377777777777778,+,66.4,6.137527471832942,0.0,0.6582738214756299
b0779,uvrB,0,0,2019,0.0,0.5364041604754829,+,72.9,6.636384097655074,0.0,0.6591045601867611
b0780,ybhK,0,0,906,0.0,0.5154525386313465,-,2.69,5.456294820823043,0.0,0.6598185301267738
b0781,moaA,0,0,987,0.0,0.5430597771023303,+,0.93,7.532124357721598,0.0,0.6603980651716242
b0782,moaB,0,0,510,0.0,0.5235294117647059,+,739.0,8.301552811550767,0.0,0.6607311362420104
b0783,moaC,0,0,483,0.0,0.5631469979296067,+,112.0,7.642432257014127,0.0,0.6609470076602038
b0784,moaD,0,0,243,0.0,0.5637860082304527,+,77.4,6.839469767123075,0.0,0.661101263084781
b0785,moaE,0,0,450,0.0,0.5688888888888889,+,138.0,7.155291625064765,0.0,0.6612525023418386
b0786,ybhL,0,0,702,0.0,0.4886039886039886,+,18.2,7.789247463166827,0.0,0.661560582309919
b0787,ybhM,0,0,711,0.0,0.4233473980309423,+,0.142,2.956564183402077,0.0,0.6619539767306984
b0788,ybhN,0,0,954,0.0,0.5241090146750524,-,0.819,3.757383960822308,0.0,0.66232927414636
b0789,clsB,0,0,1239,0.0,0.5447941888619855,-,3.15,4.8864468603384505,0.0,0.6628023815658736
b0790,ybhP,0,0,759,0.0,0.5559947299077734,-,3.28,5.605135362388707,0.0,0.6632324008779633
b0791,ybhQ,0,0,408,0.0,0.5465686274509803,+,,5.057553864791805,0.0,0.6635422043703405
b0792,ybhR,0,0,1104,0.0,0.5244565217391305,-,4.52,4.091547199720956,0.0,0.6638524387437921
b0793,ybhS,0,0,1131,0.0,0.5517241379310345,-,0.434,3.9502151953911127,0.0,0.6643393343576812
b0794,ybhF,0,0,1734,0.0,0.5565167243367936,-,1.66,5.091222280495298,0.0,0.6649546325316935
b0795,ybhG,0,0,996,0.0,0.571285140562249,-,20.4,5.598518547147417,0.0,0.6655406307926575
b0796,ybiH,0,0,669,0.0,0.5426008968609866,-,2.49,5.337277408261775,0.0,0.6658999856085721
b0797,rhlE,0,0,1362,0.0,0.5682819383259912,+,17.5,5.372499824600752,0.0,0.6664372943081471
b0798,ybiA,0,0,480,0.0,0.50625,-,8.49,3.512946609203332,0.0,0.6669349619488923
b0799,dinG,0,0,2148,0.0,0.5414338919925512,+,0.359,3.982627936612519,0.0,0.6675537071714984
b0800,ybiB,0,0,960,0.0,0.5583333333333333,+,264.0,7.076553231899325,0.0,0.6682362227930918
b0801,ybiC,0,0,1083,0.0,0.5577100646352724,+,251.0,8.209463918795564,0.0,0.6687377683635051
b0802,ybiJ,0,0,258,0.0,0.5116279069767442,-,7.19,6.463870358100976,0.0,0.669126423092468
b0803,ybiI,0,0,264,0.0,0.5265151515151515,-,,5.725718621559135,0.0,0.6693539282996657
b0804,ybiX,0,0,675,0.0,0.5303703703703704,-,63.4,5.001206190507785,0.0,0.6695887584851256
b0805,fiu,0,0,2280,0.0,0.5385964912280702,-,99.5,5.863617337603236,0.0,0.6702445594801162
b0806,mcbA,0,0,258,0.0,0.5310077519379846,-,0.237,5.612056258734175,0.0,0.6709063928101461
b0807,rlmF,1,1,924,0.001082251082251,0.5432900432900433,+,12.6,5.159428664689856,0.0,0.6712808284636591
b0808,ybiO,0,0,2223,0.0,0.5339631129104814,-,0.46,3.6874748577724974,0.0,0.6719581735123615
b0809,glnQ,0,0,720,0.0,0.5416666666666666,-,363.0,7.5607448992214,0.0,0.6727057521761649
b0810,glnP,0,0,657,0.0,0.5357686453576864,-,41.8,7.3643117198899635,0.0,0.6730017674741665
b0811,glnH,0,0,744,0.0,0.489247311827957,-,2411.0,9.25611746925204,0.0,0.6733645693386751
b0812,dps,0,0,501,0.0,0.4930139720558882,-,2612.0,11.242507253131528,0.0,0.673807515082992
b0813,rhtA,0,0,885,0.0,0.536723163841808,-,0.795,3.399584243737924,0.0,0.6742358108707848
b0814,ompX,0,0,513,0.0,0.5165692007797271,+,1320.0,11.78531728342618,0.0,0.6746899595230319
b0815,ybiP,0,0,1581,0.0,0.4845034788108792,-,1.21,3.564944022169204,0.0,0.6751630669425455
b0817,mntR,0,0,465,0.0,0.5419354838709678,+,14.4,6.484604145760972,0.0,0.6758572163531432
b0818,ybiR,0,0,1116,0.0,0.5232974910394266,+,0.121,4.220972515345982,0.0,0.6761976124017914
b0819,ybiS,0,0,918,0.0,0.5315904139433552,-,643.0,8.112236558063353,0.0,0.6766621021998203
b0820,ybiT,0,0,1590,0.0,0.5289308176100629,+,131.0,6.928999645954364,0.0,0.6772976517843217
b0821,ybiU,0,0,1263,0.0,0.5566112430720507,-,16.7,5.088847013300617,0.0,0.6780167922972252
b0822,ybiV,0,0,813,0.0,0.4674046740467404,-,26.1,6.1435397105237,0.0,0.6785304025377171
b0823,ybiW,0,0,2430,0.0,0.5506172839506173,-,17.6,2.055448368431718,0.0,0.6792930620391189
b0824,ybiY,0,0,897,0.0,0.5429208472686734,-,1.99,0.8267481621432649,0.0,0.6800130643141709
b0825,fsaA,0,0,660,0.0,0.543939393939394,+,214.0,3.690994065432494,0.0,0.6804060278538762
b0826,moeB,0,0,747,0.0,0.5542168674698795,-,4.81,5.553583751161619,0.0,0.6807425459728562
b0827,moeA,0,0,1233,0.0,0.5652879156528792,-,149.0,5.9077915467430975,0.0,0.6811699799985005
b0828,iaaA,0,0,963,0.0,0.5659397715472482,+,10.5,8.080341571877497,0.0,0.6817318489193072
b0829,gsiA,0,0,1869,0.0,0.5409309791332263,+,6.78,6.97418768916006,0.0,0.6823372368286119
b0830,gsiB,0,0,1536,0.0,0.5234375,+,220.0,6.731616353431101,0.0,0.6830805066816729
b0831,gsiC,0,0,918,0.0,0.5370370370370371,+,6.57,5.751562106876181,0.0,0.6836178153812479
b0832,gsiD,0,0,909,0.0,0.5313531353135313,+,0.917,4.711547342792354,0.0,0.6840133642073986
b0833,yliE,1,1,2346,0.0004262574595055,0.4160272804774083,+,4.62,4.448330203595747,0.0,0.6847923971896213
b0834,yliF,0,0,1326,0.0,0.4358974358974359,+,1.08,4.007002692872453,0.0,0.685587803652665
b0835,rimO,0,0,1323,0.0,0.527588813303099,-,53.0,6.095763277215786,0.0,0.6861794033675941
b0836,bssR,0,0,381,0.0,0.4881889763779528,+,3.01,7.305956661906804,0.0,0.6866391534738063
b0837,yliI,0,0,1113,0.0,0.5175202156334232,+,0.516,4.230234488496528,0.0,0.6870097111976512
b0838,gstB,0,0,624,0.0,0.5224358974358975,-,620.0,7.745183390025483,0.0,0.68738371597009
b0839,dacC,0,0,1200,0.0,0.5183333333333333,+,364.0,7.352331831240734,0.0,0.6878839688972805
b0840,deoR,0,0,756,0.0,0.5092592592592593,-,4.74,6.341873973756342,0.0,0.6883264837605232
b0841,ybjG,0,0,594,0.0,0.5168350168350169,-,4.52,6.038232620939407,0.0,0.6886431813500883
b0842,mdfA,0,0,1230,0.0,0.5252032520325203,+,1.85,4.588050588224639,0.0,0.6891598077580999
b0843,ybjH,0,0,282,0.0,0.5354609929078015,-,,4.535980829346732,0.0,0.6895040817364163
b0844,ybjI,1,1,813,0.001230012300123,0.4575645756457565,-,9.18,5.631809800056575,0.0,0.6897776912185575
b0845,ybjJ,0,0,1206,0.0,0.5497512437810945,-,0.551,4.470432094102811,0.0,0.6902137428656866
b0846,ybjK,0,0,534,0.0,0.5168539325842697,+,1.75,3.8648729251741374,0.0,0.6906256651726583
b0847,ybjL,0,0,1683,0.0,0.5163398692810458,-,2.16,5.701715757630828,0.0,0.6911793473530544
b0848,ybjM,0,0,375,0.0,0.5013333333333333,+,5.81,4.286030094090181,0.0,0.6917399236306384
b0849,grxA,0,0,255,0.0,0.4509803921568627,-,133.0,5.676082490305341,0.0,0.6918894393633991
b0850,ybjC,1,1,285,0.0035087719298245,0.5052631578947369,+,,5.7053526237137495,0.0,0.6920755799874699
b0851,nfsA,0,0,720,0.0,0.5277777777777778,+,132.0,6.346711064923534,0.0,0.6922862808327724
b0852,rimK,0,0,900,0.0,0.5633333333333334,+,1.59,5.388688253274448,0.0,0.6926624400105824
b0853,ybjN,0,0,474,0.0,0.4852320675105485,+,4.23,7.02393950844582,0.0,0.6929972346052655
b0854,potF,0,0,1110,0.0,0.5099099099099099,+,709.0,7.170674649432521,0.0,0.6934905934352683
b0855,potG,0,0,1131,0.0,0.5534924845269673,+,21.7,5.629896174362247,0.0,0.6940149757026163
b0856,potH,0,0,951,0.0,0.5099894847528917,+,0.26,4.324440583440411,0.0,0.694468693473789
b0857,potI,0,0,843,0.0,0.5480427046263345,+,1.32,4.678169078308916,0.0,0.6948547629163065
b0858,ybjO,1,1,486,0.0020576131687242,0.5246913580246914,+,0.038,4.598769981960852,0.0,0.6951680134572777
b0859,rlmC,0,0,1125,0.0,0.5475555555555556,+,2.57,4.265001714843313,0.0,0.6955334006082318
b0860,artJ,1,1,729,0.0013717421124828,0.4499314128943759,-,479.0,8.660779629475387,0.0,0.6960194344599724
b0861,artM,0,0,666,0.0,0.524024024024024,-,2.49,6.24958098675523,0.0,0.6964464376045425
b0862,artQ,0,0,714,0.0,0.5518207282913166,-,5.82,6.369365256570743,0.0,0.6967446073079153
b0863,artI,0,0,729,0.0,0.50480109739369,-,860.0,7.991531912407253,0.0,0.6970591504921093
b0864,artP,0,0,726,0.0,0.5289256198347108,-,160.0,7.442228388316447,0.0,0.6973814495356395
b0865,ybjP,0,0,513,0.0,0.5419103313840156,-,285.0,8.008453752689737,0.0,0.6977429587569254
b0866,ybjQ,0,0,321,0.0,0.5420560747663551,+,248.0,7.259100143582545,0.0,0.6979777889423852
b0867,amiD,0,0,828,0.0,0.5615942028985508,+,5.04,6.311253878697757,0.0,0.698225114678998
b0868,ybjS,0,0,1011,0.0,0.5459940652818991,-,6.98,5.526152135695292,0.0,0.6986206635051486
b0869,ybjT,1,1,1428,0.0007002801120448,0.5511204481792717,-,2.18,5.503082785804182,0.0,0.6991898574042172
b0870,ltaE,0,0,999,0.0,0.5635635635635635,-,165.0,7.036341096734725,0.0,0.6997181176012334
b0871,poxB,0,0,1716,0.0,0.5413752913752914,-,452.0,7.304661727755794,0.0,0.7003200584619441
b0872,hcr,0,0,966,0.0,0.5559006211180124,-,8.38,2.2164007152675342,0.0,0.7009560389275198
b0873,hcp,1,1,1650,0.0006060606060606,0.5484848484848485,-,14.5,1.7466016741146269,0.0,0.7015256637076627
b0874,ybjE,0,0,897,0.0,0.483835005574136,-,2.7,5.322119577344282,0.0,0.7021370839520067
b0875,aqpZ,0,0,693,0.0,0.5252525252525253,-,,4.263262439608528,0.0,0.7026937822999225
b0876,ybjD,0,0,1656,0.0,0.5320048309178744,+,17.2,5.005539781245634,0.0,0.7033844846619264
b0877,ybjX,0,0,990,0.0,0.501010101010101,-,10.7,7.510033970598085,0.0,0.7039541094420694
b0878,macA,0,0,1113,0.0,0.5309973045822103,+,10.8,5.592383577342698,0.0,0.7044573785367796
b0879,macB,0,0,1944,0.0,0.5401234567901234,+,3.3,4.801028209441346,0.0,0.7051157648182156
b0880,cspD,0,0,222,0.0,0.4864864864864865,-,737.0,9.838192284253514,0.0,0.7056147251021835
b0881,clpS,0,0,318,0.0,0.4528301886792453,+,9.03,8.00814548272969,0.0,0.7058710993413552
b0882,clpA,0,0,2274,0.0,0.5268249780123131,+,256.0,9.24448213171373,0.0,0.7064437402890178
b0884,infA,0,0,216,0.0,0.4861111111111111,-,820.0,9.879084429836306,1.0,0.707276202524446
b0885,aat,0,0,702,0.0,0.5413105413105413,-,1.88,6.01121271110571,0.0,0.7075976398058278
b0886,cydC,1,1,1719,0.0005817335660267,0.5386852821407795,-,25.1,5.813802521893035,0.0,0.7081379646729224
b0887,cydD,0,0,1764,0.0,0.5374149659863946,-,41.9,5.257946969669132,0.0,0.7088898521474681
b0888,trxB,0,0,963,0.0,0.5379023883696781,-,571.0,8.57363287256863,0.0,0.7095310031859347
b0889,lrp,0,0,492,0.0,0.4817073170731707,+,1188.0,10.266685350339364,0.0,0.7100803765555884
b0890,ftsK,0,0,3987,0.0,0.5405066466014548,+,17.8,6.905578593971782,1.0,0.7111041499879784
b0891,lolA,0,0,609,0.0,0.5106732348111659,+,308.0,7.415318030167728,1.0,0.7121636865495302
b0892,rarA,0,0,1341,0.0,0.5369127516778524,+,12.2,5.98832525669021,0.0,0.7125893970508775
b0893,serS,1,1,1290,0.0007751937984496,0.5279069767441861,+,773.0,8.903542167044412,1.0,0.7131965084844792
b0894,dmsA,0,0,2442,0.0,0.5278460278460279,+,24.5,3.811497455306769,0.0,0.7141043749078991
b0895,dmsB,0,0,615,0.0,0.5186991869918699,+,12.5,3.704716890384452,0.0,0.7147683626433002
b0896,dmsC,0,0,861,0.0,0.5481997677119629,+,0.543,3.747699652314151,0.0,0.7150880764003851
b0897,ycaC,0,0,624,0.0,0.4647435897435897,-,1046.0,7.801768072082659,0.0,0.7154241636382909
b0898,ycaD,0,0,1146,0.0,0.5218150087260035,+,,5.272431681923501,0.0,0.7159416518084509
b0899,ycaM,0,0,1428,0.0,0.4726890756302521,+,0.112,1.7852151037169337,0.0,0.716587542538734
b0900,ycaN,0,0,906,0.0,0.4679911699779249,-,0.112,3.912218743730721,0.0,0.7170916733955928
b0901,ycaK,0,0,588,0.0,0.4302721088435374,+,2.82,2.963254409024869,0.0,0.717457491427621
b0902,pflA,0,0,738,0.0,0.505420054200542,-,124.0,6.83500230323738,0.0,0.717779359590077
b0903,pflB,0,0,2280,0.0,0.512719298245614,-,3746.0,10.568701186149363,0.0,0.7185131500595047
b0904,focA,0,0,855,0.0,0.4912280701754385,-,72.1,7.914235643238596,0.0,0.7192129009240675
b0905,ycaO,0,0,1758,0.0,0.5164960182025028,-,30.0,6.199724307788278,0.0,0.719951861966386
b0906,ycaP,0,0,690,0.0,0.4768115942028985,+,1.51,5.045233977847242,0.0,0.7205361367030532
b0907,serC,0,0,1086,0.0,0.5027624309392266,+,1386.0,10.497113005686938,0.0,0.7210053661928986
b0908,aroA,0,0,1281,0.0,0.5081967213114754,+,174.0,8.379294480522026,0.0,0.7215465528221418
b0909,ycaL,0,0,762,0.0,0.5013123359580053,+,0.008,3.398337141495482,0.0,0.7220605939437079
b0910,cmk,0,0,681,0.0,0.5389133627019089,+,251.0,8.575314731119166,0.0,0.7224466633862254
b0911,rpsA,0,0,1671,0.0,0.5128665469778576,+,3487.0,11.383301964659966,1.0,0.7230020690909185
b0912,ihfB,0,0,282,0.0,0.4964539007092198,+,1898.0,10.568945679246411,0.0,0.7234928426344758
b0913,ycaI,1,1,2262,0.0004420866489832,0.4951370468611848,+,,2.478624080650921,0.0,0.7241314083864969
b0914,msbA,0,0,1746,0.0,0.5091638029782359,+,43.6,6.718246652296208,1.0,0.7250116984211655
b0915,lpxK,0,0,984,0.0,0.5477642276422764,+,1.36,5.484366498588126,1.0,0.7255994202064265
b0916,ycaQ,0,0,1230,0.0,0.524390243902439,+,2.11,3.583138099298785,0.0,0.7260932099175035
b0917,ycaR,0,0,180,0.0,0.4833333333333333,+,505.0,6.563313466939514,0.0,0.7264202486528504
b0918,kdsB,0,0,744,0.0,0.5295698924731183,+,202.0,7.409811410918846,1.0,0.7266188848280741
b0919,ycbJ,0,0,891,0.0,0.5252525252525253,+,13.5,5.1025024628458615,0.0,0.7270381321133079
b0920,ycbC,0,0,777,0.0,0.5225225225225225,-,15.6,4.1720166108645245,0.0,0.7273884384266636
b0921,smtA,0,0,783,0.0,0.5159642401021711,+,3.09,6.543053240330345,0.0,0.7277839872528143
b0922,mukF,0,0,1320,0.0,0.5287878787878788,+,75.5,5.906923788839666,1.0,0.7282368432618387
b0923,mukE,0,0,702,0.0,0.5185185185185185,+,197.0,6.841718765860141,1.0,0.7286651390496315
b0924,mukB,0,0,4458,0.0,0.55697622252131,+,69.5,6.758914532316235,1.0,0.7297776739833146
b0925,ycbB,0,0,1845,0.0,0.532249322493225,+,10.9,6.604278507704422,0.0,0.7312487019707639
b0926,ycbK,0,0,546,0.0,0.4981684981684982,+,17.8,8.93867987307078,0.0,0.7318428869721384
b0927,ycbL,0,0,645,0.0,0.517829457364341,+,149.0,8.256985970621992,0.0,0.732111756762463
b0928,aspC,0,0,1188,0.0,0.5235690235690236,-,1492.0,9.388421824725125,0.0,0.7326033920681688
b0929,ompF,0,0,1086,0.0,0.4788213627992633,-,1045.0,12.427441556190528,0.0,0.7331738786104602
b0930,asnS,2,1,1398,0.0014306151645207,0.525035765379113,-,1047.0,9.259642572538953,1.0,0.7339697159545783
b0931,pncB,0,0,1200,0.0,0.5133333333333333,-,138.0,8.454128798687575,0.0,0.7346031111337085
b0932,pepN,1,1,2610,0.0003831417624521,0.5348659003831417,+,361.0,7.055292722694783,0.0,0.735539415708028
b0933,ssuB,0,0,765,0.0,0.5581699346405229,-,0.542,3.2544304408088824,0.0,0.7362857017286087
b0934,ssuC,0,0,789,0.0,0.55893536121673,-,0.1,1.366588901970951,0.0,0.7366200654422176
b0935,ssuD,0,0,1143,0.0,0.5713035870516185,-,3.2,2.0736468190832107,0.0,0.7370418980138967
b0936,ssuA,0,0,957,0.0,0.5245559038662487,-,5.23,1.66497130027265,0.0,0.7374938922607727
b0937,ssuE,0,0,573,0.0,0.5445026178010471,-,0.233,1.5063217628149816,0.0,0.7378213618771937
b0938,elfA,0,0,537,0.0,0.4264432029795158,+,,2.4730466762646848,0.0,0.7382147562979732
b0939,elfD,0,0,699,0.0,0.4520743919885551,+,1.22,0.8974447591910394,0.0,0.7385176656931627
b0940,elfC,0,0,2598,0.0,0.4792147806004619,+,0.782,1.9795592845224548,0.0,0.739239822373586
b0941,elfG,0,0,1068,0.0,0.4840823970037453,+,0.023,3.1425297145902724,0.0,0.7400266112151449
b0942,ycbU,0,0,540,0.0,0.4722222222222222,+,0.666,2.576984533199532,0.0,0.7403790719338719
b0943,ycbV,0,0,513,0.0,0.4756335282651072,+,,2.610983243703063,0.0,0.7406100241896635
b0944,ycbF,0,0,708,0.0,0.518361581920904,+,0.194,3.2733783736344804,0.0,0.7408711381206519
b0945,pyrD,0,0,1008,0.0,0.4712301587301587,+,207.0,6.839145558311359,0.0,0.7412895236437372
b0946,zapC,0,0,540,0.0,0.4962962962962963,+,0.999,6.572522627893461,0.0,0.7416988606642635
b0947,ycbX,0,0,1107,0.0,0.5049683830171635,-,64.2,6.047350726064199,0.0,0.7420530449072873
b0948,rlmL,0,0,2106,0.0,0.5427350427350427,+,25.8,6.024587018718463,0.0,0.7428514675378507
b0949,uup,0,0,1905,0.0,0.5244094488188976,+,28.1,6.313308913088592,0.0,0.7437214164267377
b0950,pqiA,0,0,1251,0.0,0.5227817745803357,+,0.889,4.8008080497693975,0.0,0.744458223063685
b0951,pqiB,1,1,1638,0.0006105006105006,0.5024420024420024,+,23.1,5.421233296971707,0.0,0.745083862383479
b0952,ymbA,0,0,561,0.0,0.5240641711229946,+,16.8,5.660739244807087,0.0,0.7455569698029926
b0953,rmf,0,0,165,0.0,0.5454545454545454,+,1025.0,11.971837860809991,0.0,0.7458245469500945
b0954,fabA,0,0,516,0.0,0.5329457364341085,-,1232.0,9.425297590558502,1.0,0.7460025008337549
b0955,ycbZ,0,0,1758,0.0,0.518202502844141,-,5.47,6.45026913529067,0.0,0.7465230051714347
b0956,matP,0,0,450,0.0,0.4644444444444444,+,157.0,6.4667260713791,0.0,0.7470797035193505
b0957,ompA,1,1,1038,0.0009633911368015,0.5394990366088632,-,5812.0,13.572833147237404,0.0,0.7474338877623743
b0958,sulA,0,0,507,0.0,0.4852071005917159,-,0.454,6.347248087162871,0.0,0.7479212142573377
b0959,sxy,0,0,627,0.0,0.4832535885167464,+,0.181,4.936709441296144,0.0,0.7482607485438374
b0960,yccS,1,1,2151,0.00046490004649,0.5230125523012552,-,3.82,4.774969936170917,0.0,0.748844161518356
b0961,yccF,0,0,444,0.0,0.4864864864864865,-,66.0,5.813484318986583,0.0,0.7494124936552762
b0962,helD,0,0,2052,0.0,0.5311890838206628,+,40.4,5.917700004301333,0.0,0.7500040933702052
b0963,mgsA,0,0,456,0.0,0.5307017543859649,-,272.0,8.304859040250017,0.0,0.7505590681938241
b0964,yccT,0,0,660,0.0,0.5075757575757576,-,0.595,4.083077032356805,0.0,0.7508417261785244
b0965,yccU,0,0,411,0.0,0.5474452554744526,+,490.0,7.3593055281757,0.0,0.7511476517412335
b0966,hspQ,0,0,315,0.0,0.5619047619047619,-,259.0,8.678628552531695,0.0,0.7513243129816711
b0967,rlmI,0,0,1188,0.0,0.5193602693602694,-,47.5,6.3198121884594975,0.0,0.7516741884139526
b0968,yccX,0,0,276,0.0,0.5289855072463768,+,77.9,6.036428504642444,0.0,0.7520313888244962
b0969,tusE,0,0,327,0.0,0.4709480122324159,-,34.5,6.411518555839252,0.0,0.7521606531467676
b0970,yccA,0,0,657,0.0,0.5144596651445966,-,40.8,9.384171964757677,0.0,0.752412718575197
b0972,hyaA,0,0,1116,0.0,0.5618279569892473,+,18.2,1.6397641499540017,0.0,0.7531064371047205
b0973,hyaB,0,0,1791,0.0,0.5661641541038526,+,47.9,1.7913708269987316,0.0,0.7537320764245143
b0974,hyaC,0,0,705,0.0,0.5191489361702127,+,4.38,2.136702627085446,0.0,0.7542788645077226
b0975,hyaD,0,0,585,0.0,0.5897435897435898,+,,2.7735563513803627,0.0,0.7545563519195321
b0976,hyaE,0,0,396,0.0,0.5681818181818182,+,1.5,2.2519461577648263,0.0,0.7547674836459088
b0977,hyaF,0,0,855,0.0,0.5508771929824562,+,1.69,2.415487807699488,0.0,0.7550363534362334
b0978,appC,0,0,1542,0.0,0.5415045395590142,+,7.47,4.114764874294866,0.0,0.7556115796703415
b0979,appB,0,0,1134,0.0,0.5335097001763669,+,,4.232876690405101,0.0,0.7561941308827116
b0980,appA,0,0,1296,0.0,0.5401234567901234,+,6.16,4.596425588488678,0.0,0.7567982261487936
b0981,etk,1,1,2178,0.0004591368227731,0.5059687786960514,-,13.9,4.05287464925042,0.0,0.7575970796604312
b0982,etp,1,1,444,0.0022522522522522,0.527027027027027,-,31.5,3.275951935571285,0.0,0.7581714441323908
b0983,gfcE,0,0,1137,0.0,0.5109938434476693,-,20.6,2.696073850294521,0.0,0.7585075313702966
b0984,gfcD,0,0,2094,0.0,0.5205348615090736,-,6.69,1.833985525826832,0.0,0.759224517477829
b0985,gfcC,0,0,744,0.0,0.5241935483870968,-,5.4,1.9451038279915749,0.0,0.7598367994843215
b0986,gfcB,0,0,642,0.0,0.4766355140186916,-,0.054,1.8837097288938256,0.0,0.7601349691876944
b0987,gfcA,0,0,303,0.0,0.5808580858085809,-,,3.330602312116881,0.0,0.7603853110918268
b0988,insB1,0,0,501,0.0,0.5508982035928144,+,,0.7473667436873472,0.0,0.7606813263898284
b0989,cspH,0,0,210,0.0,0.4761904761904761,-,0.528,1.6116577772643754,0.0,0.7610221533195509
b0990,cspG,0,0,210,0.0,0.4476190476190476,+,123.0,4.67172842941215,0.0,0.7612367320945215
b0991,ymcE,0,0,228,0.0,0.4166666666666667,+,,3.502739359350256,0.0,0.7614069301188456
b0992,yccM,0,0,1071,0.0,0.4929971988795518,-,0.056,2.0143607581346155,0.0,0.7617787804859132
b0993,torS,1,1,2742,0.0003646973012399,0.5379285193289569,-,1.78,2.3598821528254543,0.0,0.7626323558939792
b0994,torT,0,0,1026,0.0,0.5360623781676414,+,9.52,2.6679143675650554,0.0,0.7634807607291542
b0995,torR,0,0,690,0.0,0.5246376811594203,-,2.57,4.79852299691623,0.0,0.7638396846639947
b0996,torC,0,0,1170,0.0,0.5136752136752136,+,4.98,0.8315184728304346,0.0,0.7642972803648356
b0997,torA,0,0,2544,0.0,0.5534591194968553,+,0.977,2.0343955274355987,0.0,0.7650982882818445
b0998,torD,0,0,597,0.0,0.5360134003350083,+,,2.5886532754082747,0.0,0.7657743406873243
b0999,cbpM,0,0,303,0.0,0.5445544554455446,-,28.9,6.93002194896877,0.0,0.7660345928561642
b1000,cbpA,0,0,918,0.0,0.5305010893246187,-,302.0,7.550072500290856,0.0,0.7662987229546722
b1001,yccE,0,0,1254,0.0,0.3421052631578947,+,1.65,1.6326908576384624,0.0,0.7668799815238195
b1002,agp,0,0,1239,0.0,0.5173527037933817,+,584.0,5.841612935245287,0.0,0.7675439692592206
b1003,yccJ,0,0,225,0.0,0.4755555555555555,-,1100.0,9.444482289217808,0.0,0.7678766094485325
b1004,wrbA,0,0,594,0.0,0.5420875420875421,-,1880.0,9.288113748531703,0.0,0.7680631809536776
b1006,rutG,0,0,1326,0.0,0.5414781297134238,-,,3.1579112928741018,0.0,0.7688236860497082
b1007,rutF,0,0,492,0.0,0.5934959349593496,-,,2.134983036591505,0.0,0.7692252672108982
b1008,rutE,0,0,588,0.0,0.5748299319727891,-,,1.540100390343611,0.0,0.7694635444449519
b1009,rutD,0,0,798,0.0,0.581453634085213,-,1.38,1.4810524040605106,0.0,0.7697673156022898
b1010,rutC,0,0,384,0.0,0.5416666666666666,-,0.032,1.6293638015325438,0.0,0.770026275127907
b1011,rutB,0,0,690,0.0,0.5565217391304348,-,0.15,1.2904141900759962,0.0,0.7702636905998123
b1012,rutA,0,0,1146,0.0,0.5514834205933682,-,0.014,1.5868503739969888,0.0,0.7706601011881115
b1013,rutR,1,1,636,0.0015723270440251,0.5157232704402516,+,5.47,4.783767699306218,0.0,0.7711444115155552
b1014,putA,1,1,3960,0.0002525252525252,0.5702020202020202,-,56.9,4.387564643378748,0.0,0.7721526732292727
b1015,putP,0,0,1506,0.0,0.5378486055776892,+,20.3,6.044611854639273,0.0,0.773513395661717
b1018,efeO,0,0,1125,0.0,0.5146666666666667,+,163.0,6.655168609989319,0.0,0.7746970259726494
b1019,efeB,1,1,1269,0.0007880220646178,0.5390070921985816,+,3.18,5.783774589203659,0.0,0.7752162376671065
b1020,phoH,0,0,1062,0.0,0.5235404896421846,+,2.34,6.831523899873331,0.0,0.7758681607324289
b1021,pgaD,0,0,411,0.0,0.4452554744525547,-,,2.8710015948720984,0.0,0.7762076950189286
b1022,pgaC,0,0,1323,0.0,0.4678760393046107,-,0.579,1.8550037881325732,0.0,0.7765829924345901
b1023,pgaB,0,0,2016,0.0,0.4449404761904761,-,0.193,1.7297124661293624,0.0,0.7773004094231968
b1024,pgaA,0,0,2421,0.0,0.4737711689384551,-,3.59,2.567491443241233,0.0,0.7782608433376738
b1025,ycdT,0,0,1356,0.0,0.3864306784660767,+,0.377,3.715010673325975,0.0,0.779328566639636
b1026,insF1,0,0,864,0.0,0.5520833333333334,-,,4.515220029745644,0.0,0.7798253725182327
b1027,insE1,0,0,297,0.0,0.5016835016835017,-,0.453,5.540150294985294,0.0,0.7800748526602167
b1028,ymdE,0,0,339,0.0,0.4365781710914454,+,,,0.0,0.7802420345170211
b1029,ycdU,0,0,984,0.0,0.4054878048780488,+,0.032,1.0326139072640128,0.0,0.7805268469070925
b1033,ghrA,0,0,936,0.0,0.5138888888888888,+,181.0,7.031435631714594,0.0,0.7813967957959795
b1034,ycdX,0,0,735,0.0,0.4857142857142857,+,52.6,7.414889357750143,0.0,0.7817811417142
b1035,ycdY,0,0,552,0.0,0.5380434782608695,+,253.0,7.289839728762669,0.0,0.7820698320339396
b1036,ycdZ,0,0,489,0.0,0.5398773006134969,+,0.034,5.893367350731984,0.0,0.7823387018242642
b1037,csgG,0,0,831,0.0,0.5018050541516246,-,22.4,4.896045543309353,0.0,0.7826515214841613
b1038,csgF,0,0,414,0.0,0.427536231884058,-,60.4,4.48921150786669,0.0,0.7829324559445645
b1039,csgE,0,0,387,0.0,0.4341085271317829,-,2.18,4.919858324251643,0.0,0.7831164421632643
b1040,csgD,1,1,648,0.0015432098765432,0.419753086419753,-,35.2,5.936789239566155,0.0,0.7833426547272394
b1041,csgB,0,0,453,0.0,0.4216335540838852,+,1.12,1.838346082952501,0.0,0.7839058162912688
b1042,csgA,0,0,453,0.0,0.5143487858719646,+,256.0,4.06694308757588,0.0,0.7841195333040909
b1043,csgC,0,0,330,0.0,0.4303030303030303,+,85.0,2.1790959004698025,0.0,0.7843147224307208
b1044,ymdA,0,0,309,0.0,0.4401294498381877,+,,3.5376046327495967,0.0,0.784505171865534
b1045,ymdB,0,0,531,0.0,0.5178907721280602,+,108.0,6.059095431578776,0.0,0.7847279373809153
b1046,clsC,0,0,1419,0.0,0.5081042988019733,+,6.18,4.801965869207899,0.0,0.7851497699525944
b1047,opgC,1,1,1155,0.0008658008658008,0.4398268398268398,-,10.7,3.6099351226970606,0.0,0.7857086227058815
b1048,opgG,1,1,1533,0.0006523157208088,0.4996738421395955,+,443.0,7.888195887407921,0.0,0.786458355775056
b1049,opgH,0,0,2541,0.0,0.5501770956316411,+,35.3,7.054360202162211,0.0,0.787333906117908
b1050,yceK,0,0,225,0.0,0.5066666666666667,+,,3.20303491572774,0.0,0.7880052188315712
b1051,msyB,0,0,372,0.0,0.5053763440860215,-,906.0,9.036468571079885,0.0,0.7881353449159911
b1053,mdtG,0,0,1224,0.0,0.5253267973856209,-,0.084,3.027823529772192,,0.7885158129045434
b1054,waaM,0,0,918,0.0,0.5315904139433552,-,2.48,5.686765553488528,0.0,0.78905225984197
b1055,yceA,0,0,1050,0.0,0.4990476190476191,+,8.82,6.581208969222884,0.0,0.7895740568228725
b1056,yceI,0,0,573,0.0,0.4764397905759162,-,125.0,6.575038245876636,0.0,0.7899424601413463
b1057,yceJ,0,0,564,0.0,0.5141843971631206,-,,3.719629088415799,0.0,0.7901902167590332
b1058,yceO,0,0,138,0.0,0.3768115942028985,-,,1.641135265285174,0.0,0.7904547777386155
b1059,solA,0,0,1116,0.0,0.5259856630824373,-,104.0,6.9649102937625695,0.0,0.7907348504368703
b1060,bssS,0,0,252,0.0,0.4563492063492063,-,,7.547374430237685,0.0,0.7910799861773351
b1061,dinI,0,0,243,0.0,0.48559670781893,-,13.3,6.408373895615928,0.0,0.7913109384331268
b1062,pyrC,0,0,1044,0.0,0.5325670498084292,-,603.0,8.398697351180017,0.0,0.7916211728065784
b1063,yceB,0,0,558,0.0,0.471326164874552,-,39.4,6.483281543058399,0.0,0.7920128437030609
b1064,grxB,0,0,645,0.0,0.4930232558139535,-,592.0,8.743781306890144,0.0,0.7923304030547744
b1065,mdtH,0,0,1206,0.0,0.5538971807628524,-,,2.9687273748489424,0.0,0.7927578370804188
b1066,rimJ,0,0,582,0.0,0.4965635738831615,+,20.8,7.2513405982567,0.0,0.7932455944564565
b1067,yceH,0,0,645,0.0,0.5209302325581395,+,385.0,6.931798273690429,0.0,0.7935153260089296
b1068,yceM,0,0,921,0.0,0.5548317046688382,+,16.1,5.740982386861671,0.0,0.793854429414355
b1069,murJ,1,1,1533,0.0006523157208088,0.538160469667319,+,3.16,4.7237630819052505,1.0,0.7944313791727601
b1070,flgN,0,0,414,0.0,0.4830917874396135,-,121.0,5.197358412600793,0.0,0.794869154344186
b1071,flgM,0,0,291,0.0,0.5292096219931272,-,257.0,5.700352135849896,0.0,0.7950238406498376
b1072,flgA,0,0,657,0.0,0.5251141552511416,-,2.37,4.115900378445562,0.0,0.7952616870028171
b1073,flgB,0,0,414,0.0,0.538647342995169,+,1.16,3.91990200780122,0.0,0.7955602875872642
b1074,flgC,0,0,402,0.0,0.5323383084577115,+,0.202,4.050980025450221,0.0,0.7957386723519988
b1075,flgD,0,0,693,0.0,0.5483405483405484,+,2.67,4.392092634567074,0.0,0.7959803966346465
b1076,flgE,0,0,1206,0.0,0.5165837479270315,+,18.3,4.648364613775566,0.0,0.7964013674441772
b1077,flgF,0,0,753,0.0,0.5936254980079682,+,13.4,3.9549506585765344,0.0,0.7968326793994897
b1078,flgG,0,0,780,0.0,0.5397435897435897,+,8.57,4.515835053491303,0.0,0.7972381384903479
b1079,flgH,0,0,696,0.0,0.5373563218390804,+,71.0,3.2664868197874983,0.0,0.7975798271822188
b1080,flgI,0,0,1095,0.0,0.5424657534246575,+,0.597,3.076894214013959,0.0,0.7979714980787013
b1081,flgJ,0,0,939,0.0,0.5473908413205538,+,0.049,2.9399303991973054,0.0,0.79841056589335
b1082,flgK,0,0,1641,0.0,0.5191956124314442,+,54.7,4.164426627496807,0.0,0.7989957023921656
b1083,flgL,0,0,951,0.0,0.508937960042061,+,103.0,5.171970904122294,0.0,0.7995601565994176
b1084,rne,0,0,3183,0.0,0.5570216776625825,-,415.0,7.87300973188869,1.0,0.8005361022325672
b1085,yceQ,0,0,318,0.0,0.4465408805031446,+,0.149,1.3266569823439165,1.0,0.801349605700729
b1086,rluC,0,0,957,0.0,0.51619644723093,+,35.4,6.258652985959611,0.0,0.8016757826739273
b1087,yceF,0,0,582,0.0,0.5017182130584192,-,173.0,7.675778076695057,0.0,0.8020566815435539
b1088,yceD,0,0,519,0.0,0.4990366088631984,+,114.0,11.399417116148085,0.0,0.8023802732303068
b1089,rpmF,0,0,171,0.0,0.5497076023391813,+,2514.0,11.66783878714238,0.0,0.8025521947789278
b1090,plsX,0,0,1068,0.0,0.5215355805243446,+,12.0,7.740039677237294,0.0,0.8028551041741173
b1091,fabH,0,0,951,0.0,0.5478443743427971,+,602.0,8.27496711876243,0.0,0.8033200248532204
b1092,fabD,0,0,927,0.0,0.5533980582524272,+,1209.0,8.922731245864313,1.0,0.8037323780412663
b1093,fabG,0,0,732,0.0,0.5163934426229508,+,1381.0,10.33995533377526,1.0,0.8040964725489976
b1094,acpP,0,0,234,0.0,0.4871794871794871,+,6372.0,13.060918427413831,1.0,0.8043963657766674
b1095,fabF,1,1,1239,0.0008071025020177,0.5343018563357547,+,418.0,8.980361027692929,0.0,0.8047522735439883
b1096,pabC,0,0,807,0.0,0.506815365551425,+,6.39,5.165593314835469,0.0,0.8052456323739909
b1097,yceG,0,0,1020,0.0,0.5088235294117647,+,7.13,5.183166979895396,0.0,0.8056416120812159
b1098,tmk,1,1,639,0.001564945226917,0.5414710485133021,+,38.9,6.196600999834272,1.0,0.8059953654431655
b1099,holB,0,0,1002,0.0,0.5419161676646707,+,5.71,5.475217085779241,1.0,0.8063486879240408
b1100,ycfH,0,0,795,0.0,0.5094339622641509,+,24.6,6.847398968026809,0.0,0.8067412205826718
b1101,ptsG,0,0,1431,0.0,0.527603074772886,+,456.0,9.862112916027812,0.0,0.8073487628973478
b1102,fhuE,0,0,2187,0.0,0.5002286236854138,-,24.4,4.7375150176446015,0.0,0.8081549413872474
b1103,hinT,0,0,357,0.0,0.5098039215686274,+,983.0,8.54927621651757,0.0,0.8088477981546225
b1104,ycfL,0,0,375,0.0,0.4986666666666666,+,11.5,7.872431025455208,0.0,0.809007655033165
b1105,lpoB,0,0,639,0.0,0.5665101721439749,+,171.0,7.812404159610426,0.0,0.8092330058349915
b1106,thiK,0,0,822,0.0,0.5352798053527981,+,5.09,5.670174213805262,0.0,0.8095406549219976
b1107,nagZ,0,0,1023,0.0,0.5317693059628543,+,29.8,6.817256713434573,0.0,0.8099435287264103
b1108,ycfP,0,0,540,0.0,0.4685185185185185,+,470.0,8.19159541706655,0.0,0.8102912497533206
b1109,ndh,0,0,1302,0.0,0.5307219662058372,+,275.0,6.938144741963947,0.0,0.8108613054145377
b1110,ycfJ,0,0,537,0.0,0.5400372439478585,+,6.45,4.26346891640388,0.0,0.8113486319095012
b1111,ycfQ,0,0,630,0.0,0.5142857142857142,-,7.14,6.039932792490192,0.0,0.8116278428456075
b1112,bhsA,0,0,255,0.0,0.4784313725490196,+,20.0,6.650545602267354,0.0,0.8119229963814607
b1113,ycfS,0,0,960,0.0,0.534375,-,1.06,5.028825189496035,0.0,0.8122211660848336
b1114,mfd,0,0,3444,0.0,0.5481997677119629,-,43.7,6.3314996635844105,0.0,0.8132328748471449
b1115,ycfT,0,0,1071,0.0,0.4967320261437908,-,9e-05,0.9814318254874944,0.0,0.8142613879713516
b1116,lolC,0,0,1197,0.0,0.5430242272347535,+,11.2,6.251074889138435,1.0,0.8148637597131366
b1117,lolD,0,0,699,0.0,0.5536480686695279,+,111.0,6.114581541326572,1.0,0.8152700805661433
b1118,lolE,0,0,1242,0.0,0.5201288244766505,+,6.68,6.363400125933175,1.0,0.815689327851377
b1119,nagK,0,0,909,0.0,0.5291529152915292,+,32.5,6.648363882170957,0.0,0.8161658823194845
b1120,cobB,0,0,726,0.0,0.5206611570247934,+,64.9,6.602358698976624,0.0,0.8165739266967881
b1121,ycfZ,0,0,786,0.0,0.4274809160305343,-,0.344,1.3401944847108531,0.0,0.8169522402799693
b1122,ymfA,0,0,459,0.0,0.4357298474945534,-,,2.3207401403813503,0.0,0.8172198174270712
b1123,potD,0,0,1044,0.0,0.5095785440613027,-,830.0,8.583424825658087,0.0,0.8175696928593527
b1124,potC,0,0,792,0.0,0.5025252525252525,-,37.0,6.089112303718662,0.0,0.8179648108044291
b1125,potB,0,0,825,0.0,0.509090909090909,-,2.67,5.469813016494743,0.0,0.8183125318313393
b1126,potA,0,0,1134,0.0,0.5097001763668431,-,88.6,6.787827951547119,0.0,0.8187416893812807
b1127,pepT,0,0,1224,0.0,0.5,+,274.0,6.929578290693407,0.0,0.8193582801985155
b1128,ycfD,1,1,1119,0.000893655049151,0.5415549597855228,-,198.0,7.684113076251652,0.0,0.8198848168712346
b1129,phoQ,0,0,1458,0.0,0.51440329218107,-,5.1,6.381425901409054,0.0,0.8204738312997183
b1130,phoP,1,1,669,0.0014947683109118,0.4783258594917787,-,486.0,8.100151088947058,0.0,0.820932719643782
b1131,purB,0,0,1368,0.0,0.5241228070175439,-,655.0,8.238480911645357,0.0,0.8214454681221255
b1132,hflD,0,0,639,0.0,0.5727699530516432,-,56.3,7.077255949587643,0.0,0.8218802271260318
b1133,mnmA,0,0,1104,0.0,0.5380434782608695,-,103.0,7.6716947998063025,1.0,0.8222723289035886
b1134,nudJ,0,0,459,0.0,0.5054466230936819,-,13.5,5.585758810710305,0.0,0.822632976362726
b1135,rluE,0,0,651,0.0,0.5145929339477726,-,4.78,5.5272009226734005,0.0,0.8228772859318191
b1136,icd,0,0,1248,0.0,0.5032051282051282,+,3801.0,11.779921657149211,0.0,0.8233615962592629
b1137,ymfD,0,0,663,0.0,0.3499245852187028,-,1.38,3.390363520111642,0.0,0.8239868046979826
b1138,ymfE,0,0,702,0.0,0.3091168091168091,-,1.17,3.0174099819397697,0.0,0.8242823891149099
b1139,lit,1,1,891,0.0011223344556677,0.3681257014590348,+,1.05,4.456540234881008,0.0,0.8248235757441532
b1140,intE,0,0,1125,0.0,0.448,-,1.97,3.261001789435522,0.0,0.8252979758068895
b1141,xisE,0,0,243,0.0,0.448559670781893,-,1.31,3.166758220976801,0.0,0.8255853734834063
b1143,ymfI,0,0,339,0.0,0.3893805309734513,+,,7.408332746994082,0.0,0.825911981337679
b1144,ymfJ,0,0,306,0.0,0.4738562091503268,-,0.371,3.670362723525929,0.0,0.8260253030602036
b1145,cohE,0,0,672,0.0,0.4464285714285714,-,3.85,6.47905365200641,0.0,0.8263122698556462
b1146,croE,0,0,198,0.0,0.4292929292929293,+,1.7,2.3462719433927104,0.0,0.826539775062844
b1147,ymfL,1,1,555,0.0018018018018018,0.4972972972972973,+,,1.9178351524703443,0.0,0.8267216068761726
b1148,ymfM,0,0,336,0.0,0.5,+,,2.165416604011015,0.0,0.8269133489542085
b1150,ymfR,0,0,180,0.0,0.6055555555555555,+,,0.7685793725871881,0.0,0.8276238718456274
b1151,beeE,0,0,412,0.0,0.5558252427184466,+,,1.4224628551812792,0.0,0.8277514126436019
b1152,jayE,0,0,777,0.0,0.5791505791505791,+,,1.375658263902198,0.0,0.8280082177638479
b1153,ymfQ,0,0,582,0.0,0.5756013745704467,+,0.661,0.8800462859327323,0.0,0.8282982007268102
b1154,stfP,0,0,627,0.0,0.5055821371610846,+,0.079,0.9028699578246384,0.0,0.8285610381820955
b1155,tfaP,0,0,411,0.0,0.4209245742092457,+,,2.174284188850253,0.0,0.8287863889839221
b1156,tfaE,0,0,600,0.0,0.4783333333333333,-,0.034,2.1822733448011618,0.0,0.8289932118995564
b1157,stfE,0,0,498,0.0,0.4678714859437751,-,,0.880288887772656,0.0,0.8292306273714617
b1158,pinE,0,0,552,0.0,0.4909420289855072,+,0.163,0.93442149137158,0.0,0.829486139848485
b1159,mcrA,1,1,831,0.0012033694344163,0.3850782190132371,+,3.38,3.9338400204368233,0.0,0.8298308447078756
b1160,iraM,0,0,321,0.0,0.3426791277258567,-,,2.065925835350835,0.0,0.8302957653869786
b1161,ycgX,0,0,402,0.0,0.3681592039800995,-,0.094,3.559633890801949,0.0,0.830754222849968
b1162,bluR,0,0,729,0.0,0.4897119341563786,-,4.2,7.03469143484068,0.0,0.8310937571364678
b1163,bluF,0,0,1209,0.0,0.4367245657568238,-,2.05,4.72693388296732,0.0,0.8316004732797719
b1164,ycgZ,0,0,234,0.0,0.4230769230769231,+,0.164,4.914484545909491,0.0,0.8320477278348313
b1165,ymgA,0,0,270,0.0,0.374074074074074,+,2.35,4.380155497473569,0.0,0.8321756995138799
b1166,ariR,0,0,264,0.0,0.3522727272727273,+,,4.194838182025336,0.0,0.832304102074003
b1167,ymgC,0,0,246,0.0,0.3577235772357723,+,,3.646086552736161,0.0,0.8324635280714711
b1168,ycgG,0,0,1521,0.0,0.4464168310322156,+,0.145,1.626377983448121,0.0,0.832987910338819
b1171,ymgD,0,0,327,0.0,0.45565749235474,-,15.2,4.985574862837945,0.0,0.8348751694439824
b1172,ymgG,0,0,342,0.0,0.5263157894736842,-,0.2,4.913858154976013,0.0,0.8350246851767431
b1174,minE,0,0,264,0.0,0.4393939393939394,-,927.0,8.457181886490167,0.0,0.8357123713712273
b1175,minD,0,0,810,0.0,0.5012345679012346,-,1024.0,8.86246578108453,0.0,0.8359463397945387
b1176,minC,0,0,693,0.0,0.5108225108225108,-,36.2,8.124535639099602,0.0,0.8362811343892218
b1177,ycgJ,0,0,366,0.0,0.4234972677595628,+,44.6,6.836101760528303,0.0,0.8367344212793204
b1178,pliG,0,0,399,0.0,0.4335839598997493,-,272.0,6.938521946659546,0.0,0.8369442603624744
b1179,ycgL,0,0,291,0.0,0.4432989690721649,+,133.0,7.673567651225275,0.0,0.8371980493152007
b1180,ycgM,0,0,657,0.0,0.5220700152207002,+,64.2,6.969111430656862,0.0,0.8374341721438833
b1181,ycgN,0,0,459,0.0,0.477124183006536,+,0.507,6.219597477582258,0.0,0.837708643388173
b1182,hlyE,0,0,909,0.0,0.4114411441144114,-,14.7,2.64749809413744,0.0,0.8380934201874677
b1183,umuD,0,0,417,0.0,0.4820143884892086,+,,4.062633202703217,0.0,0.838540674742527
b1184,umuC,0,0,1266,0.0,0.5110584518167457,+,0.064,3.23664305294758,0.0,0.8389043383691841
b1185,dsbB,0,0,528,0.0,0.5303030303030303,-,26.5,6.720558860720838,0.0,0.8393115209843391
b1186,nhaB,0,0,1539,0.0,0.5289148797920727,-,39.0,6.258387681474456,0.0,0.8398203915330146
b1187,fadR,0,0,717,0.0,0.5146443514644351,+,152.0,6.850804826204504,0.0,0.8404025118643104
b1188,ycgB,0,0,1530,0.0,0.4993464052287582,-,31.6,6.8824082599810295,0.0,0.840910089769763
b1189,dadA,0,0,1296,0.0,0.5640432098765432,+,99.6,6.316149728867424,0.0,0.8416619772443087
b1190,dadX,0,0,1068,0.0,0.5814606741573034,+,26.3,5.654659387343179,0.0,0.8421764492469491
b1191,cvrA,0,0,1734,0.0,0.5242214532871973,-,11.6,5.107458976055829,0.0,0.8429472954887614
b1192,ldcA,0,0,912,0.0,0.5317982456140351,-,22.7,5.714928014840652,0.0,0.8435591466141796
b1193,emtA,1,1,609,0.0016420361247947,0.5221674876847291,+,6.5,6.652176778229975,0.0,0.8439305661001729
b1194,ycgR,0,0,732,0.0,0.5081967213114754,-,41.4,3.5337077327949653,0.0,0.8442214108252838
b1195,ymgE,0,0,252,0.0,0.5396825396825397,+,7.0,5.684055493816119,0.0,0.8445208731718793
b1196,ycgY,0,0,438,0.0,0.4155251141552511,+,0.538,2.777659294826678,0.0,0.8447470857358544
b1197,treA,0,0,1695,0.0,0.5238938053097345,-,350.0,5.141384332097652,0.0,0.8452413063280056
b1198,dhaM,0,0,1416,0.0,0.5028248587570622,-,53.4,6.677695101354203,0.0,0.846050500985425
b1199,dhaL,0,0,630,0.0,0.5380952380952381,-,166.0,6.666836187889058,0.0,0.8464968937783358
b1200,dhaK,0,0,1068,0.0,0.5318352059925093,-,365.0,6.922461267103064,0.0,0.8468683132643292
b1201,dhaR,0,0,1917,0.0,0.514866979655712,+,0.229,3.829192766630592,0.0,0.8476102904741674
b1202,ycgV,1,1,2865,0.000349040139616,0.4984293193717277,-,0.049,3.28607101414368,0.0,0.8486844769922433
b1203,ychF,0,0,1089,0.0,0.5114784205693297,-,324.0,7.526797579384357,0.0,0.8498685381842499
b1204,pth,0,0,582,0.0,0.5,-,73.0,6.52099242902661,1.0,0.8502800296101474
b1205,ychH,0,0,276,0.0,0.5362318840579711,+,81.4,7.242081896826655,0.0,0.8505855242917824
b1206,dauA,0,0,1677,0.0,0.5474060822898033,-,17.2,4.3139240325058665,0.0,0.8510306244414704
b1207,prs,0,0,945,0.0,0.526984126984127,-,953.0,9.398185260563864,1.0,0.851650231426225
b1208,ispE,0,0,849,0.0,0.535924617196702,-,14.7,8.189490769436862,1.0,0.852102656554175
b1209,lolB,0,0,621,0.0,0.5169082125603864,-,85.5,7.250749105730441,1.0,0.8524202159058887
b1210,hemA,1,1,1254,0.0007974481658692,0.543859649122807,+,8.58,6.407036273537096,1.0,0.8529174526655596
b1211,prfA,0,0,1080,0.0,0.5314814814814814,+,27.7,6.021873862761025,1.0,0.8534392496464621
b1212,prmC,1,1,831,0.0012033694344163,0.5523465703971119,+,0.661,4.63565487776208,1.0,0.853851602834508
b1213,ychQ,0,0,390,0.0,0.4794871794871795,+,0.278,4.97513354149382,0.0,0.8541144402897933
b1214,ychA,0,0,807,0.0,0.4659231722428748,+,2.12,7.269987247134875,0.0,0.8543746924586333
b1215,kdsA,0,0,852,0.0,0.5176056338028169,+,1171.0,8.530609639652027,1.0,0.854748697231072
b1216,chaA,0,0,1098,0.0,0.48816029143898,-,2.03,6.32888885050327,0.0,0.855915092299035
b1217,chaB,0,0,228,0.0,0.4605263157894737,+,130.0,6.40753730336098,0.0,0.8563179661034477
b1218,chaC,0,0,693,0.0,0.5483405483405484,+,3.63,6.388482395741636,0.0,0.8565851123694753
b1219,ychN,0,0,351,0.0,0.5213675213675214,-,846.0,7.513663789341997,0.0,0.8568298528196426
b1220,ychO,0,0,1392,0.0,0.5064655172413793,+,0.072,4.417175071846443,0.0,0.857286155877261
b1221,narL,0,0,648,0.0,0.5185185185185185,-,345.0,6.804004003617161,0.0,0.8577269472162067
b1222,narX,0,0,1794,0.0,0.5345596432552955,-,1.58,5.297292896646318,,0.8582508986024803
b1223,narK,0,0,1389,0.0,0.5377969762419006,+,6.18,2.8105024601997664,0.0,0.8590833608379086
b1224,narG,0,0,3741,0.0,0.549585672280139,+,38.9,3.705598556906657,0.0,0.8604117671897851
b1225,narH,0,0,1536,0.0,0.5377604166666666,+,41.7,3.7704458214875207,0.0,0.8615484314636255
b1226,narJ,0,0,708,0.0,0.5663841807909604,+,1.45,3.389451087446448,0.0,0.8620314491478465
b1227,narI,0,0,675,0.0,0.5614814814814815,+,2.57,3.6073689838439664,0.0,0.8623300497322935
b1229,tpr,0,0,87,0.0,0.6551724137931034,-,,,0.0,0.8627368014663744
b1232,purU,0,0,840,0.0,0.4738095238095238,-,284.0,8.190354908864053,0.0,0.8631987059779579
b1233,ychJ,0,0,456,0.0,0.4671052631578947,-,5.74,7.106565614764203,0.0,0.8635003227299246
b1234,rssA,0,0,903,0.0,0.5027685492801772,+,8.47,6.871282494891199,0.0,0.8638424423028698
b1235,rssB,0,0,1011,0.0,0.486646884272997,+,4.77,6.595093867340251,0.0,0.8642952983118941
b1236,galU,0,0,906,0.0,0.4713024282560706,+,553.0,8.502735406184343,0.0,0.8647964130012332
b1237,hns,0,0,411,0.0,0.4695863746958637,-,8214.0,11.772323705420687,0.0,0.8651428413849207
b1238,tdk,0,0,615,0.0,0.424390243902439,+,17.5,6.202349061738966,0.0,0.8656254281880675
b1241,adhE,1,1,2673,0.0003741114852225,0.5069210624766181,-,2664.0,9.911475319779123,0.0,0.8668956655949218
b1242,ychE,0,0,645,0.0,0.4806201550387597,+,2.28,3.945512427055023,0.0,0.8678168893316431
b1243,oppA,0,0,1629,0.0,0.478207489257213,+,2022.0,10.031161361757444,0.0,0.8686256531079882
b1244,oppB,1,1,918,0.0010893246187363,0.457516339869281,+,41.8,7.221949410457636,0.0,0.8692125131311007
b1245,oppC,0,0,906,0.0,0.5253863134657837,+,44.1,6.881443729972107,0.0,0.8696128016490681
b1246,oppD,0,0,1011,0.0,0.5182987141444114,+,48.5,7.144895433672327,0.0,0.8700316180532276
b1247,oppF,0,0,1002,0.0,0.5169660678642715,+,63.1,7.451050877805674,0.0,0.8704650844139112
b1248,yciU,0,0,327,0.0,0.4770642201834862,-,12.4,7.541283669225435,0.0,0.8707748879062885
b1249,clsA,0,0,1458,0.0,0.5178326474622771,-,14.6,6.802067506565308,0.0,0.8711756073053301
b1250,kch,0,0,1251,0.0,0.4236610711430855,-,16.0,5.12643196452314,0.0,0.8719197389205395
b1251,yciI,0,0,294,0.0,0.4897959183673469,-,1078.0,8.640245985954598,0.0,0.8723829360753456
b1252,tonB,0,0,717,0.0,0.5467224546722455,+,58.8,7.832401202123375,0.0,0.8726979101406137
b1253,yciA,0,0,396,0.0,0.4873737373737373,-,21.0,6.302295906751602,0.0,0.8729560079040825
b1254,yciB,0,0,537,0.0,0.4674115456238361,-,0.13,6.730800189818113,0.0,0.873202902759621
b1255,yciC,1,1,741,0.0013495276653171,0.49527665317139,-,29.3,6.396438583648959,0.0,0.8734920239604348
b1256,ompW,0,0,636,0.0,0.5031446540880503,+,151.0,4.666858891631842,0.0,0.8739435873262364
b1257,yciE,0,0,504,0.0,0.4087301587301587,-,330.0,5.403993156193281,0.0,0.874215904165155
b1258,yciF,0,0,498,0.0,0.431726907630522,-,405.0,4.936097396436616,0.0,0.8744524578749118
b1259,yciG,0,0,177,0.0,0.5141242937853108,-,504.0,6.393297416385178,0.0,0.874635582331463
b1260,trpA,0,0,804,0.0,0.5373134328358209,-,928.0,8.61033048949392,0.0,0.8750121723903472
b1261,trpB,0,0,1191,0.0,0.5474391267842149,-,892.0,8.212140136261358,0.0,0.8754426225835112
b1262,trpC,0,0,1356,0.0,0.5294985250737463,-,251.0,7.4128175907524785,0.0,0.87599759740713
b1263,trpD,0,0,1593,0.0,0.5649717514124294,-,275.0,7.268304795889503,0.0,0.8766353013970026
b1264,trpE,1,1,1560,0.0006410256410256,0.5442307692307692,-,211.0,7.588125740806593,0.0,0.8773156626132248
b1265,trpL,0,0,42,0.0,0.4523809523809524,-,,,0.0,0.8777013011746679
b1266,yciV,0,0,879,0.0,0.5415244596131968,+,9.12,6.224304120426946,0.0,0.877959829819211
b1267,yciO,0,0,618,0.0,0.4838187702265372,+,293.0,7.093548912156753,0.0,0.8782821288627412
b1268,yciQ,1,1,1893,0.0005282620179609,0.4706814580031696,+,1.32,3.4474441434208054,0.0,0.8788358110431372
b1269,rluB,0,0,873,0.0,0.5395189003436426,+,72.6,7.149499112297031,0.0,0.8795234972376215
b1270,btuR,0,0,588,0.0,0.5051020408163265,-,45.2,5.78101630882748,0.0,0.8798565683080076
b1271,yciK,0,0,756,0.0,0.5251322751322751,-,34.7,6.018608066209684,0.0,0.8801456895088214
b1272,sohB,0,0,1047,0.0,0.5071633237822349,+,103.0,7.064432749790989,0.0,0.880629568955191
b1273,yciN,0,0,249,0.0,0.4779116465863454,-,397.0,7.538912438148088,0.0,0.8809251533721184
b1274,topA,0,0,2595,0.0,0.5183044315992292,+,139.0,7.672991347441852,1.0,0.8817024628300442
b1275,cysB,0,0,972,0.0,0.4845679012345679,+,101.0,7.081805053749521,0.0,0.8825625014542237
b1276,acnA,1,1,2673,0.0003741114852225,0.5297418630751964,+,456.0,7.082398596854212,0.0,0.8837801713700209
b1277,ribA,0,0,588,0.0,0.5034013605442177,-,74.4,7.246179134451411,1.0,0.8845113765530032
b1278,pgpB,1,1,762,0.0013123359580052,0.5078740157480315,+,5.9,5.563221265759092,0.0,0.8848763328228829
b1279,yciS,0,0,306,0.0,0.5065359477124183,+,136.0,7.428335585191214,0.0,0.8851714863587361
b1280,yciM,0,0,1167,0.0,0.5201371036846615,+,13.3,6.234829488631312,0.0,0.8854924927590435
b1281,pyrF,0,0,735,0.0,0.5306122448979592,+,88.5,6.7171144615297536,0.0,0.8859867133511948
b1282,yciH,0,0,324,0.0,0.5030864197530864,+,36.8,6.034087727531619,0.0,0.8862159420826895
b1283,osmB,0,0,216,0.0,0.5277777777777778,-,340.0,8.194089451939623,0.0,0.8863874327502363
b1284,yciT,0,0,747,0.0,0.4899598393574297,-,64.6,6.692154476861987,0.0,0.8867114553180635
b1285,gmr,0,0,1983,0.0,0.4856278366111952,-,1.12,5.490670375771884,0.0,0.887477561868059
b1286,rnb,0,0,1932,0.0,0.5331262939958592,-,192.0,7.96586930272935,0.0,0.8884237767070862
b1287,yciW,0,0,1125,0.0,0.5093333333333333,-,5.58,6.262599790876687,0.0,0.8891123246637188
b1288,fabI,0,0,786,0.0,0.5343511450381679,-,1806.0,9.98697233375536,1.0,0.8895871556075294
b1289,ycjD,0,0,351,0.0,0.4985754985754986,-,0.055,3.4511455957866297,0.0,0.8899913220551648
b1290,sapF,0,0,804,0.0,0.513681592039801,-,3.74,5.291149938483573,0.0,0.8902705329912712
b1291,sapD,0,0,990,0.0,0.5141414141414141,-,2.19,5.8050008203108,0.0,0.8906587568391598
b1292,sapC,0,0,888,0.0,0.5709459459459459,-,3.21,4.559340324412937,0.0,0.891064215930018
b1293,sapB,0,0,963,0.0,0.5150571131879543,-,2.02,4.838377603140367,0.0,0.8914580412318718
b1294,sapA,0,0,1641,0.0,0.5429616087751371,-,8.48,5.558500331181549,0.0,0.8920186175094557
b1295,ymjA,0,0,243,0.0,0.4897119341563786,-,42.3,6.188116013776932,0.0,0.8925602350197731
b1296,puuP,0,0,1383,0.0,0.5343456254519161,-,,3.781805524427071,0.0,0.8929691411592252
b1297,puuA,0,0,1416,0.0,0.5360169491525424,-,0.907,5.946004556160253,0.0,0.8937037933908014
b1298,puuD,0,0,762,0.0,0.5236220472440944,+,6.9,5.435114112617478,0.0,0.8942652314305338
b1299,puuR,0,0,555,0.0,0.5117117117117117,+,15.2,5.889155664382413,0.0,0.8945612467285354
b1300,puuC,1,1,1485,0.0006734006734006,0.5737373737373738,+,2.37,4.483506035002637,0.0,0.8951200994818225
b1301,puuB,0,0,1278,0.0,0.5837245696400626,+,0.044,3.9092785341961473,0.0,0.8957173006507166
b1302,puuE,0,0,1263,0.0,0.5779889152810768,+,1.14,3.700329097374252,0.0,0.8962817548579687
b1303,pspF,0,0,975,0.0,0.517948717948718,-,2.84,4.318269007561551,0.0,0.8968164782710983
b1304,pspA,0,0,666,0.0,0.4954954954954955,+,893.0,6.705103654208464,0.0,0.8972430505345942
b1305,pspB,0,0,222,0.0,0.481981981981982,+,129.0,5.124232374394806,0.0,0.8974584910717133
b1306,pspC,1,1,357,0.0028011204481792,0.5042016806722689,+,17.8,5.264627193784336,0.0,0.8975838774643166
b1307,pspD,0,0,219,0.0,0.547945205479452,+,72.6,4.592775195433067,0.0,0.8977127109055139
b1308,pspE,0,0,312,0.0,0.5128205128205128,+,495.0,6.923115048182944,0.0,0.8978605031139775
b1309,ycjM,0,0,1677,0.0,0.4394752534287418,+,0.21,0.9683644983447786,0.0,0.8983814383327315
b1310,ycjN,0,0,1290,0.0,0.5015503875968992,+,0.708,0.6541877312892591,0.0,0.8990277599440889
b1311,ycjO,0,0,879,0.0,0.5381114903299203,+,,0.7561298359180579,0.0,0.8995047452932706
b1312,ycjP,0,0,840,0.0,0.5297619047619048,+,0.218,1.197414474145064,0.0,0.8998705633252988
b1313,ycjQ,0,0,1050,0.0,0.559047619047619,+,0.427,1.9115971083878025,0.0,0.9002919650159038
b1314,ycjR,1,1,786,0.0012722646310432,0.5381679389312977,+,4.17,2.038587007254966,0.0,0.9006965623446135
b1315,ycjS,0,0,1053,0.0,0.5479582146248813,+,0.921,1.96418211192634,0.0,0.9010977126247293
b1316,ycjT,0,0,2265,0.0,0.5377483443708609,+,0.388,1.6701916016347096,0.0,0.9018121134458162
b1317,ycjU,0,0,657,0.0,0.5662100456621004,+,1.91,0.7152030054030307,0.0,0.9024411998142041
b1319,ompG,0,0,903,0.0,0.4994462901439646,+,0.609,0.7094850768821315,0.0,0.9032693532388899
b1320,ycjW,0,0,996,0.0,0.4558232931726907,-,3.83,4.210655178321372,0.0,0.9037273798208052
b1321,ycjX,0,0,1395,0.0,0.5448028673835126,+,28.2,4.865029138383213,0.0,0.9043103619142495
b1322,ycjF,0,0,1059,0.0,0.5646836638338055,+,26.9,4.6402368680183885,0.0,0.9048386221112655
b1323,tyrR,1,1,1539,0.0006497725795971,0.5224171539961013,+,42.2,6.722680045858675,0.0,0.9054629687878367
b1324,tpx,0,0,504,0.0,0.5158730158730159,-,2937.0,11.13546556433576,0.0,0.9059231497751231
b1325,ycjG,0,0,963,0.0,0.5472481827622014,+,52.5,5.654634290855991,0.0,0.9062911222125226
b1326,mpaA,0,0,726,0.0,0.5495867768595041,-,27.4,6.2900462040107055,0.0,0.9066453064555464
b1327,ycjY,0,0,918,0.0,0.4814814814814814,-,5.81,3.519145651216703,0.0,0.9071446976205886
b1328,ycjZ,0,0,897,0.0,0.4659977703455964,+,0.014,4.597234426880887,0.0,0.907595830105316
b1329,mppA,0,0,1611,0.0,0.4798261949099938,+,134.0,5.553103507665918,0.0,0.9082822236565774
b1330,ynaI,1,1,1029,0.0009718172983479,0.4334305150631681,-,26.3,5.137064911534098,0.0,0.9088738233715066
b1331,insH1,0,0,1014,0.0,0.5483234714003945,+,0.589,0.7434862314222537,0.0,0.9093814012769591
b1332,ynaJ,0,0,255,0.0,0.4588235294117647,+,,9.044460224248418,0.0,0.9097730721734417
b1333,uspE,0,0,948,0.0,0.5073839662447257,-,798.0,8.425628740374021,0.0,0.9100548683959935
b1334,fnr,0,0,750,0.0,0.5173333333333333,-,209.0,9.131768331848251,0.0,0.9104870421134544
b1335,ogt,0,0,513,0.0,0.5341130604288499,-,23.2,5.345840348568459,0.0,0.9108438116429237
b1336,abgT,0,0,1524,0.0,0.4934383202099737,-,0.428,1.7803042113353618,0.0,0.9112884809115376
b1337,abgB,0,0,1443,0.0,0.5266805266805267,-,0.462,1.7425715964502022,0.0,0.9119442819065281
b1338,abgA,0,0,1308,0.0,0.5527522935779816,-,0.564,1.531660928421706,0.0,0.9125380360268284
b1339,abgR,0,0,906,0.0,0.4977924944812362,+,1.12,3.417480766408008,0.0,0.9130917182072245
b1340,smrA,0,0,561,0.0,0.5436720142602496,+,6.22,5.495895114440913,0.0,0.9135506065512882
b1341,ydaM,0,0,1230,0.0,0.4780487804878048,-,16.8,5.88378981235492,0.0,0.9139465862585131
b1342,ydaN,0,0,981,0.0,0.5208970438328236,+,20.4,5.7246305200771,0.0,0.9145334462816256
b1343,dbpA,1,1,1371,0.0007293946024799,0.5207877461706784,+,1.59,4.832165980148974,0.0,0.9152469853405641
b1344,ttcA,0,0,933,0.0,0.487674169346195,-,17.5,6.432328132277828,0.0,0.9157998057588117
b1345,intR,0,0,1233,0.0,0.429845904298459,-,0.178,3.327102188486175,0.0,0.9162897175402206
b1346,ydaQ,0,0,213,0.0,0.4507042253521127,-,,0.7433618766311919,0.0,0.9166029680811918
b1347,rcbA,0,0,207,0.0,0.3526570048309179,-,67.7,1.4231365759336887,0.0,0.9167283544737951
b1348,ralR,0,0,192,0.0,0.4114583333333333,-,,1.2328747658000434,0.0,0.9168123762832716
b1349,recT,0,0,807,0.0,0.473358116480793,-,0.279,2.820289527467591,0.0,0.9170528079226965
b1350,recE,0,0,2598,0.0,0.4946112394149345,-,2.05,1.881071001131061,0.0,0.917784443986753
b1351,racC,0,0,273,0.0,0.3919413919413919,-,0.083,1.0144374841200976,0.0,0.9184475699600056
b1352,kilR,0,0,219,0.0,0.4200913242009132,-,0.9,0.9441212504257274,0.0,0.9186599943296051
b1353,sieB,0,0,486,0.0,0.3724279835390947,+,3.88,2.90855918642676,0.0,0.919003406545773
b1355,ydaG,0,0,132,0.0,0.4772727272727273,-,0.058,1.831374259400821,0.0,0.9192076441749618
b1356,racR,0,0,474,0.0,0.4219409282700422,-,37.8,7.617638608886322,0.0,0.9194722051545441
b1357,ydaS,0,0,294,0.0,0.4353741496598639,+,0.259,2.522219595023429,0.0,0.9196919545024056
b1358,ydaT,0,0,420,0.0,0.5119047619047619,+,,2.4403187948053198,0.0,0.9198565510727646
b1359,ydaU,0,0,855,0.0,0.4807017543859649,+,,2.471559925427073,0.0,0.920137485533168
b1360,ydaV,0,0,744,0.0,0.5295698924731183,+,1.21,2.0917967755381115,0.0,0.9204860683222267
b1361,ydaW,0,0,500,0.0,0.478,+,,2.7860777672247763,0.0,0.9207420116803242
b1362,rzpR,0,0,441,0.0,0.528344671201814,+,,1.179801792384947,0.0,0.9209453875473645
b1363,trkG,0,0,1455,0.0,0.3814432989690721,+,,4.3736305935317,0.0,0.9214141861561358
b1365,ynaK,0,0,261,0.0,0.4865900383141762,+,0.453,2.167914723962007,0.0,0.9218442054682255
b1366,ydaY,0,0,450,0.0,0.4911111111111111,+,,2.0048273195810355,0.0,0.9219941520820605
b1368,ynaA,0,0,933,0.0,0.4608788853161844,+,,2.5931740907620235,0.0,0.9224526095450499
b1370,insH1,0,0,978,0.0,0.556237218813906,-,0.447,4.158006019014858,0.0,0.9230196490387474
b1372,stfR,0,0,3360,0.0,0.5339285714285714,+,1.45,1.9306704333529223,0.0,0.9240942664378975
b1373,tfaR,0,0,573,0.0,0.4816753926701571,+,0.224,0.0989462272252464,0.0,0.9249422403919983
b1374,pinR,0,0,588,0.0,0.4489795918367347,-,5.34,3.807063127255373,0.0,0.9252356704035546
b1375,ynaE,0,0,231,0.0,0.3636363636363636,-,2.91,4.108683163263327,0.0,0.9255493518256
b1376,uspF,0,0,432,0.0,0.4861111111111111,-,1506.0,7.6420830170926575,0.0,0.9261073428167386
b1377,ompN,0,0,1131,0.0,0.4677276746242264,-,122.0,1.4026946343271796,0.0,0.9265054769293346
b1378,ydbK,1,1,3522,0.0002839295854628,0.5329358319136854,-,27.8,6.444602013029273,0.0,0.9276671323054809
b1379,hslJ,0,0,420,0.0,0.4714285714285714,-,20.2,5.591463300951588,0.0,0.9287486438018189
b1380,ldhA,0,0,987,0.0,0.502532928064843,-,311.0,5.465710282662939,0.0,0.9291002427583972
b1381,ydbH,1,1,2637,0.0003792188092529,0.521425862722791,+,2.45,4.297397677780796,0.0,0.9299714842905069
b1382,ynbE,0,0,183,0.0,0.4316939890710382,+,43.1,4.467441741110626,0.0,0.9305785957241086
b1383,ydbL,0,0,324,0.0,0.4537037037037037,+,5.7,5.210617065124103,0.0,0.9306923483277074
b1384,feaR,0,0,903,0.0,0.4872646733111849,-,1.54,3.437917148090251,0.0,0.931031451733133
b1385,feaB,0,0,1497,0.0,0.5350701402805611,+,1.08,4.046417552751275,0.0,0.9316510587178876
b1386,tynA,0,0,2271,0.0,0.5063848524878908,-,0.213,2.2373574204760724,0.0,0.9324886915262066
b1387,paaZ,0,0,2043,0.0,0.5428291727851199,-,1.17,1.1128231430401216,0.0,0.9335258222718981
b1388,paaA,0,0,927,0.0,0.52319309600863,+,5.54,0.9945418967281456,0.0,0.9342893435354481
b1389,paaB,0,0,285,0.0,0.4982456140350877,+,,1.173464982089908,0.0,0.9345564898014759
b1390,paaC,0,0,744,0.0,0.532258064516129,+,2.11,1.1373344777536898,0.0,0.9347831332465252
b1391,paaD,0,0,495,0.0,0.5595959595959596,+,0.07,1.2332733754375436,0.0,0.9350571736097407
b1392,paaE,0,0,1068,0.0,0.5337078651685393,+,1.01,1.7212659031984383,0.0,0.9353984314205374
b1393,paaF,0,0,765,0.0,0.5477124183006536,+,2.68,1.2645128210777163,0.0,0.9357926876034653
b1394,paaG,0,0,786,0.0,0.5458015267175572,+,0.818,1.281035407583052,0.0,0.9361279130792226
b1395,paaH,0,0,1425,0.0,0.5333333333333333,+,,1.91743419130611,0.0,0.9366057601905529
b1396,paaI,0,0,420,0.0,0.5166666666666667,+,0.025,2.199631857089673,0.0,0.9370000163734808
b1397,paaJ,0,0,1203,0.0,0.5602660016625104,+,0.124,3.518877344226609,0.0,0.9373503226868365
b1398,paaK,0,0,1311,0.0,0.5186880244088482,+,2.31,3.566419733863268,0.0,0.9379044357483068
b1399,paaX,0,0,948,0.0,0.5042194092827004,+,6.43,5.291689070091655,0.0,0.9384357121128426
b1400,paaY,0,0,588,0.0,0.5085034013605442,+,69.3,5.632617789877391,0.0,0.9387597346806698
b1402,insD1,0,0,903,0.0,0.5514950166112956,-,2.86,5.426465094743942,0.0,0.940313922715447
b1403,insC1,0,0,363,0.0,0.5344352617079889,-,0.649,6.212279892999479,0.0,0.9405694351924703
b1404,insI1,0,0,1149,0.0,0.4586597040905135,+,1.33,1.4498759864073598,0.0,0.9409860971912586
b1406,ydbC,0,0,858,0.0,0.5326340326340326,+,454.0,4.976880766655745,0.0,0.9430189940995146
b1407,ydbD,0,0,2304,0.0,0.4348958333333333,+,0.667,1.6221898657864362,0.0,0.9437282243477106
b1408,ynbA,0,0,603,0.0,0.4676616915422885,+,0.148,0.4495724096410636,0.0,0.944428836974422
b1409,ynbB,0,0,894,0.0,0.436241610738255,+,,0.313492691651233,0.0,0.9447524286611749
b1410,ynbC,0,0,1755,0.0,0.5094017094017094,+,0.538,2.2991205372874988,0.0,0.9453306710628027
b1411,ynbD,0,0,1290,0.0,0.5069767441860465,+,,2.962188817641406,0.0,0.9459937970360552
b1412,azoR,0,0,603,0.0,0.5223880597014925,-,256.0,6.672695165889235,0.0,0.9464255398724419
b1413,hrpA,0,0,3900,0.0,0.5348717948717949,+,10.9,5.887153645771333,0.0,0.9474833529096968
b1414,ydcF,0,0,798,0.0,0.5137844611528822,+,278.0,6.3244374774281145,0.0,0.9486135539674236
b1415,aldA,0,0,1437,0.0,0.510786360473208,+,3380.0,6.8428381913396885,0.0,0.9491805934611212
b1418,cybB,0,0,528,0.0,0.4772727272727273,+,10.5,7.6099532287436125,0.0,0.950135425921633
b1419,ydcA,0,0,171,0.0,0.4444444444444444,+,0.076,6.169859497097236,0.0,0.9503922310418791
b1420,mokB,0,0,165,0.0,0.5151515151515151,-,,5.827759899755917,0.0,0.9505137395048142
b1421,trg,0,0,1638,0.0,0.5128205128205128,+,51.5,3.4317248220257683,0.0,0.9510501864422408
b1422,ydcI,0,0,921,0.0,0.505971769815418,-,79.5,6.372911270684813,0.0,0.951618518579161
b1423,ydcJ,0,0,1341,0.0,0.5279642058165548,+,116.0,3.708764904739609,0.0,0.9522002080293827
b1424,opgD,0,0,1653,0.0,0.5087719298245614,+,30.8,6.374573634938239,0.0,0.9529430470013693
b1426,ydcH,0,0,222,0.0,0.4189189189189189,+,726.0,6.341299416595361,0.0,0.9534083985615466
b1427,rimL,0,0,537,0.0,0.435754189944134,+,43.8,5.740542477042159,0.0,0.9535997097585084
b1428,ydcK,0,0,978,0.0,0.4846625766871165,-,0.275,5.022233455796669,0.0,0.9539237323263355
b1429,tehA,0,0,990,0.0,0.5323232323232323,+,2.25,4.57390282443864,0.0,0.95440201031874
b1430,tehB,0,0,591,0.0,0.4602368866328257,+,147.0,7.107388108898675,0.0,0.9547419754863139
b1431,ydcL,0,0,666,0.0,0.4474474474474474,+,672.0,7.720499595212272,0.0,0.9551439875285782
b1432,insQ,0,0,1146,0.0,0.5191972076788831,+,0.066,5.66622231400854,0.0,0.9557903091399356
b1433,ydcO,0,0,1173,0.0,0.5302642796248934,-,,2.832713930895149,0.0,0.9563077973100956
b1434,ydcN,0,0,534,0.0,0.49625468164794,+,1.19,4.090047042873375,0.0,0.9567162725684735
b1435,ydcP,0,0,1959,0.0,0.5114854517611026,+,8.95,5.684628557834071,0.0,0.9572854664675422
b1436,yncJ,0,0,228,0.0,0.4912280701754385,-,,3.642772917409966,0.0,0.9577973531837372
b1438,hicB,0,0,414,0.0,0.4589371980676328,+,3.01,5.42590350687906,0.0,0.9581278389676778
b1439,ydcR,0,0,1404,0.0,0.5149572649572649,+,0.424,4.692765231448727,0.0,0.9585544112311737
b1440,ydcS,0,0,1143,0.0,0.5293088363954506,+,949.0,4.553207202203331,0.0,0.9592093504640158
b1441,ydcT,0,0,1011,0.0,0.5450049455984174,+,62.6,3.2117629349332115,0.0,0.9596820270024552
b1442,ydcU,0,0,939,0.0,0.5303514376996805,+,1.1,2.866194615195001,0.0,0.9601034286930601
b1443,ydcV,0,0,792,0.0,0.5416666666666666,+,2.77,3.283280745243621,0.0,0.9604731246547565
b1444,patD,0,0,1422,0.0,0.5330520393811533,+,835.0,4.224049351941954,0.0,0.96096045114972
b1445,ydcX,0,0,171,0.0,0.4561403508771929,+,,5.035643627253527,0.0,0.9614710452226922
b1446,ydcY,0,0,231,0.0,0.5454545454545454,+,361.0,8.363120427203869,0.0,0.9615955698531471
b1447,ydcZ,0,0,447,0.0,0.5212527964205816,-,2.24,5.07373940826751,0.0,0.9617429311805366
b1448,mnaT,0,0,516,0.0,0.5329457364341085,-,17.0,6.814322416266038,0.0,0.9619501849772452
b1449,curA,0,0,1035,0.0,0.5246376811594203,+,291.0,5.742982836654202,0.0,0.9623629690463654
b1450,mcbR,0,0,663,0.0,0.4389140271493212,+,5.2,4.995166383704214,0.0,0.9628149632932412
b1451,yncD,0,0,2100,0.0,0.5114285714285715,-,1.11,4.289782234710964,0.0,0.9634268144186595
b1452,yncE,1,1,1059,0.0009442870632672,0.5080264400377715,+,527.0,8.610791956192351,0.0,0.9642123106169959
b1453,ansP,1,1,1497,0.0006680026720106,0.5210420841683366,-,0.145,3.1318763864850467,0.0,0.9648125279534097
b1454,yncG,0,0,615,0.0,0.4747967479674796,+,2.36,4.481699897144432,0.0,0.9653834453767753
b1455,yncH,0,0,210,0.0,0.319047619047619,+,,,0.0,0.9655950079842263
b1456,rhsE,0,0,2034,0.0,0.5821042281219272,+,,2.09920240265507,0.0,0.9664024791173488
b1457,ydcD,0,0,480,0.0,0.275,+,3.38,2.5073328244320945,0.0,0.9669380642926269
b1459,yncI,0,0,1053,0.0,0.3779677113010446,+,,1.5381552885894958,,0.967346970432079
b1460,ydcC,0,0,1134,0.0,0.4188712522045855,+,0.965,1.180205409676544,0.0,0.9678950511585099
b1461,pptA,0,0,231,0.0,0.4372294372294372,+,111.0,6.554084113535527,0.0,0.9682328619207127
b1462,yddH,0,0,567,0.0,0.5149911816578483,-,105.0,3.8182246772974753,0.0,0.9684043525882595
b1463,nhoA,0,0,843,0.0,0.5160142348754448,+,0.06,3.94201374794115,0.0,0.9687835279335891
b1464,yddE,0,0,891,0.0,0.5207631874298541,-,5.93,5.887830202764162,0.0,0.969199328170229
b1465,narV,0,0,678,0.0,0.5294985250737463,-,0.982,2.543158361417577,0.0,0.9695724711805194
b1466,narW,0,0,693,0.0,0.5642135642135642,-,0.684,2.39243259561596,0.0,0.9698671938352983
b1467,narY,1,1,1542,0.0006485084306095,0.5440985732814526,-,7.0,2.793873506829984,0.0,0.9703497806384451
b1468,narZ,0,0,3738,0.0,0.550561797752809,-,4.06,2.8684267960349232,0.0,0.9714868757933598
b1469,narU,1,1,1386,0.0007215007215007,0.4906204906204906,-,2.93,1.9613912264203848,0.0,0.9726269871157941
b1471,yddK,0,0,1329,0.0,0.3303235515425132,-,,0.1633195024827364,,0.973352159963737
b1472,yddL,0,0,279,0.0,0.4229390681003584,-,,0.314738239065796,0.0,0.9737141000660972
b1473,yddG,0,0,879,0.0,0.4982935153583617,-,,4.584437929900741,0.0,0.974075609287383
b1474,fdnG,1,1,3045,0.0003284072249589,0.542200328407225,+,6.26,2.3537543561415943,0.0,0.9750218241264101
b1475,fdnH,0,0,882,0.0,0.5521541950113379,+,11.5,2.034109411546595,0.0,0.9758745377723276
b1476,fdnI,0,0,651,0.0,0.499231950844854,+,0.812,3.1211428948595525,0.0,0.9762024382698229
b1477,yddM,0,0,282,0.0,0.5177304964539007,-,0.236,6.505934395557996,0.0,0.9765798900908556
b1478,adhP,0,0,1008,0.0,0.5257936507936508,-,170.0,7.143235368280235,0.0,0.9769215787827265
b1479,maeA,1,1,1695,0.0005899705014749,0.5209439528023598,-,367.0,7.660238100603109,0.0,0.9775622989401187
b1480,sra,0,0,135,0.0,0.4518518518518518,-,2264.0,10.965023134759942,0.0,0.9780250652138506
b1481,bdm,0,0,213,0.0,0.460093896713615,-,,4.858769191168143,0.0,0.9781448501524889
b1482,osmC,0,0,429,0.0,0.5034965034965035,+,2665.0,9.27485312007368,0.0,0.97843267871008
b1483,ddpF,0,0,924,0.0,0.5465367965367965,-,0.653,2.4933940517262303,0.0,0.9787493762996451
b1484,ddpD,0,0,984,0.0,0.5416666666666666,-,1.22,2.6664639886507384,0.0,0.9791582824390971
b1485,ddpC,0,0,894,0.0,0.5313199105145414,-,0.864,2.6020866854973645,0.0,0.9795624488867326
b1486,ddpB,1,1,1020,0.0009803921568627,0.55,-,1.41,2.116939439993844,0.0,0.9799743711937043
b1487,ddpA,0,0,1548,0.0,0.5045219638242894,-,138.0,3.040511766527421,0.0,0.9805293460173231
b1488,ddpX,0,0,579,0.0,0.531951640759931,-,0.434,2.722389304763668,0.0,0.9809942666964262
b1489,dosP,1,1,2397,0.0004171881518564,0.5022945348352107,-,0.551,3.978723117157546,0.0,0.9817474468141946
b1490,dosC,0,0,1380,0.0,0.4442028985507246,-,32.6,5.521258772939527,0.0,0.982573014952435
b1491,yddW,0,0,1317,0.0,0.524677296886864,-,0.433,5.033471054377984,0.0,0.9833115451136794
b1492,gadC,0,0,1533,0.0,0.482061317677756,-,322.0,7.395643093738599,0.0,0.9839828578273425
b1493,gadB,0,0,1398,0.0,0.5336194563662375,-,797.0,8.125251161531533,0.0,0.9846826086919054
b1494,pqqL,0,0,2793,0.0,0.4668814894378804,-,11.7,3.790488251405287,0.0,0.9857421452534572
b1495,yddB,1,1,2370,0.00042194092827,0.460337552742616,-,3.31,3.615174979406565,0.0,0.9868749315976295
b1496,yddA,0,0,1683,0.0,0.4373143196672608,-,1.1,2.8041613186628744,0.0,0.9877651318970057
b1497,ydeM,0,0,1155,0.0,0.3878787878787879,-,0.684,1.1358360852526348,0.0,0.9885028002961015
b1498,ydeN,0,0,1680,0.0,0.4416666666666666,-,73.4,2.4899300690413813,0.0,0.9891370572373801
b1499,ydeO,0,0,759,0.0,0.3952569169960474,-,,2.0245505299505675,0.0,0.9898363772208688
b1500,safA,0,0,195,0.0,0.3743589743589743,-,0.321,0.897425326032305,0.0,0.9900750853359968
b1501,ydeP,0,0,2277,0.0,0.5037329819938515,-,1.11,3.1472381585156914,0.0,0.9907153746123147
b1502,ydeQ,0,0,912,0.0,0.4484649122807017,-,,1.160615769459313,0.0,0.9915474059666688
b1503,ydeR,0,0,501,0.0,0.4510978043912175,-,5.25,,0.0,0.9918778917506095
b1504,ydeS,0,0,528,0.0,0.4507575757575757,-,0.172,1.1298196386238746,0.0,0.9921062587199557
b1505,ydeT,0,0,1224,0.0,0.4468954248366013,-,,1.5516467705796533,0.0,0.9924906046381763
b1506,yneL,0,0,201,0.0,0.472636815920398,-,,1.5283011197344971,0.0,0.992908128399113
b1507,hipA,0,0,1320,0.0,0.4810606060606061,-,8.28,4.8026295629736415,0.0,0.9933734799592904
b1508,hipB,0,0,264,0.0,0.4507575757575757,-,4.31,5.08406480062488,0.0,0.9937155995322355
b1511,lsrK,1,1,1590,0.00062893081761,0.5226415094339623,-,26.3,3.266966127470064,0.0,0.9967765786836238
b1512,lsrR,0,0,951,0.0,0.508937960042061,-,9.89,4.1064190552780495,0.0,0.9973586990149197
b1513,lsrA,0,0,1533,0.0,0.5335942596216569,+,12.0,1.6097979004564011,0.0,0.9980020044587573
b1514,lsrC,0,0,1026,0.0,0.5389863547758285,+,0.446,1.552736812903964,0.0,0.9985518087094853
b1515,lsrD,0,0,990,0.0,0.5343434343434343,+,2.96,1.5650130917118026,0.0,0.9989869985944659
b1516,lsrB,0,0,1020,0.0,0.4970588235294118,+,677.0,2.6116637994025043,0.0,0.9994260664091147
b1517,lsrF,0,0,873,0.0,0.4982817869415807,+,278.0,3.3171865200517683,0.0,0.9998461754564969
b1518,lsrG,0,0,288,0.0,0.4652777777777778,+,27.3,3.805360096243774,0.0,0.9998922797314405
b1519,tam,1,1,756,0.0013227513227513,0.541005291005291,+,43.7,5.720884808922941,0.0,0.999641937827308
b1520,yneE,1,1,912,0.0010964912280701,0.4802631578947368,-,5.94,4.593614851400119,0.0,0.9992799977249479
b1521,uxaB,0,0,1449,0.0,0.5210489993098689,-,32.1,2.8969588257076606,0.0,0.9986815039128311
b1522,yneF,1,1,945,0.001058201058201,0.5047619047619047,-,0.075,3.363758948084877,0.0,0.9980670675009673
b1523,yneG,0,0,357,0.0,0.5294117647058824,-,0.042,4.682382255155917,0.0,0.997737443479175
b1524,glsB,0,0,924,0.0,0.5216450216450217,-,2.78,5.414269108129483,0.0,0.9974603869484399
b1525,sad,2,1,1386,0.0014430014430014,0.5310245310245311,-,10.6,4.883181971656812,0.0,0.996934281156795
b1526,yneJ,0,0,879,0.0,0.5358361774744027,+,0.968,4.269746072174734,0.0,0.9964021430301109
b1527,yneK,0,0,1113,0.0,0.398921832884097,+,,1.3948049314577309,0.0,0.9959385149942305
b1528,ydeA,0,0,1188,0.0,0.5134680134680135,+,0.107,4.625161074743297,0.0,0.9953770769544981
b1529,marC,0,0,663,0.0,0.5128205128205128,-,2.37,5.69174648467268,0.0,0.9949668781718233
b1530,marR,0,0,432,0.0,0.4976851851851852,+,3.41,4.694997400759175,0.0,0.9946385467932538
b1531,marA,0,0,381,0.0,0.4593175853018372,+,8.84,5.814917010192037,0.0,0.9944541296934798
b1532,marB,0,0,216,0.0,0.5046296296296297,+,,3.9815951992097474,0.0,0.9943106462957585
b1533,eamA,0,0,897,0.0,0.4994425863991081,-,,5.650175300803026,0.0,0.9940568573430322
b1534,ydeE,0,0,1185,0.0,0.4987341772151898,+,5.22,3.4718865093721822,0.0,0.9935234265731253
b1535,ydeH,0,0,888,0.0,0.4504504504504504,-,1.32,4.488472248687975,0.0,0.9928857225832527
b1536,ydeI,0,0,390,0.0,0.4794871794871795,-,137.0,5.195883204287247,0.0,0.9924996531407352
b1537,ydeJ,0,0,516,0.0,0.4961240310077519,+,112.0,3.863077449610662,0.0,0.9921846790754671
b1538,dcp,0,0,2043,0.0,0.5002447381302007,-,250.0,6.627589831026657,0.0,0.9916137616521015
b1539,ydfG,0,0,744,0.0,0.5080645161290323,+,715.0,8.669969220170495,0.0,0.9909532209652943
b1540,ydfH,0,0,684,0.0,0.5029239766081871,+,16.4,6.507096512976574,0.0,0.9906063617005325
b1541,ydfZ,0,0,201,0.0,0.527363184079602,+,676.0,6.716491373643737,0.0,0.9903387845534305
b1542,ydfI,0,0,1458,0.0,0.4958847736625514,-,2.07,2.7312392871076443,0.0,0.989965210662066
b1544,ydfK,0,0,231,0.0,0.3593073593073593,+,2.6,0.3371826794133735,0.0,0.9886704130339802
b1545,pinQ,0,0,588,0.0,0.4506802721088435,+,4.33,0.1487932145712538,0.0,0.9883563007308604
b1546,tfaQ,0,0,573,0.0,0.4834205933682373,-,0.257,3.272424784388779,0.0,0.9880633016003785
b1547,stfQ,0,0,960,0.0,0.528125,-,,1.4115398897852838,0.0,0.9877319540542893
b1548,nohQ,0,0,528,0.0,0.5321969696969697,-,,2.1532269993493927,0.0,0.9874143947025757
b1549,ydfO,0,0,408,0.0,0.3186274509803921,+,6.2,1.996544183355324,0.0,0.986919312348276
b1550,gnsB,0,0,171,0.0,0.2982456140350877,-,931.0,8.886675507564043,0.0,0.9867284320323885
b1551,ynfN,0,0,153,0.0,0.4379084967320261,-,0.236,0.8555682815266126,0.0,0.9865836559914444
b1552,cspI,0,0,210,0.0,0.4047619047619047,-,9.42,2.9288960338289627,0.0,0.9863552890220981
b1553,rzpQ,0,0,495,0.0,0.4585858585858586,-,0.174,0.7816949149993637,0.0,0.9860463472918694
b1554,rrrQ,0,0,531,0.0,0.5065913370998116,-,2.01,1.1174805935241177,0.0,0.9858257361818594
b1555,ydfR,0,0,309,0.0,0.4368932038834951,-,17.1,2.050942841218171,0.0,0.9856451970117536
b1556,essQ,0,0,213,0.0,0.4694835680751174,-,0.481,1.306531122711467,0.0,0.9855297208838577
b1557,cspB,0,0,213,0.0,0.3568075117370892,-,58.2,5.206753156042243,0.0,0.9851121971229209
b1558,cspF,0,0,210,0.0,0.4857142857142857,+,1.07,3.118034341311513,0.0,0.9848902933696883
b1559,quuQ,0,0,750,0.0,0.4813333333333333,-,1.86,3.012520856301502,0.0,0.9845007768785768
b1560,ydfU,0,0,1047,0.0,0.5234001910219676,-,,0.931003358824386,0.0,0.9841069515767231
b1561,rem,1,1,249,0.0040160642570281,0.4096385542168674,-,3.96,2.8053670729328672,0.0,0.9836773631457076
b1562,hokD,0,0,153,0.0,0.5294117647058824,-,,6.877559289630717,0.0,0.9834963930945275
b1563,relE,0,0,285,0.0,0.4701754385964912,-,20.2,7.484684715801399,0.0,0.9833701449397757
b1564,relB,0,0,237,0.0,0.4725738396624472,-,171.0,7.208480008417054,0.0,0.983256823217251
b1565,ydfV,0,0,303,0.0,0.4653465346534653,+,,1.421204482770826,0.0,0.9831288515382024
b1566,flxA,0,0,330,0.0,0.4333333333333333,+,9.37,4.548957820433951,0.0,0.98290393161745
b1567,intK,0,0,180,0.0,0.4388888888888889,-,,1.7036062055200931,0.0,0.9826049001519287
b1568,ydfX,0,0,279,0.0,0.5053763440860215,-,,1.958188213814763,0.0,0.9825049357427054
b1569,dicC,0,0,228,0.0,0.4692982456140351,-,,1.3222019247944337,0.0,0.9824023860470367
b1570,dicA,0,0,405,0.0,0.4395061728395061,+,26.5,7.344818668122265,0.0,0.982229171855193
b1571,ydfA,0,0,153,0.0,0.4836601307189542,+,3.51,2.587711609045702,0.0,0.9820361371339342
b1572,ydfB,0,0,126,0.0,0.4682539682539682,+,0.26,2.928435544203003,0.0,0.9819740902592439
b1573,ydfC,0,0,216,0.0,0.4814814814814814,+,0.498,3.094840715316486,0.0,0.9818866214011736
b1575,dicB,0,0,186,0.0,0.3602150537634409,+,1.52,1.3419077751076074,0.0,0.9815544120929359
b1576,ydfD,0,0,189,0.0,0.4391534391534391,+,0.5,,0.0,0.9814742682131276
b1577,ydfE,0,0,765,0.0,0.4862745098039215,+,,1.968964030867886,0.0,0.9812282351197376
b1578,insD1,0,0,690,0.0,0.5463768115942029,+,,0.5768004197855148,0.0,0.9809132610544694
b1579,intQ,0,0,1155,0.0,0.4233766233766233,+,,2.074025512916416,0.0,0.980509094606834
b1580,rspB,1,1,1017,0.0009832841691248,0.4503441494591937,-,21.9,2.4168611582168578,0.0,0.979959290356106
b1581,rspA,0,0,1212,0.0,0.5082508250825083,-,66.8,1.723258527061016,0.0,0.979472825623291
b1582,ynfA,0,0,324,0.0,0.5185185185185185,-,,4.3887473196066304,0.0,0.9790522856948345
b1583,ynfB,0,0,339,0.0,0.5162241887905604,+,200.0,8.20981502749068,0.0,0.978850633352091
b1584,speG,0,0,558,0.0,0.4695340501792114,+,55.4,7.657948336734925,0.0,0.9786412251500113
b1585,ynfC,0,0,708,0.0,0.4392655367231638,-,1.05,6.120198945211016,0.0,0.9783663230246472
b1586,ynfD,0,0,303,0.0,0.5676567656765676,+,194.0,5.975269176975712,0.0,0.9781013311639908
b1587,ynfE,0,0,2424,0.0,0.5082508250825083,+,1.97,2.6172004563231592,0.0,0.9774270022828079
b1588,ynfF,1,1,2421,0.0004130524576621,0.5125980999586948,+,2.13,3.6262404388608624,0.0,0.976356262813326
b1589,ynfG,0,0,615,0.0,0.5317073170731708,+,14.8,3.3235339887926694,0.0,0.9756965838886672
b1590,ynfH,0,0,852,0.0,0.528169014084507,+,2.03,4.593134179608868,0.0,0.9753785936558794
b1591,dmsD,0,0,612,0.0,0.5343137254901961,+,17.6,5.554221980377187,0.0,0.9750437990611963
b1592,clcB,0,0,1254,0.0,0.543859649122807,+,,2.831399058802476,0.0,0.9745569034473072
b1593,ynfK,0,0,693,0.0,0.5238095238095238,-,81.0,5.796036486272566,0.0,0.9741570458104141
b1594,mlc,2,1,1218,0.0016420361247947,0.5238095238095238,-,7.11,5.640312715470304,0.0,0.973690401607014
b1595,ynfL,1,1,891,0.0011223344556677,0.5274971941638609,-,1.53,3.6060443205231274,0.0,0.9731772222475963
b1596,ynfM,0,0,1251,0.0,0.5299760191846523,+,2.21,4.719994239394845,0.0,0.9726687825799952
b1597,asr,0,0,306,0.0,0.5163398692810458,+,1.29,4.538458296968659,0.0,0.9721495708855382
b1598,ydgD,0,0,819,0.0,0.5225885225885226,+,8.59,6.398175374805452,0.0,0.9717876307831781
b1599,mdtI,0,0,327,0.0,0.5168195718654435,-,,2.746824317325626,0.0,0.9715230698035958
b1600,mdtJ,0,0,363,0.0,0.4242424242424242,-,,3.743514914066807,0.0,0.9713791555248003
b1601,tqsA,0,0,1032,0.0,0.502906976744186,+,0.078,3.4163934674358654,0.0,0.9709000157702473
b1602,pntB,0,0,1386,0.0,0.5274170274170275,-,495.0,9.515190024369131,0.0,0.9703674467624889
b1603,pntA,0,0,1530,0.0,0.5254901960784314,-,319.0,9.944142963802191,0.0,0.9697336207022844
b1604,ydgH,0,0,942,0.0,0.5127388535031847,+,792.0,7.550154228672503,0.0,0.9689744082494767
b1605,ydgI,0,0,1380,0.0,0.5362318840579711,+,7.06,3.313829708287051,0.0,0.9683931496803293
b1606,folM,1,1,720,0.0013888888888888,0.5111111111111111,+,1.79,5.123774144237103,0.0,0.9679239201904839
b1607,ydgC,0,0,333,0.0,0.4774774774774775,-,0.714,5.732448388648499,0.0,0.9676977076265089
b1608,rstA,0,0,717,0.0,0.4951185495118549,+,46.1,6.7903279172170015,0.0,0.9674150496418086
b1609,rstB,1,1,1299,0.0007698229407236,0.5073133179368745,+,1.4,5.383213914364447,0.0,0.966978136232531
b1610,tus,0,0,927,0.0,0.5091693635382956,+,6.95,4.659599315907371,0.0,0.9664649568731133
b1611,fumC,0,0,1401,0.0,0.5389007851534618,-,720.0,5.346727626046043,0.0,0.9659638421837742
b1612,fumA,0,0,1644,0.0,0.5164233576642335,-,328.0,6.852792690860604,0.0,0.9652451325519449
b1613,manA,0,0,1173,0.0,0.5089514066496164,+,371.0,6.8365881238528905,0.0,0.9645518449034955
b1614,ydgA,0,0,1506,0.0,0.4913678618857902,+,429.0,8.28294872692668,0.0,0.9639300835133698
b1615,uidC,1,1,1263,0.0007917656373713,0.4726840855106888,-,1.22,1.2242573704277957,0.0,0.9632355032216978
b1616,uidB,0,0,1371,0.0,0.5193289569657185,-,1.44,0.7670339888349492,0.0,0.9626503667228823
b1617,uidA,0,0,1809,0.0,0.5229408512990602,-,12.2,1.4486259296441353,0.0,0.9619656966959177
b1618,uidR,0,0,588,0.0,0.5102040816326531,-,5.5,6.203085609476676,0.0,0.9612797340257305
b1619,hdhA,0,0,765,0.0,0.4745098039215686,-,442.0,8.118902833986995,0.0,0.9608923719399903
b1620,malI,0,0,1026,0.0,0.5409356725146199,-,2.9,3.8723576578968166,0.0,0.9604571820550097
b1621,malX,0,0,1590,0.0,0.5283018867924528,+,4.15,2.7416534454143315,0.0,0.9598173236597659
b1622,malY,0,0,1170,0.0,0.5111111111111111,+,12.4,5.389797802757195,0.0,0.9592175372044264
b1623,add,0,0,999,0.0,0.5405405405405406,+,184.0,5.472793421756251,0.0,0.9587047887260829
b1624,ydgJ,2,1,1038,0.001926782273603,0.5337186897880539,-,66.2,6.847295804019854,0.0,0.9582502091927615
b1625,cnu,0,0,213,0.0,0.4788732394366197,+,42.2,5.935338619236902,0.0,0.9577038519906275
b1626,ydgK,0,0,438,0.0,0.4908675799086758,+,0.047,6.547413146324483,0.0,0.9575254672258928
b1627,rsxA,0,0,579,0.0,0.5181347150259067,+,0.021,5.939460100496631,0.0,0.957272540035315
b1628,rsxB,0,0,576,0.0,0.5486111111111112,+,0.952,5.8058389837940005,0.0,0.9570226290122569
b1629,rsxC,0,0,2220,0.0,0.5545045045045045,+,9.28,5.457194641130682,0.0,0.956422411675843
b1630,rsxD,1,1,1056,0.0009469696969696,0.5274621212121212,+,0.679,5.176900366161616,0.0,0.955715335833018
b1631,rsxG,0,0,618,0.0,0.5339805825242718,+,7.9,5.291834076382378,0.0,0.9553521030874352
b1632,rsxE,0,0,693,0.0,0.5281385281385281,+,0.823,5.149431374239035,0.0,0.9550672906973637
b1633,nth,0,0,633,0.0,0.4928909952606635,+,3.78,5.204870603650241,0.0,0.9547807547829954
b1634,dtpA,0,0,1500,0.0,0.5173333333333333,+,17.6,4.216821205675678,0.0,0.9540568745782751
b1635,gstA,1,1,603,0.0016583747927031,0.5074626865671642,+,734.0,7.62418057332626,0.0,0.9535574834132331
b1636,pdxY,0,0,861,0.0,0.5307781649245064,-,53.1,5.801210502848171,0.0,0.9532222579374757
b1637,tyrS,0,0,1272,0.0,0.5165094339622641,-,434.0,8.397330116246733,1.0,0.952736224085735
b1638,pdxH,0,0,654,0.0,0.5198776758409785,-,296.0,7.20731729932285,0.0,0.9522648401905184
b1639,mliC,0,0,327,0.0,0.4587155963302752,-,12.3,4.83583173300357,0.0,0.9520274247186131
b1640,anmK,0,0,1107,0.0,0.5465221318879856,-,27.3,5.574141200781264,0.0,0.9516753948809605
b1641,slyB,0,0,465,0.0,0.5161290322580645,+,1184.0,10.342984865129935,0.0,0.9512177991801195
b1642,slyA,0,0,432,0.0,0.4837962962962963,-,485.0,8.635308180178107,0.0,0.9510032204051488
b1643,ydhI,0,0,234,0.0,0.4957264957264957,+,2.36,3.987534080279739,0.0,0.9507722681493571
b1644,ydhJ,0,0,855,0.0,0.504093567251462,+,2.04,3.595152004931209,0.0,0.9505357144396004
b1645,ydhK,0,0,2010,0.0,0.5283582089552239,+,1.03,2.50429261756042,0.0,0.9499174000980686
b1646,sodC,0,0,519,0.0,0.5317919075144508,-,160.0,6.996110213482828,0.0,0.9493714737770087
b1647,ydhF,0,0,894,0.0,0.5257270693512305,-,341.0,6.597730599464761,0.0,0.9490310777283605
b1648,ydhL,0,0,237,0.0,0.5189873417721519,-,2.68,4.977971024914009,0.0,0.9487656549866298
b1649,nemR,0,0,597,0.0,0.52428810720268,+,1.57,3.889594209812021,0.0,0.9485407350658774
b1650,nemA,0,0,1095,0.0,0.5360730593607306,+,36.0,5.198040900775972,0.0,0.9481594053151766
b1651,gloA,0,0,405,0.0,0.5185185185185185,+,276.0,8.209498127553552,0.0,0.9478004813803361
b1652,rnt,0,0,645,0.0,0.5441860465116279,+,14.7,5.937777988276499,0.0,0.9475290263035661
b1653,lhr,1,1,4614,0.0002167316861725,0.5691374078890333,+,1.41,3.976021256442402,0.0,0.946354875376267
b1654,grxD,0,0,345,0.0,0.5304347826086957,-,1046.0,9.432911991470954,0.0,0.9452638844962957
b1655,ydhO,0,0,813,0.0,0.4797047970479705,+,0.526,5.68539044304281,0.0,0.9448696283133677
b1656,sodB,0,0,579,0.0,0.5043177892918825,+,1353.0,8.49710968233243,0.0,0.944513720546047
b1657,ydhP,0,0,1167,0.0,0.5347043701799485,-,16.7,4.5847509137433065,0.0,0.9440668968720619
b1658,purR,0,0,1023,0.0,0.5395894428152492,+,301.0,7.71760634251275,0.0,0.9433555122184947
b1659,ydhB,0,0,930,0.0,0.5387096774193548,-,1.31,4.276069413921521,0.0,0.9429349722900381
b1660,ydhC,0,0,1209,0.0,0.5343258891645989,+,0.927,3.997812893065356,0.0,0.9424248090981401
b1661,cfa,0,0,1146,0.0,0.4808027923211169,+,92.4,9.226899887385548,0.0,0.9417909830379356
b1662,ribC,0,0,639,0.0,0.4757433489827856,-,316.0,8.038916221628623,1.0,0.9413885401145972
b1663,mdtK,0,0,1371,0.0,0.5309992706053975,+,22.2,5.496898066536691,0.0,0.940862003441878
b1664,ydhQ,0,0,1254,0.0,0.5151515151515151,-,9.58,7.114600790404691,0.0,0.940277728705211
b1667,ydhR,0,0,303,0.0,0.4488448844884488,+,708.0,9.168694632523216,0.0,0.9396947466117667
b1668,ydhS,0,0,1602,0.0,0.4794007490636704,+,27.2,5.518528740993291,0.0,0.9392289641705152
b1669,ydhT,0,0,810,0.0,0.5296296296296297,-,0.317,2.4238535669321144,0.0,0.9387032892599445
b1670,ydhU,0,0,783,0.0,0.4942528735632184,-,,2.830146261185723,0.0,0.9383577226384054
b1671,ydhX,0,0,666,0.0,0.5045045045045045,-,3.9,2.2589708894067093,0.0,0.938045764740657
b1672,ydhW,0,0,645,0.0,0.524031007751938,-,0.063,2.821294452866916,0.0,0.9377350994861312
b1673,ydhV,0,0,2100,0.0,0.4804761904761905,-,5.74,1.832324110628109,0.0,0.9371409144847567
b1674,ydhY,0,0,624,0.0,0.4951923076923077,-,0.113,1.6325641710365637,0.0,0.9365441441969368
b1675,ydhZ,0,0,207,0.0,0.4685990338164251,-,46.4,6.221088757266946,0.0,0.9361684159002011
b1676,pykF,1,1,1410,0.000709219858156,0.5,+,2008.0,9.595390118076642,0.0,0.9355789705906432
b1677,lpp,0,0,234,0.0,0.5128205128205128,+,8094.0,14.854342294009632,0.0,0.9350899205713827
b1678,ynhG,0,0,1002,0.0,0.5189620758483033,-,130.0,7.227723653218031,0.0,0.9347951979166038
b1679,sufE,0,0,414,0.0,0.4903381642512077,-,15.6,6.481356081798136,0.0,0.9344250710738332
b1680,sufS,0,0,1218,0.0,0.5500821018062397,-,123.0,6.803271892880774,0.0,0.9340670089011412
b1681,sufD,0,0,1269,0.0,0.5334909377462569,-,31.9,6.918393088544272,0.0,0.9335318546069373
b1682,sufC,0,0,744,0.0,0.5067204301075269,-,151.0,6.810145133411365,0.0,0.933107867629887
b1683,sufB,0,0,1485,0.0,0.5164983164983165,-,30.1,6.950382167226495,0.0,0.9326226955402948
b1684,sufA,0,0,366,0.0,0.5355191256830601,-,53.9,7.266799747199803,0.0,0.9322189599737335
b1685,ydiH,0,0,186,0.0,0.4462365591397849,-,297.0,7.838318522770976,0.0,0.9318630522064127
b1686,ydiI,0,0,408,0.0,0.5171568627450981,-,58.2,7.108114556776687,0.0,0.9316911306577916
b1687,ydiJ,0,0,3054,0.0,0.5383104125736738,-,82.4,7.091410710942158,0.0,0.9309457063993596
b1688,ydiK,0,0,1110,0.0,0.5504504504504505,+,1.63,6.057267241126309,0.0,0.9298801375027684
b1689,ydiL,0,0,354,0.0,0.4604519774011299,+,1.98,1.700674355266799,0.0,0.9293790228134293
b1690,ydiM,0,0,1212,0.0,0.4504950495049505,+,,0.7201243482501285,0.0,0.9289976930627285
b1691,ydiN,0,0,1263,0.0,0.454473475851148,+,6.75,0.5300056851272931,0.0,0.9283660214078953
b1692,ydiB,1,1,864,0.0011574074074074,0.4780092592592592,+,0.69,2.4786115365529224,0.0,0.9279015316098664
b1693,aroD,0,0,756,0.0,0.5066137566137566,+,87.2,6.0723331561408,0.0,0.9275382988642836
b1694,ydiF,0,0,1593,0.0,0.4758317639673572,+,2.51,1.4347496971083118,0.0,0.9269699667273634
b1695,ydiO,1,1,1149,0.000870322019147,0.5204525674499565,+,1.01,1.903195331214497,0.0,0.926372334677395
b1696,ydiP,0,0,909,0.0,0.4213421342134213,-,0.639,3.8320148129454976,0.0,0.9259095684036632
b1697,ydiQ,0,0,762,0.0,0.5144356955380578,+,2.2,1.528092185854511,0.0,0.9254123316439923
b1698,ydiR,0,0,936,0.0,0.5373931623931624,+,0.021,2.392417014768448,0.0,0.9250370342283307
b1699,ydiS,0,0,1287,0.0,0.5470085470085471,+,0.033,1.9232190724800056,0.0,0.9245333342525462
b1700,ydiT,0,0,291,0.0,0.4845360824742268,+,,1.2772365034995532,0.0,0.9241937999660466
b1701,fadK,0,0,1644,0.0,0.4969586374695863,+,1.83,1.7640100616902972,0.0,0.9237512851028039
b1702,ppsA,1,1,2376,0.0004208754208754,0.5471380471380471,-,621.0,8.112919155884358,0.0,0.9228597921602051
b1703,ppsR,0,0,831,0.0,0.5138387484957883,+,73.7,6.287631165956675,0.0,0.9220247446383314
b1704,aroH,0,0,1044,0.0,0.5316091954022989,+,68.7,7.030953487972952,0.0,0.921552068099892
b1705,ydiE,0,0,189,0.0,0.5079365079365079,+,13.6,4.888792363558929,0.0,0.9212289072942134
b1706,ydiU,1,1,1434,0.000697350069735,0.5292887029288703,-,9.68,6.312699708017456,0.0,0.9208764465754865
b1707,ydiV,0,0,711,0.0,0.4247538677918425,-,0.044,5.314534987541569,0.0,0.9203865347940776
b1708,nlpC,0,0,462,0.0,0.4978354978354978,-,1.87,7.6606198596770545,0.0,0.9200263182160144
b1709,btuD,0,0,747,0.0,0.5528781793842035,-,2.76,6.422279056931662,0.0,0.9197315955612355
b1710,btuE,1,1,549,0.0018214936247723,0.4972677595628415,-,542.0,7.611631517396226,0.0,0.9194515228629807
b1711,btuC,0,0,978,0.0,0.5552147239263804,-,,4.664647056489622,0.0,0.9190943224524372
b1712,ihfA,0,0,297,0.0,0.5050505050505051,-,2832.0,10.74198550461872,0.0,0.9187754704575009
b1713,pheT,1,1,2385,0.00041928721174,0.5438155136268343,-,550.0,8.558781954556157,1.0,0.9181946427694277
b1714,pheS,0,0,981,0.0,0.5402650356778798,-,603.0,8.10466746873674,1.0,0.9174621449432228
b1715,pheM,0,0,42,0.0,0.3571428571428571,-,,,0.0,0.9171183018459806
b1716,rplT,0,0,354,0.0,0.4858757062146893,-,3650.0,11.993998184011318,1.0,0.9169791272590018
b1717,rpmI,0,0,195,0.0,0.5076923076923077,-,520.0,12.369722967706853,0.0,0.9168373673855774
b1718,infC,0,0,540,0.0,0.4888888888888889,-,1221.0,12.423425490015614,1.0,0.9166361459239081
b1719,thrS,0,0,1926,0.0,0.4963655244029076,-,669.0,9.89659106152836,1.0,0.916102284272927
b1722,ydiY,0,0,756,0.0,0.496031746031746,-,0.89,5.281357286078177,0.0,0.9143365336306988
b1723,pfkB,0,0,927,0.0,0.5426105717367853,+,217.0,7.516342385516057,0.0,0.9138496380168095
b1724,ydiZ,1,1,288,0.0034722222222222,0.4375,+,85.8,7.865877409496738,0.0,0.9135432815730261
b1725,yniA,0,0,858,0.0,0.5198135198135199,+,194.0,7.025084473571092,0.0,0.9132498515614699
b1726,yniB,0,0,534,0.0,0.4419475655430712,-,18.1,6.620363131841438,0.0,0.9129314304476078
b1727,yniC,0,0,666,0.0,0.5195195195195195,+,132.0,6.412163160114488,0.0,0.9126087005230035
b1728,ydjM,0,0,588,0.0,0.5153061224489796,+,,2.457474437334636,0.0,0.9122674427122067
b1729,ydjN,0,0,1389,0.0,0.5255579553635709,+,101.0,8.51114269191076,0.0,0.9117835632658372
b1730,ydjO,0,0,801,0.0,0.352059925093633,-,,1.436764450697808,0.0,0.911309163203101
b1731,cedA,0,0,240,0.0,0.5291666666666667,-,8.35,5.259855878839614,0.0,0.9109592877708196
b1732,katE,0,0,2259,0.0,0.5210270030987163,+,609.0,7.411685421961698,0.0,0.9103323558078029
b1733,chbG,0,0,747,0.0,0.5167336010709505,-,0.762,4.427399488522435,0.0,0.9095727124739209
b1734,chbF,0,0,1350,0.0,0.4688888888888889,-,0.907,3.041343208246983,0.0,0.9091142550109315
b1735,chbR,0,0,840,0.0,0.4166666666666667,-,5.17,3.914630963485814,0.0,0.9085963359596971
b1736,chbA,0,0,348,0.0,0.5028735632183908,-,2.52,3.6178635439822022,0.0,0.9083360837908572
b1737,chbC,0,0,1356,0.0,0.493362831858407,-,34.2,2.347138121711616,0.0,0.9079461364186716
b1738,chbB,0,0,318,0.0,0.4433962264150943,-,123.0,5.457726128795216,0.0,0.9075480023060755
b1739,osmE,0,0,336,0.0,0.5,-,1083.0,10.16852715829924,0.0,0.9072774089914539
b1740,nadE,0,0,825,0.0,0.4969696969696969,+,560.0,8.492630962979064,1.0,0.9069395982292512
b1741,cho,0,0,885,0.0,0.5163841807909605,+,0.18,4.509911079793323,0.0,0.9064712305015542
b1742,ves,0,0,573,0.0,0.5218150087260035,-,0.142,3.018370369706198,0.0,0.9061734916792555
b1743,spy,0,0,483,0.0,0.5113871635610766,-,362.0,5.762833893771295,0.0,0.905857655851839
b1744,astE,0,0,966,0.0,0.5351966873706004,-,1.17,2.5593477836407024,0.0,0.9054022145563692
b1745,astB,0,0,1341,0.0,0.5570469798657718,-,2.05,3.230086529090096,0.0,0.9049075630831437
b1746,astD,0,0,1476,0.0,0.5813008130081301,-,12.9,3.313077054816453,0.0,0.9043008825306162
b1747,astA,0,0,1032,0.0,0.561046511627907,-,1.62,3.3787515805076818,0.0,0.9037609885445957
b1748,astC,0,0,1218,0.0,0.5509031198686372,-,159.0,3.5770787075651795,0.0,0.903276678217152
b1749,xthA,0,0,804,0.0,0.5360696517412935,+,253.0,6.595793905445263,0.0,0.9026480227298385
b1750,ydjX,0,0,708,0.0,0.481638418079096,+,0.194,3.0935083217243826,0.0,0.902249457736168
b1751,ydjY,0,0,675,0.0,0.4859259259259259,+,6.53,3.8112780676107447,0.0,0.9019487027463498
b1752,ydjZ,0,0,705,0.0,0.5163120567375886,+,0.46,3.886274724334714,0.0,0.9016440698268634
b1753,ynjA,0,0,546,0.0,0.5659340659340659,+,1.73,4.601812007654528,0.0,0.9013734765122418
b1754,ynjB,0,0,1164,0.0,0.5652920962199313,+,7.23,4.624685960825429,0.0,0.9009999026208773
b1755,ynjC,0,0,1533,0.0,0.5688193085453359,+,1.12,2.8993291113619466,0.0,0.9004298469596601
b1756,ynjD,0,0,651,0.0,0.5130568356374808,+,3.65,3.952915854968248,0.0,0.8999584630644434
b1757,ynjE,0,0,1305,0.0,0.5363984674329502,+,35.4,4.711296025828096,0.0,0.899507330579716
b1758,ynjF,0,0,618,0.0,0.5372168284789643,-,0.112,4.34456740206513,0.0,0.8990880832944822
b1759,nudG,1,1,405,0.0024691358024691,0.5506172839506173,+,1.46,4.571555865112615,0.0,0.8988295546499393
b1760,ynjH,0,0,270,0.0,0.5111111111111111,-,74.9,4.625729462707032,0.0,0.8986977050412224
b1761,gdhA,0,0,1341,0.0,0.5339299030574198,+,919.0,10.031687256737987,0.0,0.8982482960807919
b1762,ynjI,1,1,1038,0.0009633911368015,0.4142581888246628,-,0.04,2.367384146226622,0.0,0.897684272754614
b1763,topB,0,0,1959,0.0,0.5523226135783563,-,3.62,6.107078445378929,0.0,0.8969827983657542
b1764,selD,0,0,1041,0.0,0.5513928914505284,-,302.0,7.839915878516838,0.0,0.8963334605868772
b1765,ydjA,0,0,549,0.0,0.5610200364298725,-,424.0,7.709423996285543,0.0,0.8959396352850235
b1766,sppA,1,1,1854,0.000539374325782,0.5183387270765911,+,11.3,6.094745898400228,0.0,0.8953514826186884
b1767,ansA,0,0,1014,0.0,0.5128205128205128,+,61.2,6.508353054132621,0.0,0.8946607802566845
b1768,pncA,0,0,639,0.0,0.5336463223787168,+,90.6,6.234002538287713,0.0,0.8942992710353986
b1769,ydjE,0,0,1356,0.0,0.4520648967551622,-,,1.4014321574705824,0.0,0.8938283180212562
b1770,ydjF,0,0,756,0.0,0.4246031746031746,-,10.7,4.717339897241581,0.0,0.8933220327590263
b1771,ydjG,0,0,978,0.0,0.4795501022494887,-,3.1,2.919798821811044,0.0,0.8928885663983427
b1772,ydjH,0,0,945,0.0,0.455026455026455,-,0.259,1.8265642262661856,0.0,0.8924693191131089
b1773,ydjI,1,1,834,0.001199040767386,0.4556354916067146,-,1.2,2.131009892416789,0.0,0.8920828187895172
b1774,ydjJ,1,1,1041,0.0009606147934678,0.4687800192122959,-,,1.5687761776077838,0.0,0.8916691729582484
b1775,ydjK,0,0,1377,0.0,0.4931009440813362,-,,1.0626544936962423,0.0,0.891140050999084
b1776,ydjL,0,0,1074,0.0,0.4990689013035381,-,7.18,1.5637915301049945,0.0,0.890599295250915
b1777,yeaC,0,0,270,0.0,0.4555555555555555,-,35.3,7.858225348482799,0.0,0.8901494554094103
b1778,msrB,0,0,411,0.0,0.48661800486618,-,417.0,8.114186604974504,0.0,0.8899839970769028
b1779,gapA,0,0,993,0.0,0.5015105740181269,+,8977.0,12.707822904032229,1.0,0.8895332954732497
b1780,yeaD,0,0,882,0.0,0.5,+,295.0,6.597688192455258,0.0,0.8890920732532297
b1781,yeaE,0,0,852,0.0,0.505868544600939,-,1.95,4.927715283038261,0.0,0.8886969553081532
b1782,mipA,0,0,744,0.0,0.5228494623655914,-,140.0,8.92153190916188,0.0,0.8883134711520811
b1783,yeaG,0,0,1932,0.0,0.5020703933747412,+,508.0,7.947916102330487,0.0,0.8875482263642341
b1784,yeaH,0,0,1281,0.0,0.492583918813427,+,6.34,6.262221967029663,0.0,0.8868066800354701
b1785,yeaI,0,0,1473,0.0,0.3856076035302104,+,0.069,1.5039234742565382,0.0,0.8861491555161826
b1786,yeaJ,0,0,1488,0.0,0.4603494623655914,+,4.72,3.950253880758056,0.0,0.8854321694086502
b1787,yeaK,0,0,501,0.0,0.5169660678642715,+,73.9,6.880647009610764,0.0,0.8849844839725167
b1788,yoaI,0,0,102,0.0,0.4313725490196078,-,,1.6229938951331586,0.0,0.8848530652448741
b1789,yeaL,0,0,444,0.0,0.5495495495495496,+,,4.299734552463743,0.0,0.884661323166838
b1790,yeaM,0,0,819,0.0,0.5006105006105006,-,0.15,4.197123514137943,0.0,0.8844071033330375
b1791,yeaN,0,0,1179,0.0,0.5284139100932994,+,0.012,2.494439678169173,0.0,0.8839339959135238
b1792,yeaO,0,0,345,0.0,0.527536231884058,+,192.0,6.41079022875978,0.0,0.8835811043137228
b1793,yoaF,0,0,252,0.0,0.5317460317460317,-,4.63,5.288311800690302,0.0,0.8834419297267438
b1794,yeaP,0,0,1023,0.0,0.4809384164222874,+,5.03,6.727893894478217,0.0,0.88308774548372
b1795,yeaQ,0,0,246,0.0,0.4674796747967479,-,,10.156393058394364,0.0,0.8826982289926086
b1796,yoaG,0,0,180,0.0,0.4666666666666667,-,,2.4056230588547347,0.0,0.8825418191626602
b1797,yeaR,0,0,357,0.0,0.484593837535014,-,1.27,3.1643157873341203,0.0,0.8824237577483189
b1798,leuE,0,0,636,0.0,0.4528301886792453,-,0.07,3.791571526082739,0.0,0.8821342056664309
b1799,dmlR,0,0,921,0.0,0.5244299674267101,-,5.03,5.293771779070887,0.0,0.8817433965320968
b1800,dmlA,0,0,1083,0.0,0.5383194829178208,+,12.9,4.107285880323056,0.0,0.881266411182915
b1801,yeaV,1,1,1443,0.0006930006930006,0.5128205128205128,+,5.46,0.8224089125424974,0.0,0.8806390483388242
b1802,yeaW,0,0,1122,0.0,0.5187165775401069,+,,1.567561044199581,0.0,0.8800715779640524
b1803,yeaX,0,0,963,0.0,0.5015576323987538,+,,2.236074009825236,0.0,0.8795976087823905
b1804,rnd,0,0,1125,0.0,0.5422222222222223,-,3.64,5.330294685199172,0.0,0.8791236396007284
b1805,fadD,0,0,1683,0.0,0.5121806298276886,-,61.9,4.944621699906479,0.0,0.8784876591351527
b1806,yeaY,0,0,579,0.0,0.538860103626943,-,33.3,6.401724852367948,0.0,0.877911140257822
b1807,tsaB,0,0,693,0.0,0.556998556998557,-,27.1,5.964085785756717,1.0,0.8776190028894885
b1808,yoaA,0,0,1908,0.0,0.5529350104821803,-,0.705,4.651568988132336,0.0,0.8770325737474503
b1809,yoaB,0,0,342,0.0,0.52046783625731,+,655.0,8.552021981643934,0.0,0.8764900944749844
b1810,yoaC,0,0,297,0.0,0.4478114478114478,+,5.01,6.927777812465336,0.0,0.8761699498368254
b1811,yoaH,0,0,177,0.0,0.5706214689265536,-,0.814,6.964932817682057,0.0,0.8760152635311738
b1812,pabB,0,0,1359,0.0,0.5106696100073583,+,4.2,4.763040140806168,0.0,0.8756515999045168
b1813,nudL,0,0,576,0.0,0.5503472222222222,+,8.12,5.945605044606439,0.0,0.8752319217382087
b1814,sdaA,0,0,1362,0.0,0.5411160058737151,+,58.1,5.602316928262712,0.0,0.8747342540974635
b1815,yoaD,0,0,1596,0.0,0.506265664160401,+,1.35,3.079202627781118,0.0,0.8740396738057915
b1816,yoaE,0,0,1554,0.0,0.5398970398970399,-,7.4,5.421769262267335,0.0,0.8733584508274209
b1817,manX,1,1,969,0.001031991744066,0.5046439628482973,+,1470.0,9.191062688341551,0.0,0.8726147500932857
b1818,manY,1,1,798,0.0012531328320802,0.5175438596491229,+,292.0,9.118170293349069,0.0,0.8722058439538337
b1819,manZ,0,0,849,0.0,0.5288574793875147,+,449.0,9.161516192850351,0.0,0.871844765613622
b1820,yobD,0,0,456,0.0,0.4539473684210526,+,17.8,5.036901616239035,0.0,0.8715388400509129
b1821,mntP,0,0,564,0.0,0.5195035460992907,+,0.02,2.358878581748543,0.0,0.8711333809600548
b1822,rlmA,0,0,807,0.0,0.5154894671623296,-,11.4,5.540310631481463,0.0,0.8708386583052758
b1823,cspC,0,0,207,0.0,0.4685990338164251,-,7032.0,11.584248174391158,0.0,0.870547813580165
b1824,yobF,0,0,141,0.0,0.4326241134751773,-,,11.982129405275275,0.0,0.8704663770571339
b1825,yebO,0,0,285,0.0,0.4385964912280701,-,10.8,8.018110341595628,0.0,0.8700850473064331
b1826,mgrB,0,0,141,0.0,0.4680851063829787,-,,7.179190788898582,0.0,0.8699600917949041
b1827,kdgR,0,0,789,0.0,0.4980988593155893,-,307.0,7.0392336018142,0.0,0.8695253327909976
b1828,yebQ,0,0,1371,0.0,0.524434719183078,+,3.37,2.010011968540616,0.0,0.8689828535185318
b1829,htpX,0,0,879,0.0,0.5369738339021616,-,66.5,8.276786536240579,0.0,0.8684774300184503
b1830,prc,0,0,2046,0.0,0.5043988269794721,-,226.0,7.97414773667256,0.0,0.8677634600784376
b1831,proQ,0,0,696,0.0,0.5301724137931034,-,508.0,9.226403934541969,0.0,0.8671632427420237
b1832,msrC,0,0,495,0.0,0.494949494949495,-,178.0,9.102854556739755,0.0,0.8668642112765024
b1833,yebS,0,0,1281,0.0,0.5011709601873536,+,0.916,4.71548093824205,0.0,0.8664247125807795
b1834,yebT,0,0,2631,0.0,0.5370581527936146,+,56.0,5.359866606548215,0.0,0.8655944047507224
b1835,rsmF,0,0,1437,0.0,0.5184411969380655,+,3.02,4.780927416685135,0.0,0.8646826603976343
b1836,yebV,0,0,234,0.0,0.4871794871794871,+,684.0,9.070217968228787,0.0,0.8642707380906626
b1837,yebW,0,0,189,0.0,0.4656084656084656,+,,6.363758738837268,0.0,0.8641337179090548
b1838,pphA,0,0,654,0.0,0.4801223241590214,-,,3.594798304196581,0.0,0.8639505934525036
b1839,yebY,0,0,339,0.0,0.4631268436578171,-,87.0,7.232137088505429,0.0,0.8635653857721346
b1840,yebZ,0,0,870,0.0,0.532183908045977,-,0.105,6.256593013146563,0.0,0.8632982395061068
b1841,yobA,0,0,372,0.0,0.5026881720430108,-,6.66,7.497694968799931,0.0,0.8630280770725595
b1842,holE,0,0,228,0.0,0.4912280701754385,+,11.8,6.797659268160278,0.0,0.8628380585188204
b1843,yobB,0,0,654,0.0,0.5214067278287462,+,1.15,5.826118551779503,0.0,0.8626032283333607
b1844,exoX,0,0,660,0.0,0.5196969696969697,+,1.52,6.253826147077759,0.0,0.8623089365596559
b1845,ptrB,1,1,2058,0.0004859086491739,0.4990281827016521,-,3.07,5.0029547931121465,0.0,0.8617238000608404
b1846,yebE,0,0,657,0.0,0.5296803652968036,-,98.3,5.051688228125799,0.0,0.8610481785364349
b1847,yebF,0,0,354,0.0,0.4971751412429379,-,395.0,8.465154586669465,0.0,0.860688392839446
b1848,yebG,0,0,288,0.0,0.4965277777777778,-,69.6,6.89986038687888,0.0,0.860520349220493
b1849,purT,0,0,1176,0.0,0.5391156462585034,+,334.0,6.659867901248942,0.0,0.8601463444480543
b1850,eda,0,0,639,0.0,0.564945226917058,-,1146.0,7.922362883897128,0.0,0.8597305442114144
b1851,edd,1,1,1809,0.0005527915975677,0.5373134328358209,-,25.6,5.677952027563927,0.0,0.8591863414146516
b1852,zwf,0,0,1473,0.0,0.517990495587237,-,474.0,8.448782167182781,0.0,0.8583771467572321
b1853,yebK,0,0,867,0.0,0.4913494809688581,+,17.6,5.7649842508965765,0.0,0.8577265163351324
b1854,pykA,0,0,1440,0.0,0.5291666666666667,+,827.0,8.54932617972944,0.0,0.8571732650358105
b1855,waaN,0,0,969,0.0,0.5170278637770898,-,16.3,6.602470130919931,0.0,0.8565971770395541
b1856,yebA,0,0,1320,0.0,0.5257575757575758,-,3.02,6.323929359514966,0.0,0.8560512507184942
b1857,znuA,0,0,930,0.0,0.4924731182795699,-,853.0,7.252488787151995,0.0,0.8555587536506399
b1858,znuC,0,0,753,0.0,0.4926958831341301,+,11.5,6.089235153762129,0.0,0.8551614813001922
b1859,znuB,1,1,783,0.0012771392081736,0.5210727969348659,+,2.87,5.023261426066399,0.0,0.8548309955162515
b1860,ruvB,0,0,1008,0.0,0.5287698412698413,-,20.4,6.15251417638127,0.0,0.8543807247936726
b1861,ruvA,0,0,609,0.0,0.5336617405582923,-,119.0,6.334227794368104,0.0,0.8540278331938715
b1862,yebB,0,0,600,0.0,0.4433333333333333,+,0.081,1.516400398453096,0.0,0.8536477960863934
b1863,ruvC,0,0,519,0.0,0.5626204238921002,-,2.54,7.291930270541104,0.0,0.8534052100415973
b1864,yebC,0,0,738,0.0,0.5230352303523035,-,502.0,8.227997883623456,0.0,0.8531182432461546
b1865,nudB,0,0,450,0.0,0.5266666666666666,-,1.09,8.05145186069495,0.0,0.8528489425747557
b1866,aspS,1,1,1770,0.0005649717514124,0.5378531073446328,-,656.0,8.166958260927348,1.0,0.8523189588534427
b1867,yecD,0,0,564,0.0,0.5319148936170213,+,135.0,6.279661397124969,0.0,0.8516816857446443
b1868,yecE,0,0,816,0.0,0.5110294117647058,+,0.424,4.507073201667209,0.0,0.8513848086844942
b1869,yecN,0,0,393,0.0,0.5089058524173028,+,2.04,7.378027644544367,0.0,0.8511008580565712
b1870,cmoA,0,0,741,0.0,0.5074224021592443,+,53.8,6.456370241425997,0.0,0.8508380206012859
b1871,cmoB,0,0,969,0.0,0.52218782249742,+,17.3,5.8912505737752205,0.0,0.8504700481638865
b1872,torZ,0,0,2427,0.0,0.5138030490317265,-,3.14,2.6725947642417194,0.0,0.8496664549604321
b1873,torY,0,0,1098,0.0,0.4744990892531876,-,0.357,1.0460470837483082,0.0,0.8488951778375458
b1874,cutC,0,0,744,0.0,0.5201612903225806,-,34.0,6.3232359466254815,0.0,0.8483302927492195
b1875,yecM,0,0,564,0.0,0.5106382978723404,-,22.6,6.208773791785863,0.0,0.8480416024294799
b1876,argS,0,0,1731,0.0,0.5337954939341422,+,215.0,7.207222550155985,1.0,0.8474534497631446
b1877,yecT,0,0,486,0.0,0.3909465020576131,+,,2.3952772499016173,0.0,0.8468984749395259
b1878,flhE,0,0,390,0.0,0.5282051282051282,-,1.43,2.486268670376884,0.0,0.8466571815379524
b1879,flhA,0,0,2076,0.0,0.5496146435452793,-,4.94,3.270867722520575,0.0,0.8461250434112683
b1880,flhB,0,0,1146,0.0,0.5506108202443281,-,2.03,2.3909668027743947,0.0,0.8454330484060416
b1881,cheZ,0,0,642,0.0,0.5358255451713395,-,384.0,4.622813314504108,0.0,0.844959940986528
b1882,cheY,0,0,387,0.0,0.4935400516795866,-,499.0,4.513940852816105,0.0,0.8447328666604045
b1883,cheB,0,0,1047,0.0,0.5444126074498568,-,10.5,2.7660535094141485,0.0,0.8444165999519136
b1884,cheR,0,0,858,0.0,0.5442890442890443,-,4.57,2.9497561258095564,0.0,0.8440038158827935
b1885,tap,0,0,1599,0.0,0.5359599749843652,-,52.5,3.014585137030725,0.0,0.8434656454210699
b1886,tar,0,0,1659,0.0,0.5280289330922242,-,398.0,3.220272239283156,0.0,0.8427430578595724
b1887,cheW,0,0,501,0.0,0.5229540918163673,-,262.0,4.768955274242922,0.0,0.8422143667814821
b1888,cheA,1,1,1962,0.0005096839959225,0.5316004077471967,-,229.0,3.736592200072584,0.0,0.8416736110333132
b1889,motB,0,0,924,0.0,0.5324675324675324,-,11.6,3.063243702257031,0.0,0.8410488334756677
b1890,motA,1,1,885,0.0011299435028248,0.5141242937853108,-,31.1,3.176081984662572,0.0,0.8406597478656306
b1891,flhC,0,0,576,0.0,0.4930555555555556,-,0.275,5.046361301765911,0.0,0.8402891901417857
b1892,flhD,0,0,348,0.0,0.4655172413793103,-,4.38,5.419486056581301,0.0,0.8400879686801165
b1893,insB1,0,0,501,0.0,0.5489021956087824,-,,1.9979536058276757,0.0,0.8397661005176605
b1894,insA,0,0,273,0.0,0.5347985347985348,-,0.189,3.0073957660440955,0.0,0.8396333891467952
b1895,uspC,0,0,426,0.0,0.4530516431924882,+,11.4,5.663368295137427,0.0,0.8392499049907232
b1896,otsA,0,0,1422,0.0,0.4922644163150492,-,165.0,7.455956298164243,0.0,0.8388478929484589
b1897,otsB,0,0,798,0.0,0.5075187969924813,-,39.2,6.959001589179595,0.0,0.8383795252207619
b1900,araG,0,0,1512,0.0,0.5231481481481481,-,5.69,2.352219206671606,0.0,0.837377726723158
b1901,araF,2,1,987,0.0020263424518743,0.5197568389057751,-,330.0,2.564494173174728,0.0,0.8368085328240894
b1902,ftnB,0,0,501,0.0,0.4790419161676646,+,4.14,6.202379371180542,0.0,0.8361436833265398
b1904,yecR,0,0,321,0.0,0.5077881619937694,+,7.8,2.774093108362986,0.0,0.8356236098699342
b1905,ftnA,0,0,495,0.0,0.4303030303030303,+,1282.0,7.263338257586745,0.0,0.8353732679658018
b1906,yecH,0,0,237,0.0,0.4725738396624472,-,0.631,4.497487415133225,0.0,0.8351983302496611
b1907,tyrP,0,0,1209,0.0,0.5128205128205128,+,0.092,4.042086515706911,0.0,0.8348036431856589
b1908,yecA,0,0,663,0.0,0.5324283559577677,-,280.0,6.932888389822476,0.0,0.8343727621114206
b1912,pgsA,0,0,546,0.0,0.5256410256410257,-,46.0,7.014854815196678,1.0,0.8338311446011032
b1913,uvrC,0,0,1830,0.0,0.5174863387978142,-,8.93,6.646088117725888,0.0,0.8332938359015282
b1914,uvrY,0,0,654,0.0,0.4984709480122324,-,54.6,7.821497564513278,0.0,0.8327591124883985
b1915,yecF,0,0,222,0.0,0.4864864864864865,+,54.1,5.744810629237747,0.0,0.8323717504026583
b1916,sdiA,0,0,720,0.0,0.4680555555555555,-,2.7,5.051793902203797,0.0,0.8321386437414955
b1917,yecC,0,0,750,0.0,0.5453333333333333,-,127.0,6.54737126279941,0.0,0.8317219817427072
b1918,yecS,0,0,666,0.0,0.5285285285285285,-,10.8,6.375665001349901,0.0,0.8314173488232207
b1919,dcyD,0,0,984,0.0,0.540650406504065,-,344.0,7.274110741946967,0.0,0.8310545469587121
b1920,fliY,0,0,798,0.0,0.5,-,1913.0,9.53960167587772,0.0,0.8306245276466223
b1921,fliZ,0,0,549,0.0,0.4681238615664845,-,37.6,4.458559643260086,0.0,0.8302957653869786
b1922,fliA,0,0,717,0.0,0.5439330543933054,-,47.6,3.9084983277971785,0.0,0.8300023353754223
b1923,fliC,0,0,1494,0.0,0.4759036144578313,-,1852.0,7.193371286659897,0.0,0.8293866063203359
b1924,fliD,0,0,1404,0.0,0.5235042735042735,+,65.4,3.507514625157348,0.0,0.828646783515869
b1925,fliS,0,0,408,0.0,0.5,+,5.58,3.822937857697769,0.0,0.8282447714736046
b1926,fliT,0,0,363,0.0,0.5179063360881543,+,,3.5200625784124457,0.0,0.8280780204978745
b1927,amyA,1,1,1485,0.0006734006734006,0.498989898989899,+,31.9,6.978105120147254,0.0,0.8276454158993393
b1928,yedD,0,0,411,0.0,0.5742092457420924,-,181.0,7.63874760692342,0.0,0.8272214289222889
b1929,yedE,0,0,1203,0.0,0.5494596841230258,+,16.4,6.165237934003883,0.0,0.8267922713723476
b1930,yedF,0,0,231,0.0,0.4891774891774891,+,291.0,6.111590788378754,0.0,0.8264837605231931
b1931,yedK,0,0,666,0.0,0.5195195195195195,+,0.168,3.7556599641623594,0.0,0.8262424671216196
b1932,yedL,0,0,477,0.0,0.4716981132075472,+,12.1,4.5983554450893465,0.0,0.8259477444668407
b1936,intG,0,0,162,0.0,0.5,+,,1.5611509041876792,0.0,0.8251967187544434
b1937,fliE,0,0,312,0.0,0.5416666666666666,-,0.196,3.4341042802332264,0.0,0.825078226459028
b1938,fliF,0,0,1656,0.0,0.5471014492753623,+,11.4,2.7443524382060787,0.0,0.8245607382888679
b1939,fliG,0,0,993,0.0,0.5568982880161127,+,34.8,3.182668600855146,0.0,0.8239924061519476
b1940,fliH,0,0,684,0.0,0.5730994152046783,+,3.54,3.019723744607475,0.0,0.8236330513360329
b1941,fliI,0,0,1371,0.0,0.587162654996353,+,6.26,2.5231476721746104,0.0,0.8231896747106419
b1942,fliJ,0,0,441,0.0,0.5170068027210885,+,1.02,2.370128220964733,0.0,0.822790247954823
b1943,fliK,0,0,1125,0.0,0.5502222222222222,+,0.217,2.769169594001643,0.0,0.8224532989547687
b1944,fliL,0,0,462,0.0,0.5367965367965368,+,27.1,3.541998947614705,0.0,0.8220650751068801
b1945,fliM,0,0,1002,0.0,0.5339321357285429,+,38.1,3.3462344068263867,0.0,0.821746653993018
b1946,fliN,0,0,411,0.0,0.5523114355231143,+,128.0,3.126485216994604,0.0,0.82144288283568
b1947,fliO,0,0,363,0.0,0.5482093663911846,+,2.99,2.379480435151975,0.0,0.8212739774545786
b1948,fliP,0,0,735,0.0,0.5319727891156463,+,1.6,2.132139504720856,0.0,0.8210365619826734
b1949,fliQ,0,0,267,0.0,0.5056179775280899,+,,2.129965112085023,0.0,0.8208155199915892
b1950,fliR,0,0,783,0.0,0.4763729246487867,+,,1.6513065603849144,0.0,0.8205849986168717
b1951,rcsA,0,0,621,0.0,0.3832528180354267,+,0.014,4.249744720732081,0.0,0.8201567028290789
b1952,dsrB,0,0,186,0.0,0.521505376344086,-,,6.633381514316699,0.0,0.8199628063456718
b1953,yodD,0,0,225,0.0,0.4888888888888889,+,135.0,7.419448477677946,0.0,0.8198033803482037
b1955,yedP,0,0,813,0.0,0.5227552275522755,+,243.0,5.928897445314579,0.0,0.8194504887484025
b1956,yedQ,0,0,1692,0.0,0.514775413711584,-,4.2,4.764676090479445,0.0,0.8189110256434563
b1957,yodC,0,0,180,0.0,0.5333333333333333,-,9.35,5.564538910508095,0.0,0.818433178532126
b1958,yedI,0,0,915,0.0,0.5322404371584699,-,9.27,5.330435966339372,0.0,0.8181625852175045
b1959,yedA,0,0,918,0.0,0.5381263616557734,+,0.59,1.4830096876706895,0.0,0.8176920630844363
b1960,vsr,0,0,468,0.0,0.561965811965812,-,0.989,4.461065125386359,0.0,0.8173973404296574
b1961,dcm,0,0,1416,0.0,0.5225988700564972,-,5.15,6.010292655900354,0.0,0.816998775435987
b1962,yedJ,0,0,693,0.0,0.5454545454545454,-,3.39,6.166497813567978,0.0,0.8165148959896175
b1963,yedR,0,0,363,0.0,0.5041322314049587,-,,6.249619066391602,0.0,0.8162692937773017
b1967,hchA,0,0,849,0.0,0.4876325088339223,+,733.0,7.635920188186026,0.0,0.8149943166786308
b1968,yedV,0,0,1356,0.0,0.3974926253687316,-,2.21,4.757266239024764,0.0,0.8144716579355799
b1969,yedW,0,0,669,0.0,0.4499252615844544,-,5.5,5.901301765246334,0.0,0.8140347445263023
b1970,hiuH,0,0,411,0.0,0.4209245742092457,+,23.6,4.363525698859077,0.0,0.8137438998011914
b1971,yedY,0,0,1002,0.0,0.5229540918163673,+,22.3,5.113599259906506,0.0,0.8133914390824646
b1972,yedZ,0,0,633,0.0,0.4818325434439178,+,1.22,4.117653967735463,0.0,0.8130381166015893
b1973,zinT,0,0,648,0.0,0.382716049382716,+,403.0,5.013452126592835,0.0,0.8126503236347749
b1974,yodB,0,0,528,0.0,0.4242424242424242,+,0.2,3.302255126609556,0.0,0.8122483115925107
b1976,mtfA,0,0,795,0.0,0.460377358490566,+,133.0,6.556571915178405,0.0,0.8116381839913893
b1978,yeeJ,0,0,7074,0.0,0.5,+,0.007,3.1777644756965877,0.0,0.8097306734757367
b1981,shiA,0,0,1314,0.0,0.5045662100456622,+,42.5,6.540807423355817,0.0,0.807220791218299
b1982,amn,0,0,1452,0.0,0.5034435261707989,+,69.6,7.511152364492777,0.0,0.8065800710609068
b1983,yeeN,0,0,714,0.0,0.4005602240896359,+,195.0,7.916852164055069,0.0,0.8059647728868946
b1985,yeeO,0,0,1485,0.0,0.494949494949495,-,2.2,3.518822554478314,0.0,0.8052193486284625
b1987,cbl,1,1,948,0.0010548523206751,0.4831223628691983,-,0.647,5.469822021101221,0.0,0.8045760431846248
b1988,nac,0,0,915,0.0,0.4830601092896175,-,,4.249571274085565,0.0,0.8041300812727882
b1990,erfK,0,0,930,0.0,0.4978494623655914,-,49.6,6.258600965599472,0.0,0.8035341727471168
b1991,cobT,0,0,1077,0.0,0.5143918291550603,-,4.13,4.709004942548282,0.0,0.8030731299976819
b1992,cobS,0,0,741,0.0,0.5371120107962213,-,4.15,3.8350832822090815,0.0,0.80267542676616
b1993,cobU,0,0,543,0.0,0.5064456721915286,-,13.8,5.081911087168729,0.0,0.8023992319975732
b1994,insH1,0,0,1014,0.0,0.5483234714003945,-,1.52,6.450750321534401,0.0,0.8018296072174304
b1996,insD1,0,0,903,0.0,0.5514950166112956,-,2.86,5.479481071712302,0.0,0.8007131943540791
b1997,insC1,0,0,363,0.0,0.5344352617079889,-,0.649,6.227691112200571,0.0,0.8004576818770558
b1999,yeeP,0,0,549,0.0,0.5846994535519126,+,,3.287750819245249,0.0,0.8000535154294204
b2000,flu,2,1,3117,0.0006416426050689,0.5826114854026307,+,485.0,5.792064534879915,0.0,0.7991215196658431
b2001,yeeR,1,1,1530,0.0006535947712418,0.5032679738562091,+,0.388,3.226920581056735,0.0,0.7980671536771822
b2002,yeeS,0,0,444,0.0,0.5855855855855856,+,,2.430741670090351,0.0,0.7976423049379833
b2003,yeeT,0,0,219,0.0,0.5296803652968036,+,,0.4117306355723564,0.0,0.797471676032585
b2004,cbeA,0,0,366,0.0,0.5765027322404371,+,,0.3932674910368378,0.0,0.797312680916191
b2005,cbtA,0,0,372,0.0,0.532258064516129,+,0.78,0.8010197139594724,0.0,0.7971144756220414
b2006,yeeW,0,0,168,0.0,0.4880952380952381,+,,3.953701663262417,0.0,0.7969994303752198
b2007,yeeX,0,0,327,0.0,0.4831804281345566,-,2796.0,10.36078968477889,0.0,0.7964940068751384
b2008,yeeA,1,1,1056,0.0009469696969696,0.509469696969697,-,0.233,5.108315505362754,0.0,0.7961208638648481
b2009,sbmC,0,0,471,0.0,0.4755838641188959,-,124.0,5.643496842458349,0.0,0.7957059253903567
b2010,dacD,0,0,1164,0.0,0.493127147766323,-,0.317,3.8262407102003984,0.0,0.795301328061647
b2011,sbcB,0,0,1425,0.0,0.5017543859649123,+,18.3,5.664118577425796,0.0,0.7946528520449185
b2012,yeeD,0,0,225,0.0,0.5066666666666667,-,39.9,7.94493736752657,0.0,0.7942779855103312
b2013,yeeE,0,0,1056,0.0,0.5056818181818182,-,2.08,6.679905308345964,0.0,0.7939948966445567
b2014,plaP,0,0,1356,0.0,0.528023598820059,-,1.04,6.829524013165929,0.0,0.7933972645945883
b2015,yeeY,0,0,927,0.0,0.505933117583603,-,2.23,4.470667206150657,0.0,0.7927897222799124
b2016,yeeZ,0,0,822,0.0,0.5206812652068127,-,214.0,7.486610556575695,0.0,0.7923920190483905
b2017,yefM,0,0,249,0.0,0.4859437751004016,-,22.4,7.246826686388675,0.0,0.7920167216327291
b2018,hisL,0,0,48,0.0,0.4375,+,,,0.0,0.7918297192465097
b2019,hisG,0,0,897,0.0,0.5418060200668896,+,563.0,8.391873678938392,0.0,0.7915625729804819
b2020,hisD,0,0,1302,0.0,0.5814132104454686,+,417.0,8.13092348808486,0.0,0.791085156750226
b2021,hisC,0,0,1068,0.0,0.5543071161048689,+,321.0,7.907104327150815,0.0,0.7905749935583279
b2022,hisB,0,0,1065,0.0,0.5352112676056338,+,262.0,8.207100770399041,0.0,0.7901148125710415
b2023,hisH,0,0,588,0.0,0.5680272108843537,+,172.0,7.60764094124855,0.0,0.789757612160498
b2024,hisA,0,0,735,0.0,0.5741496598639456,+,88.5,7.526662666165881,0.0,0.7894719380082781
b2025,hisF,0,0,774,0.0,0.520671834625323,+,196.0,7.81631817449289,0.0,0.789153516894416
b2026,hisI,0,0,609,0.0,0.5467980295566502,+,161.0,7.970515671721182,0.0,0.7888575015964144
b2027,wzzB,0,0,978,0.0,0.4601226993865031,-,276.0,8.54892495873116,0.0,0.7884731556781939
b2028,ugd,0,0,1164,0.0,0.4390034364261168,-,11.4,4.863263503000254,0.0,0.7879479116486975
b2029,gnd,0,0,1404,0.0,0.5028490028490028,-,1965.0,10.036829422898505,0.0,0.7872865091997419
b2030,insH1,0,0,1014,0.0,0.5483234714003945,-,0.589,6.974087458882672,0.0,0.786494549785292
b2032,wbbK,1,1,1116,0.0008960573476702,0.3189964157706093,-,30.1,7.157246827679095,0.0,0.7858279767634454
b2033,wbbJ,0,0,588,0.0,0.4064625850340136,-,12.9,7.549152273152194,0.0,0.7854664675421595
b2034,wbbI,0,0,990,0.0,0.3606060606060606,-,71.8,7.801339679558314,0.0,0.7851338273528476
b2035,wbbH,0,0,1164,0.0,0.3230240549828179,-,,6.528907798522853,0.0,0.7846676140305219
b2036,glf,1,1,1101,0.0009082652134423,0.3569482288828338,-,340.0,8.008795229585296,0.0,0.7841789948923358
b2037,wzxB,0,0,1245,0.0,0.3542168674698795,-,1.07,6.875256226252622,0.0,0.7836692625815119
b2038,rfbC,0,0,555,0.0,0.3873873873873873,-,67.8,7.539315346122251,0.0,0.7832819004957717
b2039,rfbA,0,0,879,0.0,0.4288964732650739,-,289.0,8.005083530524411,0.0,0.7829720970033944
b2040,rfbD,0,0,897,0.0,0.4671125975473801,-,105.0,7.573589259883292,0.0,0.7825636217450166
b2041,rfbB,1,1,1083,0.0009233610341643,0.4376731301939058,-,186.0,7.819501542442986,0.0,0.7821361877193723
b2042,wcaN,0,0,891,0.0,0.5185185185185185,-,591.0,9.181465917324156,0.0,0.7815493276962598
b2043,wcaM,0,0,1392,0.0,0.4712643678160919,-,0.667,3.4961326149137424,0.0,0.7809809955593396
b2044,wcaL,0,0,1218,0.0,0.5492610837438424,-,0.338,2.609014377801252,0.0,0.7804130943034937
b2045,wcaK,0,0,1278,0.0,0.5438184663536776,-,1.14,2.070596813971453,0.0,0.7798757856039186
b2046,wzxC,0,0,1476,0.0,0.5413279132791328,-,0.2,1.3075160265375192,0.0,0.7791626774260544
b2047,wcaJ,0,0,1392,0.0,0.5466954022988506,-,0.164,1.3523679050743755,0.0,0.7785430704412998
b2048,cpsG,0,0,1368,0.0,0.5519005847953217,-,26.5,1.9559694241078025,0.0,0.7779238943376194
b2049,cpsB,0,0,1434,0.0,0.5529986052998606,-,2.67,1.9313372583380413,0.0,0.7772741256776682
b2050,wcaI,0,0,1221,0.0,0.556920556920557,-,0.361,1.5201998014189964,0.0,0.7767001920867829
b2051,wcaH,0,0,477,0.0,0.5471698113207547,-,,1.3791177199085818,0.0,0.7763348049358288
b2052,wcaG,0,0,963,0.0,0.5659397715472482,-,42.1,1.8347213388824437,0.0,0.7760224161570062
b2053,gmd,1,1,1119,0.000893655049151,0.5495978552278821,-,31.5,2.220328518436021,0.0,0.7755717145533529
b2054,wcaF,0,0,546,0.0,0.4816849816849817,-,0.453,1.0718349807915664,0.0,0.7752007259484339
b2055,wcaE,0,0,744,0.0,0.4556451612903225,-,,1.264160444408616,0.0,0.7749150517962139
b2056,wcaD,0,0,1215,0.0,0.4213991769547325,-,0.35,1.2028357486035417,0.0,0.7744876177705696
b2057,wcaC,0,0,1215,0.0,0.5366255144032922,-,1.21,1.3715242869060196,0.0,0.7739740075300776
b2058,wcaB,0,0,486,0.0,0.5411522633744856,-,0.177,1.1549806754519256,0.0,0.7736077586169752
b2059,wcaA,1,1,837,0.001194743130227,0.5173237753882916,-,0.259,1.4668545370589876,0.0,0.7733207918215325
b2060,wzc,1,1,2160,0.0004629629629629,0.5273148148148148,-,0.338,1.2951571698099336,0.0,0.7726339673891968
b2061,wzb,0,0,441,0.0,0.5487528344671202,-,,0.8418479734951075,0.0,0.7720716675873159
b2062,wza,0,0,1137,0.0,0.5391380826737028,-,2.11,1.1168170852116197,0.0,0.7717282553711481
b2063,yegH,1,1,1581,0.0006325110689437,0.5319418089816572,+,6.79,5.231036317937531,0.0,0.7708578756011868
b2064,asmA,0,0,1851,0.0,0.5256618044300378,-,12.6,5.931555059810587,0.0,0.7699995605013042
b2065,dcd,0,0,579,0.0,0.6062176165803109,-,110.0,7.5118863122848785,0.0,0.7694656988503231
b2066,udk,0,0,639,0.0,0.4898278560250391,-,61.3,6.811893614717662,0.0,0.7691627894551336
b2067,yegE,0,0,3315,0.0,0.5236802413273002,+,1.58,4.427606841241265,0.0,0.7681730556276084
b2068,alkA,0,0,846,0.0,0.5567375886524822,-,2.58,4.1360524510314285,0.0,0.7672285643128782
b2069,yegD,0,0,1350,0.0,0.5622222222222222,+,8.45,4.06127577304417,0.0,0.7666968570672683
b2070,yegI,0,0,1944,0.0,0.5087448559670782,-,1.74,2.355491751005728,0.0,0.7659807327218844
b2071,yegJ,0,0,459,0.0,0.4139433551198257,+,17.9,2.1267357772819,0.0,0.7653762065747282
b2072,yegK,1,1,759,0.0013175230566534,0.5230566534914362,-,0.153,1.128712279022002,0.0,0.7650849309685431
b2073,yegL,0,0,657,0.0,0.5114155251141552,-,0.051,1.6596763044824798,0.0,0.7647802980490567
b2074,mdtA,0,0,1245,0.0,0.5534136546184739,+,2.84,4.287374788946568,0.0,0.7639870459913841
b2075,mdtB,1,1,3120,0.0003205128205128,0.5666666666666667,+,1.01,3.399037515784568,0.0,0.7630455708441736
b2076,mdtC,0,0,3075,0.0,0.5632520325203252,+,0.356,3.0827694155201497,0.0,0.761709839514035
b2077,mdtD,0,0,1413,0.0,0.5555555555555556,+,0.03,2.667878531493993,0.0,0.7607416497402218
b2078,baeS,0,0,1401,0.0,0.5374732334047109,+,1.27,3.225599231949296,0.0,0.7601358309498428
b2079,baeR,0,0,720,0.0,0.5416666666666666,+,53.1,5.685754215373316,0.0,0.7596790970111503
b2080,yegP,0,0,330,0.0,0.4848484848484848,+,779.0,8.250654668236155,0.0,0.7593697243998473
b2081,yegQ,0,0,1359,0.0,0.5415746872700515,+,66.0,6.315442764910855,0.0,0.7589418594931288
b2082,ogrK,0,0,216,0.0,0.5138888888888888,-,,5.044519950664579,0.0,0.7584838329112135
b2083,yegZ,0,0,210,0.0,0.4857142857142857,-,,2.902177066376154,0.0,0.7583558612321648
b2085,yegR,0,0,315,0.0,0.365079365079365,-,17.6,3.315593071189499,0.0,0.7581667044405742
b2086,yegS,0,0,897,0.0,0.4983277591973244,+,43.1,5.673086504482403,0.0,0.7577297910312966
b2088,insE1,0,0,297,0.0,0.5016835016835017,+,0.463,0.2725622485573991,,0.7572023925964291
b2089,insF1,0,0,864,0.0,0.5520833333333334,+,,0.6597163110708126,,0.7569524815733708
b2091,gatD,0,0,1038,0.0,0.4884393063583815,-,1021.0,8.099402127360376,0.0,0.7563544186423282
b2092,gatC,0,0,1353,0.0,0.5129342202512934,-,,8.973400793105547,0.0,0.7558179717049016
b2093,gatB,0,0,282,0.0,0.4184397163120567,-,4398.0,9.410556603684954,0.0,0.7554629256997293
b2094,gatA,0,0,450,0.0,0.4288888888888889,-,2071.0,9.666305045765474,0.0,0.7552910041511083
b2095,gatZ,0,0,1260,0.0,0.4904761904761904,-,3362.0,10.079365805069807,0.0,0.7549174302597438
b2096,gatY,0,0,852,0.0,0.5328638497652582,-,5808.0,10.607519405700396,0.0,0.7544490625320468
b2097,fbaB,0,0,1050,0.0,0.5123809523809524,-,949.0,8.750515263240915,0.0,0.7539057214974324
b2098,yegT,0,0,1275,0.0,0.5027450980392156,+,0.682,2.3681420492813023,0.0,0.7532934394909399
b2099,yegU,0,0,1002,0.0,0.5568862275449101,+,11.0,3.3541055047314248,0.0,0.7528030968284568
b2100,yegV,0,0,963,0.0,0.5700934579439252,+,2.73,3.003125224637204,0.0,0.7523804024946291
b2101,yegW,0,0,744,0.0,0.5147849462365591,-,1.78,4.611927141408162,0.0,0.7520227712030113
b2102,yegX,0,0,816,0.0,0.4816176470588235,-,2.74,4.311037884441711,0.0,0.7516634163870967
b2103,thiD,0,0,798,0.0,0.5551378446115288,-,328.0,6.849204445256085,0.0,0.7512868263282124
b2104,thiM,0,0,786,0.0,0.5419847328244275,-,277.0,7.2133320107625565,0.0,0.75094599939849
b2105,rcnR,0,0,270,0.0,0.4888888888888889,-,49.4,6.741071850682611,0.0,0.7506215459495886
b2106,rcnA,0,0,822,0.0,0.5170316301703163,+,,5.665530746848304,0.0,0.7503332865109232
b2107,rcnB,0,0,336,0.0,0.5029761904761905,+,198.0,7.07839853801831,0.0,0.7499885816515327
b2108,yehA,1,1,1032,0.000968992248062,0.3885658914728682,-,,0.940011973056323,0.0,0.7496576649865178
b2109,yehB,0,0,2478,0.0,0.4556093623890234,-,0.058,1.3874918427704634,0.0,0.7488937128418933
b2110,yehC,0,0,717,0.0,0.3947001394700139,-,1.04,0.583929837866875,0.0,0.7481978399069986
b2111,yehD,0,0,540,0.0,0.4074074074074074,-,0.467,2.20238764387614,0.0,0.747910873111556
b2112,yehE,0,0,279,0.0,0.4444444444444444,-,4.2,6.9601619343764245,0.0,0.7476075328352922
b2113,mrp,0,0,1107,0.0,0.5411020776874436,-,139.0,7.32555117826044,0.0,0.7471947487661721
b2114,metG,1,1,2031,0.000492368291482,0.5312653865091088,+,458.0,8.02631410208747,1.0,0.7464609582967443
b2118,yehI,0,0,3630,0.0,0.5082644628099173,+,1.73,2.0776133030043518,0.0,0.7435400154944835
b2119,yehL,0,0,1086,0.0,0.5441988950276243,+,0.743,1.1048183538098044,0.0,0.742227982623428
b2120,yehM,0,0,2277,0.0,0.5573122529644269,+,0.254,1.1933020663014031,0.0,0.7414980700836685
b2121,yehP,0,0,1134,0.0,0.5440917107583775,+,1.09,1.1047207045439251,0.0,0.7407651413763893
b2122,yehQ,0,0,1998,0.0,0.5430430430430431,+,,1.7537752042763235,0.0,0.7400908124952065
b2123,yehR,0,0,459,0.0,0.4270152505446623,+,5.03,2.1766307585211124,0.0,0.7395069686396136
b2124,yehS,0,0,468,0.0,0.4935897435897436,-,11.6,6.007175542351632,0.0,0.7392889428160491
b2125,yehT,0,0,717,0.0,0.4951185495118549,-,41.3,4.617284696275981,0.0,0.7390127480474624
b2126,yehU,0,0,1683,0.0,0.5062388591800356,-,1.24,3.857312975929768,0.0,0.7384961216394508
b2127,mlrA,0,0,729,0.0,0.5308641975308642,+,5.2,5.525998483268773,0.0,0.7378799617032902
b2128,yehW,0,0,729,0.0,0.5775034293552812,-,1.48,4.346066934770013,0.0,0.7375012172390347
b2129,yehX,0,0,924,0.0,0.553030303030303,-,6.76,4.468742938686193,0.0,0.7371418624231201
b2130,yehY,0,0,1155,0.0,0.5748917748917749,-,0.04,4.323138142557143,0.0,0.7366963313923577
b2131,osmF,0,0,915,0.0,0.5420765027322404,-,333.0,6.198458039274323,0.0,0.736246491550853
b2132,bglX,0,0,2295,0.0,0.5429193899782135,-,55.5,6.0180061997575205,0.0,0.735463149757888
b2133,dld,0,0,1713,0.0,0.5230589608873322,+,333.0,7.65044643639518,0.0,0.7345143496324154
b2134,pbpG,0,0,930,0.0,0.5086021505376344,-,5.14,6.108257039330069,0.0,0.7339274896093029
b2135,yohC,0,0,585,0.0,0.5367521367521367,-,3.23,5.042969056640542,0.0,0.7335254775670387
b2136,yohD,1,1,576,0.0017361111111111,0.546875,+,0.08,5.453143913921376,0.0,0.7332010241181373
b2137,yohF,0,0,759,0.0,0.5520421607378129,-,70.4,4.681808531714331,0.0,0.7328567501398209
b2139,mdtQ,0,0,1434,0.0,0.5516039051603905,-,,1.1433804530949994,,0.7323608060233727
b2140,dusC,1,1,945,0.001058201058201,0.5439153439153439,-,1.3,3.9774340261064007,0.0,0.731554627533473
b2141,yohJ,0,0,396,0.0,0.494949494949495,+,0.096,4.407820805135347,0.0,0.7311616639937677
b2142,yohK,0,0,693,0.0,0.5367965367965368,+,5.3,4.382410966311299,0.0,0.7309276955704563
b2143,cdd,0,0,882,0.0,0.5487528344671202,+,480.0,5.822998797776384,0.0,0.7305312849821572
b2144,sanA,0,0,717,0.0,0.4783821478382148,+,4.48,4.489537105960701,0.0,0.7301215170805566
b2145,yeiS,1,1,237,0.0042194092827004,0.4345991561181435,+,0.005,4.485722500630123,0.0,0.7299138324027739
b2146,preT,0,0,1236,0.0,0.5161812297734628,+,43.9,2.265277314041424,0.0,0.7295118203605095
b2147,preA,0,0,1233,0.0,0.5117599351175993,+,40.7,2.656521129092919,0.0,0.7289818366391966
b2148,mglC,0,0,1008,0.0,0.5029761904761905,-,2.79,3.1312953128321457,0.0,0.7283932530917872
b2149,mglA,0,0,1518,0.0,0.4545454545454545,-,135.0,3.5577315959623763,0.0,0.727841294435688
b2150,mglB,0,0,996,0.0,0.5120481927710844,-,2315.0,5.126651965174835,0.0,0.7272725314176935
b2151,galS,0,0,1038,0.0,0.5260115606936416,-,1.2,2.6799731379027265,0.0,0.7267128169022581
b2152,yeiB,0,0,1155,0.0,0.5454545454545454,-,0.445,5.673132913800866,0.0,0.7261785243702027
b2153,folE,1,1,666,0.0015015015015015,0.5135135135135135,-,900.0,9.848397681246226,1.0,0.7257778049711612
b2154,yeiG,0,0,834,0.0,0.5455635491606715,+,47.0,7.157586854431168,0.0,0.7253426150861805
b2155,cirA,0,0,1989,0.0,0.5279034690799397,-,322.0,7.360740937692695,0.0,0.7247199919339062
b2156,lysP,0,0,1467,0.0,0.5357873210633947,-,6.63,7.884475934347852,0.0,0.7238478886396481
b2157,yeiE,0,0,879,0.0,0.5392491467576792,-,12.8,5.542501354667379,0.0,0.7232532727571994
b2158,yeiH,0,0,1047,0.0,0.5319961795606495,+,0.171,4.46809713381957,0.0,0.7227948152942099
b2159,nfo,0,0,855,0.0,0.5251461988304094,+,17.9,6.831610228999315,0.0,0.7223523004309672
b2160,yeiI,0,0,1086,0.0,0.5193370165745856,+,4.71,5.372446006311601,0.0,0.7219317605025107
b2161,nupX,0,0,1248,0.0,0.5048076923076923,-,0.765,1.3945835776437945,0.0,0.7213819562517828
b2162,rihB,0,0,939,0.0,0.5218317358892439,-,,0.7804150585140932,0.0,0.7208670533680681
b2163,yeiL,0,0,657,0.0,0.4520547945205479,+,0.2,1.7389198625697022,0.0,0.7204495296071313
b2164,psuT,0,0,1248,0.0,0.5120192307692307,-,0.147,2.610152701543328,0.0,0.7200074456249629
b2165,psuG,0,0,936,0.0,0.4989316239316239,-,17.8,1.3856325586385627,0.0,0.7194955589087678
b2166,psuK,0,0,939,0.0,0.4717784877529286,-,3.57,0.986765753196001,0.0,0.719096132152949
b2167,fruA,0,0,1689,0.0,0.5583185316755477,-,148.0,5.868799347107355,0.0,0.7183468299648488
b2168,fruK,0,0,936,0.0,0.5352564102564102,-,143.0,5.663055832659827,0.0,0.7177728963739634
b2169,fruB,0,0,1128,0.0,0.5567375886524822,-,233.0,5.15704616280107,0.0,0.7173273653432011
b2170,setB,0,0,1179,0.0,0.5318066157760815,+,,2.5166460321637847,0.0,0.7166711334671363
b2171,yeiP,0,0,570,0.0,0.5017543859649123,+,378.0,7.278441747408564,0.0,0.7161183130488886
b2172,yeiQ,0,0,1464,0.0,0.5211748633879781,+,3.27,3.5846760898703813,0.0,0.7155831587546847
b2173,yeiR,0,0,984,0.0,0.5467479674796748,+,7.52,4.802598281889836,0.0,0.7150040545909085
b2174,lpxT,0,0,711,0.0,0.4430379746835443,+,6.72,4.91515697178134,0.0,0.714621432196985
b2175,spr,0,0,564,0.0,0.4698581560283688,+,4.3,9.212236370569055,0.0,0.7141681453068864
b2176,rtn,0,0,1554,0.0,0.5064350064350064,+,4.15,4.35510218311153,0.0,0.7136329910126825
b2177,yejA,0,0,1812,0.0,0.5121412803532008,+,0.706,4.579434030584536,0.0,0.7128716241545036
b2178,yejB,0,0,1092,0.0,0.5137362637362637,+,0.219,3.686100986194651,0.0,0.712244692191487
b2179,yejE,0,0,1023,0.0,0.5278592375366569,+,1.21,3.8160116092202094,0.0,0.7117883891338688
b2180,yejF,0,0,1587,0.0,0.5141776937618148,+,4.39,4.548865378329935,0.0,0.7112243658076909
b2181,yejG,0,0,342,0.0,0.4912280701754385,-,7.28,7.459848108294069,0.0,0.7108059802846056
b2182,bcr,0,0,1188,0.0,0.5336700336700336,-,29.2,5.7970558564058825,0.0,0.7103320111029435
b2183,rsuA,0,0,693,0.0,0.5310245310245311,-,128.0,7.509325070805808,0.0,0.7099140564609324
b2184,yejH,0,0,1758,0.0,0.5324232081911263,+,0.993,4.142252984982614,0.0,0.7093207332217064
b2185,rplY,0,0,282,0.0,0.5106382978723404,+,5408.0,10.398257829474812,0.0,0.7088265126295552
b2186,yejK,0,0,1005,0.0,0.5243781094527363,-,102.0,6.742679591756676,0.0,0.7084887018673524
b2187,yejL,0,0,225,0.0,0.5111111111111111,+,166.0,8.37176628252229,0.0,0.7081444278890361
b2188,yejM,0,0,1758,0.0,0.5210466439135382,+,4.99,6.281481952143605,1.0,0.7077075144797585
b2190,yejO,0,0,2589,0.0,0.4820393974507532,-,,4.141912239596908,0.0,0.7064023757058909
b2192,insH1,0,0,1014,0.0,0.5483234714003945,-,0.589,6.798035917012441,0.0,0.705847400882272
b2193,narP,0,0,645,0.0,0.5271317829457365,+,50.5,5.906850066417912,0.0,0.7053087995394743
b2194,ccmH,0,0,1050,0.0,0.5419047619047619,-,11.0,3.8846887993032455,0.0,0.7048516347197076
b2195,dsbE,0,0,555,0.0,0.5459459459459459,-,2.51,3.688544618151093,0.0,0.7045064989792428
b2196,ccmF,0,0,1941,0.0,0.5713549716640907,-,1.86,3.3957563117777907,0.0,0.7039691902796676
b2197,ccmE,1,1,477,0.0020964360587002,0.5366876310272537,-,1.65,4.283392317510921,0.0,0.703448685941988
b2198,ccmD,1,1,207,0.0048309178743961,0.5748792270531401,-,,3.3671982618174914,0.0,0.7033017554956726
b2199,ccmC,0,0,735,0.0,0.5537414965986395,-,0.115,4.134776203374693,0.0,0.7030992413907807
b2200,ccmB,0,0,660,0.0,0.5621212121212121,-,0.269,3.322088636488599,0.0,0.7027795276336959
b2201,ccmA,0,0,621,0.0,0.5603864734299517,-,1.09,4.759787321669934,0.0,0.7025041946272577
b2202,napC,0,0,600,0.0,0.5183333333333333,-,4.13,4.788501951238816,0.0,0.7022344630747845
b2203,napB,0,0,447,0.0,0.5592841163310962,-,0.191,3.3874642217070488,0.0,0.7020039417000671
b2204,napH,0,0,861,0.0,0.5598141695702671,-,0.028,2.5663970851274,0.0,0.7017225763585896
b2205,napG,0,0,693,0.0,0.5930735930735931,-,0.133,2.698449823026732,0.0,0.7013925214557231
b2206,napA,0,0,2484,0.0,0.5619967793880838,-,13.9,3.6955488665232,0.0,0.7007039734990904
b2207,napD,0,0,261,0.0,0.5478927203065134,-,0.152,2.636261430161095,0.0,0.7001132355463098
b2208,napF,0,0,492,0.0,0.556910569105691,-,,3.2099935717028147,0.0,0.6999542404299159
b2209,eco,0,0,486,0.0,0.4979423868312757,+,48.9,5.259000285707341,0.0,0.6995668783441757
b2210,mqo,0,0,1644,0.0,0.5413625304136253,-,5.42,6.0861872619470425,0.0,0.6987990482698833
b2211,yojI,0,0,1641,0.0,0.5350396099939062,-,1.85,5.337660808524329,0.0,0.6979967477096517
b2212,alkB,0,0,648,0.0,0.529320987654321,-,14.5,3.2508197495149465,0.0,0.6974697801558583
b2213,ada,0,0,1062,0.0,0.5706214689265536,-,0.104,4.360594673371909,0.0,0.6971005150752362
b2214,apbE,0,0,1053,0.0,0.5356125356125356,-,1.88,3.843082631099199,0.0,0.6966123268181242
b2215,ompC,0,0,1101,0.0,0.5077202543142597,-,1739.0,12.446007125208924,0.0,0.6960991474587065
b2216,rcsD,1,1,2670,0.0003745318352059,0.4940074906367041,+,21.8,6.795304974642542,0.0,0.6949672228766827
b2217,rcsB,0,0,648,0.0,0.4799382716049383,+,657.0,9.029229054018453,0.0,0.694244204434111
b2218,rcsC,0,0,2847,0.0,0.5093080435546189,-,4.37,5.401780687515623,0.0,0.6934044172204207
b2219,atoS,0,0,1824,0.0,0.4857456140350877,+,0.22,2.369046720881144,0.0,0.6923250601294539
b2220,atoC,0,0,1383,0.0,0.4909616775126536,+,4.33,3.1405599890862743,0.0,0.6916347886485242
b2221,atoD,0,0,660,0.0,0.5409090909090909,+,0.091,0.5882609044466508,0.0,0.6911091137379537
b2222,atoA,0,0,648,0.0,0.5370370370370371,+,6.97,0.5955414509760337,0.0,0.6908264557532534
b2223,atoE,0,0,1320,0.0,0.531060606060606,+,0.274,1.0576392767024947,0.0,0.6904028996572772
b2224,atoB,0,0,1182,0.0,0.5313028764805414,+,0.673,1.8621738687198623,0.0,0.6898496483579554
b2225,yfaP,0,0,774,0.0,0.5258397932816538,-,,2.050027134052599,0.0,0.6893954997057082
b2226,yfaQ,0,0,1647,0.0,0.5470552519732848,-,2.5,1.8058482727249172,0.0,0.6888711174383603
b2229,yfaT,0,0,621,0.0,0.5152979066022544,-,,0.8644631136954996,0.0,0.6864258673420583
b2230,yfaA,2,1,1686,0.0011862396204033,0.5118623962040332,-,3.06,2.0263864881240767,0.0,0.6859290614634617
b2231,gyrA,0,0,2625,0.0,0.5405714285714286,-,450.0,8.460599084606365,1.0,0.6849354497062684
b2232,ubiG,0,0,720,0.0,0.5430555555555555,+,131.0,7.052415752698333,0.0,0.6841503843890063
b2233,yfaL,1,1,3750,0.0002666666666666,0.5141333333333333,-,0.145,3.462328567153232,0.0,0.6831313506484329
b2234,nrdA,1,1,2283,0.0004380201489268,0.5370127025843189,+,347.0,7.36837714053679,1.0,0.6815310583387122
b2235,nrdB,0,0,1128,0.0,0.5062056737588653,+,225.0,7.440348215308292,1.0,0.6806942872925416
b2236,yfaE,0,0,252,0.0,0.5634920634920635,+,,6.537580320900557,0.0,0.6803961175891687
b2237,inaA,0,0,648,0.0,0.4969135802469135,-,1.67,5.605569906112351,0.0,0.6801780917656042
b2238,yfaH,0,0,240,0.0,0.4125,+,,1.306821821267613,0.0,0.6799087910942052
b2239,glpQ,0,0,1074,0.0,0.457169459962756,-,429.0,5.021819748332801,0.0,0.6796067434611642
b2240,glpT,0,0,1356,0.0,0.5272861356932154,-,87.5,2.1198753712212524,0.0,0.6790802067884452
b2241,glpA,0,0,1626,0.0,0.5738007380073801,+,254.0,1.0954565124336777,0.0,0.6783192708113405
b2242,glpB,0,0,1257,0.0,0.5592680986475735,+,139.0,1.323596138104775,0.0,0.6777018182319571
b2243,glpC,0,0,1188,0.0,0.5412457912457912,+,98.9,1.508855873522065,0.0,0.677175281559238
b2244,yfaD,1,1,897,0.0011148272017837,0.4849498327759197,+,,4.584726093450497,0.0,0.6766422816704053
b2245,rhmA,0,0,801,0.0,0.5368289637952559,-,10.1,2.729240684037328,0.0,0.6761726212994856
b2246,rhmT,0,0,1287,0.0,0.5283605283605284,-,,1.850451746663212,0.0,0.6757141638364962
b2247,rhmD,0,0,1203,0.0,0.5228595178719867,-,0.724,1.1693224719804207,0.0,0.6751522949156895
b2248,rhmR,0,0,780,0.0,0.5115384615384615,-,0.467,0.9819982858102376,0.0,0.6747175359117832
b2249,yfaY,0,0,1200,0.0,0.5425,-,40.4,5.86238367806678,0.0,0.6741953080498064
b2250,yfaZ,0,0,540,0.0,0.5333333333333333,-,4.02,4.452912610367881,0.0,0.6737764916456469
b2251,nudI,0,0,423,0.0,0.4799054373522459,+,1.28,4.427871122186753,0.0,0.6734481602670773
b2252,ais,0,0,600,0.0,0.435,-,47.2,2.3812143128553607,0.0,0.6732098830330235
b2253,arnB,0,0,1137,0.0,0.5145118733509235,+,119.0,4.480172987166477,0.0,0.672702305127571
b2254,arnC,0,0,966,0.0,0.5,+,12.9,3.7641890000349862,0.0,0.6722464329510269
b2255,arnA,0,0,1980,0.0,0.5116161616161616,+,42.4,4.209509948722084,0.0,0.6716108833665255
b2256,arnD,0,0,888,0.0,0.5292792792792793,+,6.49,3.528083806243302,0.0,0.6709934307871421
b2257,arnT,0,0,1650,0.0,0.5103030303030303,+,0.058,2.6124575619801527,0.0,0.6704457809417854
b2258,arnF,0,0,384,0.0,0.4869791666666667,+,,2.504652455669455,0.0,0.6698636606104895
b2259,pmrD,0,0,264,0.0,0.4734848484848485,-,49.4,5.965761478707966,0.0,0.6697257786667333
b2260,menE,0,0,1353,0.0,0.5617147080561715,-,2.0,4.76021293607136,0.0,0.6693293680784341
b2261,menC,0,0,960,0.0,0.590625,-,9.4,6.083608124358872,0.0,0.6688312695566148
b2262,menB,0,0,855,0.0,0.5578947368421052,-,316.0,6.937395766987582,0.0,0.6684395986601323
b2263,menH,0,0,756,0.0,0.5621693121693122,-,1.71,4.3142150276786575,0.0,0.6680849835360342
b2264,menD,1,1,1668,0.000599520383693,0.5815347721822542,-,3.15,4.9584809672200105,0.0,0.6675631865551317
b2265,menF,0,0,1293,0.0,0.534416086620263,-,11.4,5.766555715922223,0.0,0.6668862723875034
b2266,elaB,0,0,303,0.0,0.5247524752475248,-,885.0,10.959172315128177,0.0,0.666507527923248
b2267,elaA,0,0,459,0.0,0.4814814814814814,-,23.1,6.165829192673794,0.0,0.6663188020127316
b2268,rbn,1,1,915,0.0010928961748633,0.5092896174863388,+,3.7,5.180756121490145,0.0,0.6659939176827561
b2269,elaD,0,0,1209,0.0,0.3548387096774194,+,0.302,1.5850915427320675,0.0,0.6654544545778098
b2270,yfbK,0,0,1725,0.0,0.472463768115942,-,0.606,1.6826837914696071,0.0,0.664790897723483
b2271,yfbL,0,0,969,0.0,0.4520123839009288,+,0.258,1.013887865141127,0.0,0.6641501775660907
b2272,yfbM,0,0,501,0.0,0.4570858283433133,+,0.809,2.0768745030777755,0.0,0.6637882374637306
b2273,yfbN,0,0,714,0.0,0.392156862745098,-,0.04,1.5879403599646804,0.0,0.6634077694751782
b2274,yfbO,0,0,420,0.0,0.4047619047619047,+,,2.6406237353237683,0.0,0.663072543999421
b2275,yfbP,0,0,846,0.0,0.4361702127659574,+,,2.804172478459817,0.0,0.6627735125338996
b2276,nuoN,0,0,1455,0.0,0.5731958762886598,-,22.4,7.590194078603097,0.0,0.6622409435261412
b2277,nuoM,0,0,1527,0.0,0.5481335952848723,-,2.59,7.556170102193736,0.0,0.6615946219147838
b2278,nuoL,1,1,1839,0.0005437737901033,0.5720500271886895,-,17.3,7.210323033742009,0.0,0.6607979228085173
b2279,nuoK,0,0,300,0.0,0.55,-,87.4,6.302071555530059,0.0,0.6603373109401567
b2280,nuoJ,0,0,552,0.0,0.5398550724637681,-,12.3,6.968746768209552,0.0,0.6601541864836054
b2281,nuoI,0,0,540,0.0,0.5462962962962963,-,276.0,7.320678527356645,0.0,0.659912893082032
b2282,nuoH,0,0,975,0.0,0.5435897435897435,-,21.0,7.383622073780483,0.0,0.6595793911305716
b2283,nuoG,1,1,2724,0.000367107195301,0.5642437591776799,-,329.0,8.062913769208611,0.0,0.6587826920243052
b2284,nuoF,0,0,1335,0.0,0.5632958801498127,-,206.0,7.927491905028559,0.0,0.6578847358655927
b2285,nuoE,0,0,498,0.0,0.5542168674698795,-,203.0,8.187751597181043,0.0,0.6574900488015905
b2286,nuoC,0,0,1788,0.0,0.5598434004474273,-,358.0,8.103620813376756,0.0,0.656995397328365
b2287,nuoB,0,0,660,0.0,0.5196969696969697,-,272.0,8.581295086320308,0.0,0.6564214637374797
b2288,nuoA,0,0,441,0.0,0.5374149659863946,-,167.0,8.805091117783745,0.0,0.6561767232873124
b2289,lrhA,0,0,936,0.0,0.4989316239316239,-,20.1,6.760466028406698,0.0,0.6556070985071695
b2290,alaA,0,0,1215,0.0,0.5061728395061729,+,75.1,6.424726626140931,0.0,0.6547466290019157
b2291,yfbR,0,0,597,0.0,0.4958123953098827,+,23.0,5.3610844781430105,0.0,0.6543191949762713
b2292,yfbS,0,0,1830,0.0,0.5229508196721312,-,2.98,4.179354992277899,0.0,0.6537698216066177
b2293,yfbT,0,0,648,0.0,0.566358024691358,-,71.7,8.018349175016745,0.0,0.6531976115400293
b2294,yfbU,0,0,492,0.0,0.4776422764227642,-,684.0,8.498943936973985,0.0,0.6529464078737484
b2295,yfbV,0,0,453,0.0,0.5121412803532008,-,2.48,7.105393730264466,0.0,0.6527064071153977
b2296,ackA,1,1,1200,0.0008333333333333,0.5225,+,1142.0,8.530666240681906,0.0,0.6522035689017617
b2297,pta,0,0,2142,0.0,0.5560224089635855,+,1011.0,7.706261571612269,0.0,0.6514503887839933
b2298,yfcC,0,0,1518,0.0,0.5217391304347826,+,5.14,2.166365615772167,0.0,0.6505791472518836
b2299,yfcD,0,0,540,0.0,0.5333333333333333,-,135.0,7.617118029810202,0.0,0.6501206897888941
b2300,yfcE,0,0,552,0.0,0.5217391304347826,-,164.0,7.639540044109108,0.0,0.6498595758579058
b2301,yfcF,0,0,642,0.0,0.5171339563862928,-,50.9,6.141449141479889,0.0,0.6495786413975024
b2302,yfcG,0,0,645,0.0,0.5162790697674419,+,38.6,5.423686445802518,0.0,0.6492421232785224
b2303,folX,0,0,360,0.0,0.4527777777777778,+,204.0,8.210432471386616,0.0,0.6489999681148005
b2304,yfcH,0,0,891,0.0,0.5499438832772167,+,153.0,7.416488987223011,0.0,0.6487207571786942
b2305,yfcI,0,0,888,0.0,0.4572072072072072,-,1.29,3.7178908332575658,0.0,0.6483157289689102
b2306,hisP,0,0,771,0.0,0.5214007782101168,-,58.0,6.012934792439537,0.0,0.6478727832245933
b2307,hisM,0,0,714,0.0,0.4971988795518207,-,0.814,5.747022517321783,0.0,0.6475483297756919
b2308,hisQ,0,0,684,0.0,0.5263157894736842,-,6.22,6.58110699745537,0.0,0.6472475747858737
b2309,hisJ,0,0,780,0.0,0.4897435897435897,-,1161.0,9.046344066751509,0.0,0.6468925287807014
b2310,argT,0,0,780,0.0,0.5025641025641026,-,2249.0,7.803322940772471,0.0,0.6464603550632404
b2311,ubiX,0,0,567,0.0,0.5343915343915344,-,12.0,5.346233423188221,0.0,0.6460548959723822
b2312,purF,0,0,1515,0.0,0.5293729372937294,-,172.0,7.694980729920006,0.0,0.6455645533098991
b2313,cvpA,0,0,486,0.0,0.4938271604938271,-,6.98,8.246022199119308,0.0,0.6451164369926914
b2314,dedD,0,0,660,0.0,0.5727272727272728,-,29.4,6.649729787382348,0.0,0.6447570821767767
b2315,folC,0,0,1266,0.0,0.5616113744075829,-,43.4,6.0791840933930406,1.0,0.6443455907508792
b2316,accD,0,0,912,0.0,0.5548245614035088,-,551.0,9.055458182926497,1.0,0.6438453378236887
b2317,dedA,0,0,657,0.0,0.4916286149162861,-,4.14,6.437682970946301,0.0,0.6434394478517562
b2318,truA,0,0,810,0.0,0.5555555555555556,-,6.03,6.0458573913582105,0.0,0.6430865562519551
b2319,usg,0,0,1011,0.0,0.5509396636993076,-,136.0,6.388893826692048,0.0,0.6426935927122499
b2320,pdxB,0,0,1134,0.0,0.5317460317460317,-,235.0,7.25797249122574,0.0,0.6422019574065441
b2321,flk,0,0,993,0.0,0.5216515609264853,+,1.27,5.243347211728672,0.0,0.6417004118361308
b2322,yfcJ,0,0,1176,0.0,0.5671768707482994,-,,3.2874915627536185,0.0,0.6412333367516565
b2323,fabB,0,0,1218,0.0,0.5673234811165846,-,1896.0,8.807820278590954,1.0,0.6406025268589718
b2324,mnmC,0,0,2004,0.0,0.529441117764471,+,7.53,4.698352453969021,0.0,0.6398390055954216
b2325,yfcL,0,0,276,0.0,0.532608695652174,-,70.1,6.905021315307531,0.0,0.6392948027986588
b2326,epmC,0,0,546,0.0,0.5036630036630036,-,3.02,6.543224876028503,0.0,0.6391021989584743
b2327,yfcA,1,1,807,0.0012391573729863,0.5291201982651796,-,0.02,5.88218734604728,0.0,0.6388100615901408
b2328,mepA,0,0,822,0.0,0.5559610705596107,-,7.26,6.610267189429886,0.0,0.6384580317524882
b2329,aroC,0,0,1083,0.0,0.5687903970452447,-,117.0,7.781011268640509,0.0,0.6380452476833679
b2330,prmB,0,0,930,0.0,0.5268817204301075,-,428.0,7.5705026694293425,0.0,0.6375954078418632
b2331,smrB,0,0,549,0.0,0.5336976320582878,+,28.0,6.478468124786597,0.0,0.6372045987075291
b2332,yfcO,0,0,819,0.0,0.4554334554334554,-,0.038,5.884568638236128,0.0,0.6368784217343308
b2333,yfcP,0,0,537,0.0,0.4897579143389199,-,2.65,1.6880943952509688,0.0,0.6365845608417003
b2334,yfcQ,0,0,486,0.0,0.4670781893004115,-,,1.6865326198395183,0.0,0.6363643806127646
b2335,yfcR,0,0,510,0.0,0.492156862745098,-,1.88,1.6216644234812243,0.0,0.6361502327188682
b2336,yfcS,0,0,750,0.0,0.5106666666666667,-,0.148,0.9892179142102172,0.0,0.6358779158799497
b2339,yfcV,0,0,561,0.0,0.463458110516934,-,,0.6121296004711049,0.0,0.6344111967032428
b2340,sixA,0,0,483,0.0,0.5341614906832298,-,15.8,8.21981986294597,0.0,0.6338919850087856
b2341,fadJ,0,0,2142,0.0,0.523342670401494,-,15.4,4.133257186444652,0.0,0.6332379075380921
b2342,fadI,0,0,1308,0.0,0.5596330275229358,-,44.3,3.7437855073442736,0.0,0.6324937759228826
b2343,yfcZ,0,0,282,0.0,0.5212765957446809,-,329.0,7.763324331872495,0.0,0.6320723742322777
b2344,fadL,0,0,1338,0.0,0.4985052316890881,+,74.4,5.968201772689934,0.0,0.6315622110403796
b2345,yfdF,0,0,1056,0.0,0.3560606060606061,+,3.18,2.1888482830979075,0.0,0.6308878821591968
b2346,mlaA,0,0,753,0.0,0.5205843293492696,-,46.4,7.571092137623249,0.0,0.6304190835504255
b2347,yfdC,0,0,930,0.0,0.4870967741935484,+,3.21,4.788371650128823,0.0,0.6299287408879425
b2349,intS,0,0,1155,0.0,0.4779220779220779,+,1.12,4.34497972337376,0.0,0.6293444661512755
b2350,gtrA,0,0,360,0.0,0.4611111111111111,+,0.535,6.6863928280630045,0.0,0.6289510717304959
b2351,gtrB,0,0,918,0.0,0.3954248366013072,+,30.2,7.404488859215394,0.0,0.628676169605132
b2352,gtrS,1,1,1329,0.000752445447705,0.2761474793077502,+,6.24,6.281403699022682,0.0,0.6281927210398367
b2353,tfaS,0,0,288,0.0,0.5381944444444444,+,,,0.0,0.6276911754694234
b2354,yfdK,0,0,438,0.0,0.45662100456621,-,0.184,3.183410313347577,0.0,0.6275459685474051
b2355,yfdL,0,0,576,0.0,0.5086805555555556,-,,0.7490926969126965,0.0,0.6273150162916135
b2356,yfdM,0,0,270,0.0,0.5296296296296297,-,,0.3731549060132741,0.0,0.6271344771215076
b2357,yfdN,0,0,492,0.0,0.5467479674796748,-,0.397,0.3271184000294964,0.0,0.6269698805511486
b2358,oweS,0,0,705,0.0,0.5234042553191489,-,,,0.0,0.6267126445498283
b2359,yfdP,0,0,360,0.0,0.5055555555555555,+,,,0.0,0.6264739364347004
b2360,yfdQ,0,0,822,0.0,0.4574209245742092,+,0.196,2.8337347322168305,0.0,0.6261899858067774
b2361,yfdR,0,0,534,0.0,0.4625468164794007,+,0.396,,0.0,0.6258418338987929
b2362,yfdS,0,0,360,0.0,0.475,+,0.44,0.981631722451873,0.0,0.6256522462261281
b2363,yfdT,0,0,303,0.0,0.4323432343234323,+,,1.7345322219851094,0.0,0.6255087628284067
b2364,dsdC,1,1,933,0.0010718113612004,0.4823151125401929,-,0.381,4.088011630475096,0.0,0.6250192819280722
b2365,dsdX,0,0,1335,0.0,0.4883895131086142,+,0.179,1.8479055357794971,0.0,0.6244358689535536
b2366,dsdA,1,1,1326,0.0007541478129713,0.5098039215686274,+,21.6,4.089180854600289,0.0,0.6238537486222577
b2367,emrY,1,1,1536,0.0006510416666666,0.4166666666666667,-,,1.4712518015897276,0.0,0.6231897608868566
b2368,emrK,0,0,1161,0.0,0.4203273040482342,-,0.108,1.9151080447719104,0.0,0.6226080714366351
b2369,evgA,0,0,612,0.0,0.4019607843137255,+,49.1,7.416092373442082,0.0,0.6220457716347542
b2370,evgS,1,1,3591,0.0002784739626844,0.4085213032581453,+,1.22,4.572907741643472,0.0,0.62113747433026
b2371,yfdE,0,0,1143,0.0,0.4558180227471566,-,,2.1696670574630303,0.0,0.6200925877252323
b2372,yfdV,0,0,942,0.0,0.4490445859872611,-,0.73,1.6838326726103148,0.0,0.6196104318031598
b2373,oxc,0,0,1692,0.0,0.466903073286052,-,1.03,2.132884417972665,0.0,0.6190119379910428
b2374,frc,0,0,1248,0.0,0.4711538461538461,-,0.655,2.4664361436515616,0.0,0.6183544134717553
b2375,yfdX,0,0,633,0.0,0.4644549763033175,-,2.54,2.6595730453021016,0.0,0.6177274815087387
b2376,ypdI,0,0,273,0.0,0.4029304029304029,+,,1.647142585462071,0.0,0.6174038898219858
b2377,yfdY,0,0,240,0.0,0.4833333333333333,-,19.9,5.727405331875257,0.0,0.6172591137810417
b2378,lpxP,0,0,918,0.0,0.5163398692810458,+,0.736,4.538129616183202,0.0,0.6168566708577032
b2379,alaC,0,0,1236,0.0,0.5509708737864077,-,44.1,6.127334375032346,0.0,0.616179756690075
b2380,ypdA,0,0,1695,0.0,0.5144542772861357,+,2.24,4.171922053032682,0.0,0.615385642870254
b2381,ypdB,0,0,732,0.0,0.476775956284153,+,10.1,5.736676780601617,0.0,0.6148552282678666
b2382,ypdC,0,0,855,0.0,0.5380116959064327,+,1.87,4.047319084982022,0.0,0.6145070763598822
b2383,fryA,0,0,2493,0.0,0.5523465703971119,-,3.11,1.8137413117566772,0.0,0.6137836270362362
b2384,ypdE,0,0,1035,0.0,0.5835748792270531,-,0.214,1.2903104791627704,0.0,0.6130119190322756
b2385,ypdF,0,0,1083,0.0,0.569713758079409,-,1.56,1.2270653908353466,0.0,0.6125547542125088
b2386,fryC,0,0,1245,0.0,0.5445783132530121,-,,0.8300354314813,0.0,0.6120458836638335
b2387,fryB,0,0,324,0.0,0.5185185185185185,-,2.39,0.8235416975611901,0.0,0.6116973008747748
b2388,glk,0,0,963,0.0,0.5171339563862928,-,288.0,6.344599435916013,0.0,0.6113250196266329
b2389,yfeO,0,0,1254,0.0,0.5390749601275917,+,0.184,3.5919793371891746,0.0,0.6107584110140096
b2390,ypeC,0,0,324,0.0,0.5462962962962963,+,,4.698661761376354,0.0,0.6103680327607498
b2392,mntH,1,1,1236,0.0008090614886731,0.5331715210355987,-,53.3,6.378969516661382,0.0,0.6099703295292279
b2393,nupC,0,0,1200,0.0,0.5,+,46.8,7.070676062856895,0.0,0.6092998785777133
b2394,insL1,0,0,1110,0.0,0.5207207207207207,+,6.33,5.505725464347978,,0.6087638625213609
b2395,yfeA,0,0,2187,0.0,0.4906264288980338,-,0.965,4.375610354751268,0.0,0.6079667325340202
b2398,yfeC,0,0,342,0.0,0.5058479532163743,+,4.25,5.824883202835701,0.0,0.6071471967308191
b2399,yfeD,0,0,390,0.0,0.4641025641025641,+,0.72,5.392082391806082,0.0,0.606987770733351
b2400,gltX,1,1,1413,0.0007077140835102,0.5265392781316348,-,541.0,8.441922065674673,1.0,0.6065762793074535
b2405,xapR,0,0,882,0.0,0.5056689342403629,-,0.274,3.9742452024191777,0.0,0.6056839246027061
b2406,xapB,0,0,1254,0.0,0.4816586921850079,-,,2.573008964882032,0.0,0.6051142998225632
b2407,xapA,0,0,831,0.0,0.5174488567990373,-,0.192,1.2086521917288655,0.0,0.6046386071166042
b2408,yfeN,0,0,762,0.0,0.452755905511811,+,,2.798326443743758,0.0,0.6041870437508026
b2409,yfeR,0,0,924,0.0,0.54004329004329,-,1.68,3.6586465317739214,0.0,0.6038061448811759
b2410,yfeH,0,0,996,0.0,0.5190763052208835,+,1.16,5.505865326281417,0.0,0.6033528579910773
b2411,ligA,0,0,2013,0.0,0.5444610034773969,-,56.1,5.894439151338806,1.0,0.6026104499001649
b2412,zipA,0,0,984,0.0,0.551829268292683,-,109.0,8.34781218656122,1.0,0.6019331048514623
b2413,cysZ,0,0,759,0.0,0.5032938076416338,+,37.7,5.759737344069879,0.0,0.6014578430265776
b2414,cysK,1,1,969,0.001031991744066,0.5046439628482973,+,3793.0,11.43072924019406,0.0,0.6010049870175532
b2415,ptsH,0,0,255,0.0,0.5137254901960784,+,2288.0,11.50803489274253,0.0,0.6005749677054635
b2416,ptsI,0,0,1725,0.0,0.4973913043478261,+,1408.0,10.60245748500058,0.0,0.6001281440314784
b2417,crr,0,0,507,0.0,0.4753451676528599,+,4137.0,11.250401957557168,0.0,0.5996287528664364
b2418,pdxK,0,0,849,0.0,0.5241460541813898,-,84.5,6.642468676260786,0.0,0.5993172258497621
b2419,yfeK,0,0,372,0.0,0.4677419354838709,+,2.63,4.253184603883107,0.0,0.5990078532384591
b2420,yfeS,0,0,732,0.0,0.3934426229508196,+,0.075,4.375755622925666,0.0,0.5987549260478813
b2421,cysM,0,0,909,0.0,0.5665566556655666,-,149.0,7.654583073547952,0.0,0.5983193052818264
b2422,cysA,0,0,1095,0.0,0.5872146118721461,-,40.3,7.950719806896568,0.0,0.5978289626193433
b2423,cysW,0,0,873,0.0,0.5670103092783505,-,2.09,6.789674636925676,0.0,0.5974084226908868
b2424,cysU,0,0,831,0.0,0.5643802647412756,-,1.14,6.5635003951793225,0.0,0.5970404502534873
b2425,cysP,0,0,1014,0.0,0.5384615384615384,-,678.0,7.885697802361056,0.0,0.596641885259817
b2426,ucpA,0,0,789,0.0,0.5538656527249683,-,288.0,5.971085475310388,0.0,0.5961218118032114
b2427,murR,0,0,855,0.0,0.5169590643274854,-,2.0,3.0837425942317074,0.0,0.5957111821394624
b2428,murQ,0,0,894,0.0,0.5369127516778524,+,27.0,3.770949887026731,0.0,0.5952626349411805
b2429,murP,0,0,1422,0.0,0.5661040787623066,+,1.36,2.661003115556417,0.0,0.5947610893707671
b2430,yfeW,0,0,1302,0.0,0.5199692780337941,+,0.822,2.863204844330561,0.0,0.594171213180135
b2431,yfeX,0,0,897,0.0,0.5618729096989966,-,226.0,7.443799173323578,0.0,0.5935934016595815
b2432,yfeY,0,0,573,0.0,0.5113438045375218,-,26.0,6.5089380477339205,0.0,0.5932344777247411
b2433,yfeZ,0,0,447,0.0,0.5324384787472036,-,,5.166265209081605,0.0,0.5929875828692026
b2434,ypeA,0,0,423,0.0,0.5177304964539007,-,14.9,6.439682357696956,0.0,0.5928048892937255
b2435,amiA,0,0,867,0.0,0.4994232987312572,+,7.04,6.591992310923313,0.0,0.5924339006888065
b2436,hemF,0,0,897,0.0,0.5484949832775919,+,6.4,5.426226515846067,0.0,0.5920512782948829
b2437,eutR,0,0,1050,0.0,0.5342857142857143,-,,3.5937674248459306,0.0,0.591628153079981
b2438,eutK,1,1,498,0.002008032128514,0.5843373493975904,-,12.2,4.517950561198427,0.0,0.5912739688369572
b2439,eutL,0,0,657,0.0,0.5662100456621004,-,71.2,4.36902615344769,0.0,0.5910188872410082
b2440,eutC,0,0,885,0.0,0.5683615819209039,-,19.3,4.653607355773312,0.0,0.5906815073598797
b2441,eutB,0,0,1359,0.0,0.5570272259013981,-,20.0,4.709380495304096,0.0,0.5901881485298769
b2442,intZ,0,0,1206,0.0,0.5373134328358209,+,0.78,5.211325683997614,0.0,0.5895573386371921
b2443,yffL,0,0,639,0.0,0.4460093896713615,+,1.33,4.441675387354701,0.0,0.5890769062394164
b2444,yffM,0,0,243,0.0,0.4897119341563786,+,0.177,2.1106036632868888,0.0,0.588683511818637
b2445,yffN,0,0,366,0.0,0.4699453551912568,+,,2.284222264793454,0.0,0.588546060755955
b2446,yffO,0,0,414,0.0,0.4903381642512077,+,0.194,3.1268982915302685,0.0,0.5883263114080935
b2447,yffP,0,0,591,0.0,0.5245346869712352,+,8.17,3.142863543991305,0.0,0.5881104399899002
b2448,yffQ,0,0,375,0.0,0.4346666666666666,+,,2.552167463470277,0.0,0.5876967941586314
b2449,yffR,0,0,390,0.0,0.441025641025641,+,1.86,6.131509476164187,0.0,0.5875261652532331
b2450,yffS,0,0,807,0.0,0.506815365551425,+,103.0,5.695578196810667,0.0,0.5872025735664802
b2451,eutA,0,0,1401,0.0,0.5917201998572448,-,1.26,1.5540092317483347,0.0,0.5866618178183113
b2452,eutH,1,1,1224,0.0008169934640522,0.5522875816993464,-,,1.8584533591753551,0.0,0.5860965018489107
b2453,eutG,0,0,1185,0.0,0.5873417721518988,-,4.51,1.268895320864923,0.0,0.5854833580802697
b2454,eutJ,0,0,834,0.0,0.5875299760191847,-,,0.8728850042008991,0.0,0.585051615243883
b2455,eutE,1,1,1401,0.0007137758743754,0.5724482512491078,-,9.7,0.893901358507979,0.0,0.5845647196299938
b2456,eutN,0,0,285,0.0,0.5368421052631579,-,,0.8153311717147659,0.0,0.5841954545493716
b2457,eutM,0,0,291,0.0,0.5876288659793815,-,27.2,2.5789820365765843,0.0,0.584024394762899
b2458,eutD,0,0,1014,0.0,0.5828402366863905,-,0.748,1.618917127795587,0.0,0.5837253632973778
b2459,eutT,0,0,801,0.0,0.5867665418227216,-,0.102,0.9887955481295678,0.0,0.583334985044118
b2460,eutQ,0,0,699,0.0,0.5608011444921316,-,6.83,1.3005182312147583,0.0,0.5830122551195135
b2461,eutP,0,0,477,0.0,0.4989517819706499,-,,1.044872815977075,0.0,0.5827688073125689
b2462,eutS,0,0,333,0.0,0.5105105105105106,-,0.124,0.8274169747330261,0.0,0.5825878372613889
b2463,maeB,0,0,2277,0.0,0.5419411506368028,-,673.0,6.771910818653727,0.0,0.5818984275426077
b2464,talA,0,0,948,0.0,0.5042194092827004,+,960.0,8.158779712966009,0.0,0.5810780299772581
b2465,tktB,0,0,2001,0.0,0.5467266366816592,+,699.0,8.000947997362312,0.0,0.5804334318901977
b2466,ypfG,0,0,1041,0.0,0.547550432276657,-,0.755,3.335969341799168,0.0,0.5797362663120803
b2467,nudK,0,0,573,0.0,0.4869109947643979,-,14.3,6.003133348232345,0.0,0.5793333925076676
b2468,aegA,0,0,1977,0.0,0.5574102175012645,-,19.2,2.88675842283258,0.0,0.5787538574628172
b2469,narQ,0,0,1698,0.0,0.5170789163722026,+,0.095,3.960536768407348,0.0,0.5778722747849258
b2470,acrD,1,1,3111,0.0003214400514304,0.5451623272259724,+,7.26,3.012768811836954,0.0,0.5767649104241335
b2471,yffB,0,0,354,0.0,0.4689265536723164,+,138.0,6.652831935241959,0.0,0.5757850868613158
b2472,dapE,0,0,1125,0.0,0.5351111111111111,+,28.9,6.5471249325355565,1.0,0.5754640804610083
b2473,ypfH,0,0,696,0.0,0.5416666666666666,-,44.7,5.886410200185309,0.0,0.5749250482371363
b2474,tmcA,0,0,2013,0.0,0.5529061102831595,-,0.766,4.97475852460455,0.0,0.5743088883009756
b2475,ypfJ,1,1,861,0.0011614401858304,0.537746806039489,-,53.3,6.822972798475661,0.0,0.5736823872190332
b2476,purC,0,0,711,0.0,0.5232067510548524,-,1382.0,8.74241896137579,0.0,0.5732704649120615
b2477,bamC,0,0,1032,0.0,0.5562015503875969,-,408.0,8.620345431108902,0.0,0.5728020971843645
b2478,dapA,1,1,876,0.0011415525114155,0.519406392694064,-,484.0,9.575088068657047,1.0,0.5723828498991307
b2479,gcvR,0,0,570,0.0,0.5035087719298246,+,19.7,8.19825223192093,0.0,0.5720075524834692
b2480,bcp,0,0,468,0.0,0.4957264957264957,+,1015.0,9.679092357474785,0.0,0.5717830634437912
b2481,hyfA,0,0,615,0.0,0.5658536585365853,+,0.029,0.5742749082219174,0.0,0.5714400821086975
b2482,hyfB,1,1,2016,0.0004960317460317,0.5481150793650794,+,,1.223970893980715,0.0,0.5708721808528515
b2483,hyfC,0,0,945,0.0,0.5386243386243387,+,,0.4831726707329434,0.0,0.5702288754090139
b2484,hyfD,0,0,1437,0.0,0.5546276965901183,+,,0.7295752643278105,0.0,0.5697075093091856
b2485,hyfE,2,1,648,0.0030864197530864,0.5354938271604939,+,0.129,0.8777587626463983,0.0,0.5692520680137159
b2486,hyfF,1,1,1578,0.0006337135614702,0.5399239543726235,+,,1.5938278648453792,0.0,0.568769481210569
b2487,hyfG,0,0,1665,0.0,0.5441441441441441,+,11.1,2.4450800861068367,0.0,0.5680744700378227
b2488,hyfH,0,0,543,0.0,0.5506445672191529,+,,2.2057773269768277,0.0,0.5675936067589729
b2489,hyfI,0,0,756,0.0,0.5582010582010583,+,3.23,1.991839513083725,0.0,0.5673139649417923
b2490,hyfJ,0,0,411,0.0,0.5279805352798054,+,,2.106609883955256,0.0,0.5670649156808826
b2491,hyfR,0,0,2010,0.0,0.5268656716417911,+,0.314,1.6389541417310296,0.0,0.5665293305056045
b2492,focB,0,0,846,0.0,0.5130023640661938,+,9.19,2.1102518405831474,0.0,0.5659036911858105
b2493,yfgO,0,0,1059,0.0,0.5429650613786591,-,6.36,5.355098490941524,0.0,0.5654762571601663
b2494,yfgC,0,0,1461,0.0,0.5400410677618069,+,87.0,6.66631505866208,0.0,0.5648407075756648
b2495,yfgD,0,0,357,0.0,0.5294117647058824,+,301.0,8.217227146496265,0.0,0.5644391264144748
b2496,hda,0,0,699,0.0,0.5393419170243204,-,4.93,6.349963284082415,1.0,0.5641512978568837
b2497,uraA,0,0,1287,0.0,0.5205905205905206,-,24.6,6.423088855139596,0.0,0.563681637485964
b2498,upp,0,0,624,0.0,0.532051282051282,-,1661.0,8.693647211012973,0.0,0.5632317976444593
b2499,purM,0,0,1035,0.0,0.5304347826086957,+,461.0,7.93559704396526,0.0,0.5627336991226399
b2500,purN,0,0,636,0.0,0.539308176100629,+,74.6,7.766066882336451,0.0,0.5623726207824283
b2501,ppk,0,0,2064,0.0,0.4893410852713178,+,52.4,6.798360188968922,0.0,0.5617159580252893
b2502,ppx,0,0,1539,0.0,0.5126705653021443,+,27.0,6.567594973245458,0.0,0.5609369250430666
b2503,yfgF,0,0,2241,0.0,0.466309683177153,-,0.937,1.9956675909306387,0.0,0.5601048936887125
b2504,yfgG,0,0,189,0.0,0.4973544973544973,+,2.18,7.786481937837734,0.0,0.5594288412832328
b2505,yfgH,0,0,516,0.0,0.4748062015503876,+,,2.3240631398024942,0.0,0.5591418744877901
b2506,yfgI,0,0,537,0.0,0.4953445065176908,+,0.973,2.955532667446557,0.0,0.5589074751834046
b2507,guaA,1,1,1575,0.0006349206349206,0.5415873015873016,-,730.0,8.705920320976375,0.0,0.5584115310669563
b2508,guaB,0,0,1464,0.0,0.5471311475409836,-,1386.0,8.403423673316912,0.0,0.5577259992778433
b2509,xseA,0,0,1368,0.0,0.533625730994152,+,7.9,6.670781490938834,0.0,0.557045207180547
b2510,yfgJ,0,0,213,0.0,0.4835680751173709,-,3.69,5.999736200377189,0.0,0.556705242012973
b2511,der,0,0,1470,0.0,0.5231292517006803,-,252.0,7.336738079089593,1.0,0.5563114167111193
b2512,bamB,0,0,1176,0.0,0.5340136054421769,-,297.0,8.141725032696014,0.0,0.5556896553209935
b2513,yfgM,1,1,618,0.0016181229773462,0.4983818770226537,-,413.0,8.081467757129397,0.0,0.5552975535434367
b2514,hisS,0,0,1272,0.0,0.5487421383647799,-,437.0,8.38327459055322,1.0,0.5548817533067968
b2515,ispG,0,0,1116,0.0,0.5340501792114696,-,205.0,8.162200801772103,1.0,0.5543185917427674
b2516,rodZ,0,0,1011,0.0,0.5469831849653808,-,368.0,7.727698044276819,0.0,0.5538480696096993
b2517,rlmN,2,1,1152,0.0017361111111111,0.5303819444444444,-,53.3,6.726497053098095,0.0,0.5532581934190671
b2518,ndk,0,0,429,0.0,0.5268065268065268,-,2081.0,8.107722151432839,0.0,0.5528523034471348
b2519,pbpC,0,0,2310,0.0,0.5675324675324676,-,0.039,3.195816665706951,0.0,0.5521969333332184
b2520,yfhM,1,1,4959,0.0002016535591853,0.52994555353902,-,17.9,5.7898525364155855,0.0,0.550629818866214
b2521,sseA,0,0,843,0.0,0.5338078291814946,+,599.0,6.815134904566649,0.0,0.5492897787253331
b2522,sseB,0,0,774,0.0,0.4728682170542636,-,13.8,6.40674047007189,0.0,0.548587873455399
b2523,pepB,1,1,1281,0.0007806401249024,0.5698672911787666,-,614.0,6.703089656049594,0.0,0.5480833117174662
b2524,iscX,0,0,198,0.0,0.51010101010101,-,151.0,7.229568639391808,0.0,0.547686901129167
b2525,fdx,0,0,333,0.0,0.5225225225225225,-,434.0,7.534675339293865,0.0,0.5475666853094545
b2526,hscA,0,0,1848,0.0,0.577922077922078,-,76.1,6.986599212056239,0.0,0.5470948705331636
b2527,hscB,0,0,513,0.0,0.5263157894736842,-,77.7,7.008841166235835,0.0,0.546578244125152
b2528,iscA,1,1,321,0.0031152647975077,0.5171339563862928,-,67.6,8.828448902924237,0.0,0.5463563403719193
b2529,iscU,0,0,384,0.0,0.5052083333333334,-,941.0,9.17771368623854,0.0,0.5461960526123026
b2530,iscS,0,0,1212,0.0,0.5346534653465347,-,1090.0,8.99766315402941,0.0,0.5458392830828335
b2531,iscR,0,0,486,0.0,0.5390946502057613,-,678.0,8.702585879779985,0.0,0.545424344608342
b2532,trmJ,0,0,738,0.0,0.556910569105691,-,119.0,7.343169863136248,0.0,0.5449650253832041
b2533,suhB,0,0,801,0.0,0.5468164794007491,+,276.0,7.332229648633897,1.0,0.5445815412271321
b2534,yfhR,0,0,852,0.0,0.5070422535211268,+,0.036,1.3899406886501733,0.0,0.544161863060824
b2535,csiE,0,0,1278,0.0,0.5156494522691706,+,1.2,4.1955455846329,0.0,0.5436198146694323
b2536,hcaT,0,0,1137,0.0,0.565523306948109,-,5.73,3.6196424543071313,0.0,0.5431023264992723
b2537,hcaR,0,0,888,0.0,0.5,-,0.094,5.014859726998958,0.0,0.5425960412370423
b2538,hcaE,0,0,1359,0.0,0.5298013245033113,+,0.049,4.101719461421789,0.0,0.5420527002024279
b2539,hcaF,0,0,516,0.0,0.5232558139534884,+,,3.244707929089989,0.0,0.5416489646358668
b2540,hcaC,0,0,318,0.0,0.5566037735849056,+,,3.117397731361621,0.0,0.5414684254657609
b2541,hcaB,0,0,810,0.0,0.562962962962963,+,0.079,3.1002010641265136,0.0,0.5412258394209648
b2542,hcaD,0,0,1200,0.0,0.5416666666666666,+,0.239,3.1863379843511543,0.0,0.5407876333684645
b2543,yphA,0,0,420,0.0,0.4976190476190476,+,2.03,6.617068050049384,0.0,0.540395962471982
b2544,yphB,0,0,870,0.0,0.5540229885057472,-,0.122,3.059294126974877,0.0,0.5400965001253863
b2545,yphC,0,0,1059,0.0,0.5533522190745986,-,0.019,3.3045491446995414,0.0,0.5396750984347815
b2546,yphD,0,0,996,0.0,0.5632530120481928,-,0.486,1.7395861232357075,0.0,0.5392028527774163
b2547,yphE,0,0,1509,0.0,0.56129887342611,-,0.483,1.454360941819749,0.0,0.5386517558834656
b2548,yphF,0,0,981,0.0,0.4627930682976554,-,0.401,1.5920582396268543,0.0,0.538104536919183
b2549,yphG,0,0,3279,0.0,0.5492528209820067,-,0.393,1.4854482036681398,0.0,0.537144103004706
b2550,yphH,0,0,1191,0.0,0.5062972292191436,+,0.006,3.999046127161716,0.0,0.536129378074875
b2551,glyA,0,0,1251,0.0,0.5347721822541966,-,3642.0,10.620676242247818,0.0,0.5355170960683826
b2552,hmp,0,0,1188,0.0,0.5260942760942761,+,48.2,4.849759707106032,0.0,0.5348492304033133
b2553,glnB,0,0,336,0.0,0.5148809523809523,-,364.0,8.11934154023924,0.0,0.5345006476142545
b2554,glrR,0,0,1332,0.0,0.5480480480480481,-,17.9,4.852832193984198,0.0,0.5341141472906629
b2555,yfhG,0,0,711,0.0,0.5443037974683544,-,2.99,5.304242526841245,0.0,0.5336776647624596
b2556,glrK,0,0,1425,0.0,0.5326315789473685,-,15.4,5.006440185883088,0.0,0.5331455266357754
b2557,purL,1,1,3885,0.0002574002574002,0.5693693693693693,-,418.0,7.596651236559372,0.0,0.5317602439820994
b2558,mltF,0,0,1554,0.0,0.5051480051480052,+,0.851,3.5862214861855386,0.0,0.5304762183808696
b2559,tadA,0,0,501,0.0,0.5508982035928144,-,1.66,5.954126887341863,0.0,0.5300341343987012
b2560,pgpC,0,0,633,0.0,0.5229067930489731,-,6.75,6.089550003945453,0.0,0.5297639719651538
b2561,yfhH,0,0,846,0.0,0.5177304964539007,+,4.08,4.706686961356132,0.0,0.5293542040635533
b2562,yfhL,0,0,258,0.0,0.4534883720930232,+,21.6,5.571421079146971,0.0,0.5290913666082679
b2563,acpS,0,0,378,0.0,0.5185185185185185,-,18.1,6.3183270546789565,1.0,0.5286540223179161
b2564,pdxJ,0,0,729,0.0,0.5665294924554184,-,192.0,7.369170309146438,0.0,0.5284148833217139
b2565,recO,1,1,726,0.0013774104683195,0.5413223140495868,-,0.772,5.910828588817891,0.0,0.5280951695646291
b2566,era,0,0,903,0.0,0.5249169435215947,-,60.5,7.7123639655279055,1.0,0.5277384000351599
b2567,rnc,0,0,678,0.0,0.5073746312684366,-,125.0,7.980223605926509,0.0,0.5273980039865117
b2568,lepB,0,0,972,0.0,0.5216049382716049,-,84.9,7.621451287451094,1.0,0.5269244656859239
b2569,lepA,0,0,1797,0.0,0.5381190873678353,-,300.0,7.768002078211668,0.0,0.5263203704198419
b2570,rseC,0,0,477,0.0,0.549266247379455,-,1.06,6.179800011370325,0.0,0.5257442824235854
b2571,rseB,0,0,954,0.0,0.5083857442348009,-,150.0,7.656858149160988,0.0,0.525436202455505
b2572,rseA,0,0,648,0.0,0.5246913580246914,-,12.2,9.132606696971123,0.0,0.5250902049528918
b2573,rpoE,0,0,573,0.0,0.4886561954624782,-,78.0,9.044693091595809,0.0,0.5248122866600081
b2574,nadB,0,0,1620,0.0,0.532716049382716,+,7.72,6.3337623580058064,0.0,0.5241629488811311
b2575,yfiC,0,0,735,0.0,0.5265306122448979,-,2.21,4.4144497303850425,0.0,0.5236614033107179
b2576,srmB,1,1,1332,0.0007507507507507,0.5487987987987988,+,146.0,6.64800815220896,0.0,0.5231581342160075
b2577,yfiE,0,0,879,0.0,0.4982935153583617,-,0.027,3.972092100670408,0.0,0.52259109472231
b2578,eamB,0,0,585,0.0,0.5145299145299145,+,,3.0508130837307377,0.0,0.5222304472631727
b2579,grcA,0,0,381,0.0,0.4829396325459317,-,2759.0,9.97239945397086,0.0,0.5219973406020098
b2580,ung,0,0,687,0.0,0.5240174672489083,+,24.0,6.476512100350251,0.0,0.5216349696185755
b2581,yfiF,0,0,1035,0.0,0.5632850241545894,-,347.0,7.108842463724044,0.0,0.5212424369599444
b2582,trxC,0,0,417,0.0,0.4988009592326139,+,36.0,6.463636476446669,0.0,0.5208395631555317
b2583,yfiP,0,0,696,0.0,0.5258620689655172,+,1.43,4.067814686930569,0.0,0.5205689698409101
b2584,pka,0,0,2658,0.0,0.5432656132430399,+,45.1,5.228656516235361,0.0,0.5198317323228885
b2585,pssA,0,0,1353,0.0,0.4900221729490022,+,304.0,7.704078056087446,1.0,0.5189178335644292
b2586,yfiM,1,1,321,0.0031152647975077,0.5420560747663551,+,,3.215450064317759,0.0,0.5185365038137284
b2587,kgtP,0,0,1296,0.0,0.4876543209876543,-,70.7,9.678799460626106,0.0,0.5181883519057439
b2592,clpB,0,0,2571,0.0,0.514974718008557,-,1203.0,7.653181859893568,0.0,0.5148322192185024
b2593,yfiH,0,0,729,0.0,0.5500685871056241,-,58.1,6.275699431296196,0.0,0.5140643891442098
b2594,rluD,0,0,978,0.0,0.5286298568507157,-,83.2,7.221362258469298,0.0,0.5136968475878847
b2595,bamD,0,0,735,0.0,0.5142857142857142,+,195.0,9.013813846709802,1.0,0.513268982681166
b2597,raiA,0,0,339,0.0,0.4631268436578171,+,1404.0,10.89977199189143,0.0,0.5129199690110331
b2598,pheL,0,0,45,0.0,0.3777777777777777,+,,,0.0,0.5127915664509102
b2599,pheA,0,0,1158,0.0,0.4922279792746113,+,388.0,7.733850536609903,0.0,0.5124886570557207
b2600,tyrA,0,0,1119,0.0,0.5245755138516532,-,330.0,7.431913428461445,0.0,0.5119789247448968
b2601,aroF,0,0,1068,0.0,0.5196629213483146,-,166.0,8.198860249820443,0.0,0.5115019393957152
b2602,yfiL,0,0,363,0.0,0.4600550964187327,+,0.413,4.265485700599698,0.0,0.5111025126398964
b2603,yfiR,0,0,516,0.0,0.4593023255813953,+,0.93,5.15377078616548,0.0,0.5108474310439473
b2604,yfiN,0,0,1224,0.0,0.4844771241830065,+,0.645,3.792480502689013,0.0,0.510476011557954
b2605,yfiB,0,0,480,0.0,0.5145833333333333,+,0.364,5.482440156249929,0.0,0.5101011450233667
b2606,rplS,0,0,345,0.0,0.4869565217391304,-,3354.0,10.91618877996556,1.0,0.5098900132969899
b2607,trmD,0,0,765,0.0,0.5359477124183006,-,24.0,11.343434427308486,1.0,0.5096319155335213
b2608,rimM,0,0,546,0.0,0.4926739926739927,-,282.0,11.369885067210724,0.0,0.5093350384733711
b2609,rpsP,0,0,246,0.0,0.5203252032520326,-,3908.0,11.187584892963253,1.0,0.5091553610654138
b2610,ffh,0,0,1359,0.0,0.543046357615894,-,260.0,7.709387798737741,1.0,0.508701643294241
b2611,ypjD,0,0,789,0.0,0.5285171102661597,+,3.67,6.244423935197204,0.0,0.5081660581189629
b2614,grpE,0,0,591,0.0,0.505922165820643,-,1403.0,8.985368774194507,1.0,0.5072810283924775
b2615,nadK,0,0,876,0.0,0.5011415525114156,+,14.5,6.320947024765739,1.0,0.5069109015497069
b2616,recN,0,0,1659,0.0,0.5189873417721519,+,2.07,4.83277360879516,0.0,0.5063270576941141
b2617,bamE,0,0,339,0.0,0.4985250737463126,+,360.0,8.8225946771943,0.0,0.5058315444587401
b2618,ratB,0,0,288,0.0,0.5138888888888888,-,13.5,6.491311636700058,0.0,0.505668671412678
b2619,ratA,0,0,474,0.0,0.4746835443037974,-,5.02,7.015110554768423,0.0,0.5055079527719872
b2620,smpB,0,0,480,0.0,0.5208333333333334,+,77.2,8.221827806935071,0.0,0.5052446844356276
b2622,intA,0,0,1239,0.0,0.4769975786924939,+,0.258,6.270145274010079,0.0,0.5045371777117285
b2623,yfjH,0,0,954,0.0,0.3689727463312369,-,3.35,4.009485630734508,0.0,0.5039585044290266
b2624,alpA,0,0,210,0.0,0.4714285714285714,+,,,0.0,0.5036879111144049
b2625,yfjI,0,0,1407,0.0,0.3795309168443497,+,3.2,1.2798744389499186,0.0,0.5032833137856952
b2626,yfjJ,0,0,624,0.0,0.4054487179487179,+,0.276,1.523312271809688,0.0,0.5027787520477623
b2627,yfjK,1,1,2187,0.0004572473708276,0.489254686785551,-,0.273,5.247956165913797,0.0,0.5020958055450947
b2628,yfjL,0,0,1614,0.0,0.4869888475836431,-,1.17,5.77835343191939,0.0,0.5012771315040421
b2629,yfjM,0,0,261,0.0,0.4597701149425287,-,,2.328577493723209,0.0,0.5007174169886066
b2630,rnlA,0,0,1071,0.0,0.4435107376283846,+,3.84,7.117419767310079,0.0,0.5003684033184737
b2631,rnlB,0,0,369,0.0,0.4607046070460704,+,0.92,6.685024784935718,0.0,0.5000603233503933
b2632,yfjP,0,0,861,0.0,0.5412311265969802,+,,2.663096537426425,0.0,0.49964150694623377
b2633,yfjQ,0,0,819,0.0,0.5567765567765568,+,1.33,1.470558444184316,0.0,0.4992390640228953
b2634,yfjR,0,0,699,0.0,0.5736766809728183,+,,1.0149158022465268,0.0,0.4988176623322903
b2635,ypjK,0,0,234,0.0,0.5384615384615384,+,,0.9570406593844066,0.0,0.4985979129844288
b2636,yfjS,0,0,441,0.0,0.5124716553287982,+,2.38,1.8642528265119929,0.0,0.49845184430026207
b2637,yfjT,0,0,465,0.0,0.513978494623656,+,,2.790521176392539,0.0,0.49824545226570194
b2638,yfjU,0,0,153,0.0,0.4444444444444444,-,,4.28667853628226,0.0,0.4979451281569579
b2641,yfjV,0,0,1014,0.0,0.5493096646942801,-,,3.819256394921056,,0.49768832303671195
b2642,yfjW,2,1,1701,0.0011757789535567,0.3127572016460905,+,2.91,4.288062790583558,0.0,0.4970441558307258
b2643,yfjX,0,0,456,0.0,0.543859649122807,+,,0.2263930735808433,0.0,0.4961914421848083
b2644,yfjY,0,0,480,0.0,0.54375,+,4.3,0.6654168263619773,0.0,0.49598505015024824
b2645,yfjZ,0,0,315,0.0,0.5492063492063493,+,0.137,0.8754188060889204,0.0,0.4957067009762903
b2646,ypjF,0,0,327,0.0,0.4801223241590214,+,23.3,2.3442589277808112,0.0,0.4955584778867524
b2647,ypjA,0,0,4578,0.0,0.4921363040629096,-,0.6,3.367597412807306,0.0,0.49434382413847483
b2648,pinH,0,0,237,0.0,0.4978902953586498,-,,,0.0,0.4931597629464682
b2650,ypjC,0,0,1371,0.0,0.3420860685630926,-,,0.5953773463426797,,0.4926685585218366
b2659,csiD,0,0,975,0.0,0.5446153846153846,+,7.29,4.775062721128201,0.0,0.490449951870584
b2660,lhgO,0,0,1266,0.0,0.5781990521327014,+,63.4,4.857488456572234,0.0,0.48995745480272973
b2661,gabD,0,0,1446,0.0,0.5843706777316736,+,339.0,5.992864648604266,0.0,0.4893624080392067
b2662,gabT,0,0,1278,0.0,0.5938967136150235,+,288.0,6.129844367365249,0.0,0.48876865391890645
b2663,gabP,0,0,1398,0.0,0.5135908440629471,+,1.15,4.259415462285315,0.0,0.48808872358375854
b2664,csiR,0,0,660,0.0,0.5378787878787878,+,8.75,5.244396806557488,0.0,0.48763543669365994
b2665,ygaU,0,0,447,0.0,0.4854586129753915,-,3297.0,9.065767780771044,0.0,0.48739586681638347
b2666,yqaE,0,0,156,0.0,0.5192307692307693,-,,7.0199855470026025,0.0,0.48722868495957905
b2667,ygaV,0,0,297,0.0,0.5353535353535354,+,9.34,4.050563860150113,0.0,0.48705159283806715
b2668,ygaP,1,1,522,0.0019157088122605,0.4597701149425287,+,45.0,4.770205236842688,0.0,0.4868697610247386
b2669,stpA,0,0,402,0.0,0.4850746268656716,-,987.0,9.16239789379534,0.0,0.4866495807958029
b2670,alaE,0,0,447,0.0,0.4921700223713646,+,4.73,3.316391894993966,0.0,0.486177766019512
b2671,ygaC,0,0,342,0.0,0.4736842105263157,-,2.41,5.255348047385745,0.0,0.48599076363329263
b2672,ygaM,0,0,327,0.0,0.5412844036697247,+,270.0,8.60660244023679,0.0,0.4857804936690644
b2673,nrdH,0,0,243,0.0,0.5349794238683128,+,10.6,6.92768725355176,0.0,0.48554997229434693
b2674,nrdI,0,0,408,0.0,0.5612745098039216,+,3.13,6.76798596125409,0.0,0.48540993594521953
b2675,nrdE,0,0,2142,0.0,0.5191409897292251,+,46.8,6.0159809412388325,0.0,0.4848713346024217
b2676,nrdF,0,0,957,0.0,0.4827586206896552,+,115.0,5.725810746806223,0.0,0.48419872924553586
b2677,proV,0,0,1200,0.0,0.4908333333333333,+,24.5,6.045724327630484,0.0,0.483580414904004
b2678,proW,0,0,1062,0.0,0.5828625235404896,+,20.1,5.3500598915630855,0.0,0.48309524281441174
b2679,proX,0,0,990,0.0,0.5272727272727272,+,109.0,5.803813161367463,0.0,0.4826273059677891
b2681,ygaY,0,0,1175,0.0,0.5455319148936171,+,,2.052860142184222,,0.4820775017170611
b2682,ygaZ,0,0,735,0.0,0.5292517006802722,+,0.049,6.7353688619675856,0.0,0.48161171927580954
b2683,ygaH,0,0,333,0.0,0.5495495495495496,+,,6.344316274825382,0.0,0.48138507583076023
b2684,mprA,0,0,528,0.0,0.4943181818181818,+,191.0,8.52684691415229,0.0,0.4811592941478594
b2685,emrA,0,0,1170,0.0,0.535042735042735,+,16.6,5.57317346956195,0.0,0.48073789245725446
b2686,emrB,0,0,1536,0.0,0.5670572916666666,+,0.018,4.379239728143097,0.0,0.4801467236233996
b2687,luxS,0,0,513,0.0,0.5165692007797271,-,1223.0,9.73875902274797,0.0,0.47967706325247994
b2688,gshA,1,1,1554,0.0006435006435006,0.5135135135135135,-,97.3,7.932775756732884,0.0,0.4791660382984334
b2689,yqaA,0,0,426,0.0,0.4976525821596244,-,,6.76650084467153,0.0,0.4787071499543697
b2690,yqaB,0,0,564,0.0,0.5354609929078015,-,16.3,6.40072349837061,0.0,0.47849429470369603
b2696,csrA,0,0,183,0.0,0.5027322404371585,-,1059.0,10.528610131133467,1.0,0.4777044896946174
b2697,alaS,0,0,2628,0.0,0.536910197869102,-,615.0,8.791688575587173,1.0,0.4769965520896439
b2698,recX,0,0,498,0.0,0.5200803212851406,-,2.71,3.26501473927617,0.0,0.4762670704309586
b2699,recA,0,0,1059,0.0,0.5429650613786591,-,799.0,8.646930467294045,0.0,0.4759012523989304
b2700,pncC,0,0,495,0.0,0.5676767676767677,-,74.1,6.294010606353997,0.0,0.47553112555615973
b2701,mltB,0,0,1083,0.0,0.5521698984302862,-,10.2,5.634854040894891,0.0,0.4751278208706728
b2702,srlA,0,0,561,0.0,0.5026737967914439,+,0.33,1.980548436455429,0.0,0.4746624693104955
b2703,srlE,0,0,957,0.0,0.5475444096133751,+,2.61,1.9330911494776155,0.0,0.4743358614562229
b2704,srlB,0,0,369,0.0,0.5555555555555556,+,5.51,2.298359995765068,0.0,0.4740445858500379
b2705,srlD,0,0,777,0.0,0.5341055341055341,+,3.88,3.398645120835861,0.0,0.47379510570805394
b2706,gutM,0,0,357,0.0,0.5546218487394958,+,1.16,2.6779342265477566,0.0,0.4735046918640174
b2707,srlR,0,0,771,0.0,0.4889753566796368,+,4.38,5.461680607379987,0.0,0.4732319441440246
b2708,gutQ,0,0,963,0.0,0.5752855659397715,+,25.0,5.003456812580886,0.0,0.47286052465803124
b2709,norR,0,0,1512,0.0,0.5694444444444444,-,0.822,4.074734110961012,0.0,0.47232752476919854
b2710,norV,0,0,1437,0.0,0.5337508698677801,+,0.389,2.9863662692125037,0.0,0.4716109695427404
b2711,norW,0,0,1131,0.0,0.5411140583554377,+,0.981,2.345620496723541,0.0,0.47105814912449273
b2712,hypF,0,0,2250,0.0,0.5768888888888889,-,2.23,3.2408663814216383,0.0,0.4702735146883049
b2713,hydN,0,0,525,0.0,0.5257142857142857,-,13.0,2.216167807642979,0.0,0.4696090960718296
b2714,ascG,1,1,1008,0.0009920634920634,0.5337301587301587,-,2.24,4.1900006095510856,0.0,0.46921354724567893
b2715,ascF,0,0,1455,0.0,0.5615120274914089,+,0.735,2.8911140469533367,0.0,0.46857024180184126
b2716,ascB,0,0,1422,0.0,0.5154711673699015,+,0.651,3.690997718228499,0.0,0.4679454642441958
b2717,hycI,0,0,468,0.0,0.5405982905982906,-,23.8,5.513731256469714,0.0,0.46746890977608835
b2718,hycH,0,0,408,0.0,0.5294117647058824,-,3.17,3.741361364218523,0.0,0.4672823382709432
b2719,hycG,0,0,765,0.0,0.5647058823529412,-,24.9,2.817408027307297,0.0,0.4670302728425138
b2720,hycF,0,0,540,0.0,0.5574074074074075,-,11.7,1.7915077333523348,0.0,0.4667480457388878
b2721,hycE,1,1,1707,0.0005858230814294,0.5700058582308143,-,28.7,1.7206174890995911,0.0,0.4662589957196274
b2722,hycD,0,0,921,0.0,0.5852334419109664,-,10.1,1.142887392345922,0.0,0.46568420036659364
b2723,hycC,0,0,1824,0.0,0.5822368421052632,-,0.683,1.0644849577129478,0.0,0.46509044624629337
b2724,hycB,0,0,609,0.0,0.5747126436781609,-,14.8,1.04444752129773,0.0,0.46456692574109393
b2725,hycA,0,0,459,0.0,0.5032679738562091,-,9.8,1.0333292908295204,0.0,0.46428211335102243
b2726,hypA,0,0,348,0.0,0.5316091954022989,+,1.18,3.0245877620958592,0.0,0.4640158288471432
b2727,hypB,0,0,870,0.0,0.5528735632183908,+,57.9,4.364204397501094,0.0,0.4637508369864867
b2728,hypC,0,0,270,0.0,0.5592592592592592,+,10.9,3.5794190629400013,0.0,0.46350825094169057
b2729,hypD,0,0,1119,0.0,0.5549597855227882,+,7.9,4.540421121968881,0.0,0.4632083577140208
b2730,hypE,0,0,1008,0.0,0.5744047619047619,+,22.3,4.790289350858368,0.0,0.46275033113210556
b2731,fhlA,0,0,2076,0.0,0.5264932562620424,+,1.69,4.070850149706214,0.0,0.4620531655539881
b2732,ygbA,0,0,351,0.0,0.5071225071225072,-,0.011,3.4596733300468427,0.0,0.46151370244904183
b2733,mutS,1,1,2559,0.0003907776475185,0.5619382571316921,+,19.0,5.28452129285176,0.0,0.4607622458555704
b2734,pphB,1,1,654,0.0015290519877675,0.4235474006116208,+,,1.9387675627955008,0.0,0.46002328481325183
b2735,ygbI,0,0,765,0.0,0.5176470588235295,-,12.1,4.73890195751646,0.0,0.4596949534346823
b2736,ygbJ,0,0,906,0.0,0.5309050772626932,+,0.294,1.7828609824048056,0.0,0.45924942240391997
b2737,ygbK,0,0,1164,0.0,0.552405498281787,+,0.489,2.1267931046879007,0.0,0.45880389137315764
b2738,ygbL,0,0,636,0.0,0.5377358490566038,+,0.456,2.2777331550204183,0.0,0.4583755955853649
b2739,ygbM,0,0,774,0.0,0.5167958656330749,+,0.587,2.7906664462758823,0.0,0.4580688082605073
b2740,ygbN,0,0,1362,0.0,0.5176211453744494,+,0.45,2.1269517949515078,0.0,0.45756941709546517
b2741,rpoS,0,0,990,0.0,0.5222222222222223,-,223.0,10.407830384403256,0.0,0.45702133636903414
b2742,nlpD,0,0,1137,0.0,0.5259454705364995,-,81.5,8.581976207958858,0.0,0.4565353025172934
b2743,pcm,0,0,624,0.0,0.5368589743589743,-,25.0,6.723933370443371,0.0,0.4560945111783477
b2744,surE,0,0,759,0.0,0.549407114624506,-,20.8,6.867891634192085,0.0,0.45579849588034604
b2745,truD,0,0,1047,0.0,0.5234001910219676,-,37.0,6.82431619720856,0.0,0.45541673524857096
b2746,ispF,0,0,477,0.0,0.5387840670859538,-,88.2,6.473990446270973,1.0,0.4550888347510757
b2747,ispD,0,0,708,0.0,0.556497175141243,-,10.9,6.314394386223444,1.0,0.45483246051190396
b2748,ftsB,0,0,309,0.0,0.5242718446601942,-,8.81,7.324174746454531,1.0,0.4546045244236319
b2749,ygbE,0,0,321,0.0,0.4859813084112149,-,,6.221705698865463,0.0,0.4543843441946962
b2750,cysC,0,0,603,0.0,0.5257048092868989,-,23.2,6.8701218267029125,0.0,0.45416287132253774
b2751,cysN,1,1,1425,0.0007017543859649,0.5473684210526316,-,229.0,8.255543276499873,0.0,0.45372509615111173
b2752,cysD,0,0,906,0.0,0.5320088300220751,-,210.0,8.52544783142825,0.0,0.453220965294253
b2753,iap,0,0,1035,0.0,0.493719806763285,+,1.49,4.801354502399504,0.0,0.4526935668593854
b2754,ygbF,0,0,282,0.0,0.4645390070921986,-,,4.155534985599314,0.0,0.45199898656771337
b2755,ygbT,0,0,915,0.0,0.5136612021857924,-,1.37,3.653741446386109,0.0,0.451739596161022
b2756,casE,0,0,597,0.0,0.4539363484087102,-,2.84,4.1113287352070165,0.0,0.45140609420956157
b2757,casD,0,0,672,0.0,0.4836309523809524,-,0.197,3.684875150455516,0.0,0.4511372244192369
b2758,casC,1,1,1089,0.0009182736455463,0.4352617079889807,-,1.6,3.051025455378067,0.0,0.4507558946685361
b2759,casB,0,0,480,0.0,0.4666666666666667,-,0.389,2.867009020649286,0.0,0.4504111898091455
b2760,casA,0,0,1506,0.0,0.4382470119521912,-,0.554,1.870355192227661,0.0,0.4499854793077982
b2761,ygcB,0,0,2664,0.0,0.4474474474474474,-,0.133,2.2225163062204483,0.0,0.44890741486005414
b2762,cysH,0,0,732,0.0,0.5095628415300546,-,178.0,8.263120796226355,0.0,0.44802023072819763
b2763,cysI,0,0,1710,0.0,0.5614035087719298,-,377.0,8.220228437023314,0.0,0.44746094709383644
b2764,cysJ,0,0,1797,0.0,0.5614913745130774,-,294.0,7.964187036172458,0.0,0.4467047508085483
b2765,queD,0,0,363,0.0,0.4958677685950413,+,27.1,5.554996275357438,0.0,0.4461023790667633
b2766,ygcN,0,0,1269,0.0,0.55397951142632,+,0.142,2.52393905333402,0.0,0.44571630962424585
b2767,ygcO,0,0,258,0.0,0.5581395348837209,+,,1.736291498905988,0.0,0.4453901326510475
b2768,ygcP,0,0,573,0.0,0.4659685863874345,+,0.395,2.428796811410362,0.0,0.4452031302648281
b2769,ygcQ,0,0,858,0.0,0.5582750582750583,-,0.345,2.0459253498099432,0.0,0.4448299872545378
b2770,ygcR,0,0,777,0.0,0.5572715572715573,-,16.3,1.5132988579363456,0.0,0.44447838829795944
b2771,ygcS,0,0,1335,0.0,0.5333333333333333,-,0.17,1.0475760714177824,0.0,0.4440319955050486
b2774,ygcW,0,0,783,0.0,0.458492975734355,-,0.418,0.5909419989221512,0.0,0.4428776651071644
b2775,yqcE,0,0,1275,0.0,0.4980392156862745,+,0.208,0.6153006943485987,0.0,0.44229597565694284
b2776,ygcE,0,0,1476,0.0,0.4911924119241192,+,3.83,2.0871091750361783,0.0,0.44169058774763814
b2777,queE,0,0,669,0.0,0.5171898355754858,-,13.0,5.004237875259677,0.0,0.4406362217589772
b2778,ygcG,0,0,870,0.0,0.4126436781609195,+,1.9,1.0159288884557645,0.0,0.4401773334149135
b2779,eno,0,0,1296,0.0,0.5046296296296297,-,6953.0,11.45542954785272,1.0,0.4396839745849107
b2780,pyrG,0,0,1635,0.0,0.5198776758409785,-,432.0,8.990962242718547,1.0,0.4390139545144703
b2781,mazG,0,0,789,0.0,0.5095057034220533,-,7.4,6.168498031541667,0.0,0.4383926240054188
b2782,mazF,0,0,333,0.0,0.4624624624624625,-,3.05,6.536734388334355,0.0,0.4381194454043517
b2783,mazE,1,1,246,0.0040650406504065,0.491869918699187,-,0.511,6.847763905002839,0.0,0.43799362813067416
b2784,relA,0,0,2232,0.0,0.5380824372759857,-,40.9,6.888932597209945,0.0,0.43742529599375396
b2785,rlmD,0,0,1299,0.0,0.5150115473441108,-,0.974,5.382444105958091,0.0,0.43664324684401157
b2786,barA,0,0,2754,0.0,0.4989106753812636,+,3.1,4.842061785106179,0.0,0.43574442892315063
b2787,gudD,0,0,1338,0.0,0.5336322869955157,-,13.0,3.2981770351663755,0.0,0.4347620200738875
b2788,gudX,0,0,1338,0.0,0.5403587443946188,-,0.48,2.1609805792468566,0.0,0.43417559093184926
b2789,gudP,1,1,1350,0.0007407407407407,0.5237037037037037,-,5.15,1.1740871800843522,0.0,0.43359476324377616
b2790,yqcA,0,0,447,0.0,0.5279642058165548,-,183.0,6.933347694516266,0.0,0.4330195370096681
b2791,truC,0,0,780,0.0,0.5423076923076923,-,1.95,4.979296474421137,0.0,0.4327463584086011
b2792,yqcC,0,0,327,0.0,0.5290519877675841,-,11.9,5.123632343951535,0.0,0.43250721941239884
b2793,syd,0,0,543,0.0,0.4806629834254143,-,20.1,6.394351898874515,0.0,0.4320509163547806
b2794,queF,0,0,846,0.0,0.4905437352245863,+,51.7,6.4438378767559215,0.0,0.43172129233298834
b2795,ygdH,1,1,1362,0.000734214390602,0.5146842878120411,+,75.0,7.188724603151056,0.0,0.43119647918456616
b2796,sdaC,0,0,1287,0.0,0.5244755244755245,+,150.0,5.0869503764469535,0.0,0.4303851301217756
b2797,sdaB,0,0,1365,0.0,0.550915750915751,+,12.0,4.229704109103928,0.0,0.4297879289528814
b2798,ygdG,0,0,753,0.0,0.5298804780876494,+,12.7,4.505637451328483,0.0,0.4292825054528
b2799,fucO,0,0,1146,0.0,0.5366492146596858,-,212.0,3.5410065486906928,0.0,0.4288486082110421
b2800,fucA,0,0,645,0.0,0.4930232558139535,-,1.4,2.332911283388801,0.0,0.42845004321737173
b2801,fucP,1,1,1314,0.0007610350076103,0.4771689497716895,+,0.453,0.7410149973557326,0.0,0.42779122605486153
b2802,fucI,0,0,1773,0.0,0.5459672870840383,+,6.79,2.3690944564521272,0.0,0.42711129571971357
b2803,fucK,0,0,1446,0.0,0.5096818810511756,+,2.46,3.5369376885009043,0.0,0.42638267582317674
b2804,fucU,0,0,420,0.0,0.4928571428571429,+,81.1,6.22287647353323,0.0,0.42597894025661553
b2805,fucR,0,0,729,0.0,0.4828532235939643,+,22.5,5.500445042102663,0.0,0.4257057616555485
b2806,rlmM,1,1,1098,0.0009107468123861,0.52367941712204,-,24.8,6.321752574462462,0.0,0.4252921158242798
b2807,ygdD,0,0,393,0.0,0.549618320610687,-,,5.4380661178455325,0.0,0.42497326382934353
b2808,gcvA,0,0,915,0.0,0.492896174863388,-,20.2,5.819682531140746,0.0,0.4246824191042327
b2809,ygdI,0,0,225,0.0,0.4711111111111111,-,899.0,7.749190507179281,0.0,0.4242847158727108
b2810,csdA,1,1,1203,0.0008312551953449,0.5602660016625104,+,6.84,5.567558468248569,0.0,0.4238934758573025
b2811,csdE,0,0,441,0.0,0.5487528344671202,+,57.4,5.81099138746892,0.0,0.42353842985213025
b2812,csdL,0,0,804,0.0,0.5485074626865671,-,14.1,5.886561128262193,0.0,0.42324715424594517
b2813,mltA,0,0,1095,0.0,0.5287671232876713,-,15.4,6.3242588098129255,0.0,0.4227344057676017
b2817,amiC,0,0,1251,0.0,0.5355715427657873,-,2.87,5.813895943437368,0.0,0.42197864036338784
b2818,argA,0,0,1329,0.0,0.526711813393529,+,76.2,7.528722568508448,0.0,0.4213219776062488
b2819,recD,0,0,1824,0.0,0.5537280701754386,-,3.05,4.894815057644321,0.0,0.42061490176342387
b2820,recB,0,0,3540,0.0,0.546045197740113,-,1.42,5.239684920502064,0.0,0.4194584169601685
b2821,ptrA,0,0,2886,0.0,0.5117810117810118,-,14.7,5.13498111716933,0.0,0.41807615047401225
b2822,recC,0,0,3366,0.0,0.5362448009506833,-,3.05,5.134515727113785,0.0,0.4166525194047292
b2823,ppdC,0,0,321,0.0,0.5514018691588785,-,,3.797990850906632,0.0,0.4158519423687946
b2824,ygdB,1,1,405,0.0024691358024691,0.528395061728395,-,,3.121053487650185,0.0,0.41570113399281117
b2825,ppdB,1,1,561,0.0017825311942959,0.5240641711229946,-,,2.596800924403863,0.0,0.41549344931502835
b2826,ppdA,0,0,468,0.0,0.5448717948717948,-,,1.7203552626681493,0.0,0.4152745617293153
b2827,thyA,0,0,792,0.0,0.5126262626262627,-,203.0,7.283197276754896,0.0,0.41492296277273694
b2828,lgt,0,0,873,0.0,0.5292096219931272,-,15.5,6.681950044204296,1.0,0.4145605917893026
b2829,ptsP,0,0,2244,0.0,0.5392156862745098,-,30.2,7.101443513386452,0.0,0.41382292339020676
b2830,rppH,0,0,528,0.0,0.4962121212121212,-,15.4,8.248505579437971,0.0,0.413219259005199
b2831,mutH,0,0,687,0.0,0.537117903930131,+,3.71,4.793295508377717,0.0,0.41266169889513477
b2832,ygdQ,0,0,711,0.0,0.4992967651195499,+,0.792,5.28703874836583,0.0,0.41232992046797134
b2833,ygdR,0,0,216,0.0,0.4398148148148148,+,116.0,7.616177956659397,0.0,0.41206966829913144
b2834,tas,0,0,1038,0.0,0.5452793834296724,+,170.0,7.642080183876453,0.0,0.41175210894741787
b2835,lplT,0,0,1191,0.0,0.5566750629722922,-,0.116,4.424823657366066,0.0,0.4112574574741924
b2836,aas,0,0,2157,0.0,0.526657394529439,-,4.32,5.415509145359637,0.0,0.4105383169612888
b2837,galR,0,0,1029,0.0,0.5286686103012633,+,2.15,5.42830764616314,0.0,0.40959899621944945
b2838,lysA,0,0,1260,0.0,0.5317460317460317,-,26.8,6.234249047525021,0.0,0.40910175945977856
b2839,lysR,0,0,933,0.0,0.5359056806002144,+,2.85,3.723747854285484,0.0,0.4085760845492079
b2840,ygeA,0,0,690,0.0,0.5101449275362319,-,11.4,5.895415413144845,0.0,0.4082309488087431
b2841,araE,0,0,1416,0.0,0.5120056497175142,-,0.327,3.6847669454034655,0.0,0.40772078561684505
b2842,kduD,0,0,759,0.0,0.5217391304347826,-,267.0,3.444869385596929,0.0,0.40711582858861456
b2843,kduI,0,0,834,0.0,0.4964028776978417,-,182.0,2.4596189429670186,0.0,0.40675862817807107
b2844,yqeF,0,0,1179,0.0,0.536047497879559,-,16.4,4.766152061360309,0.0,0.40620063718693256
b2845,yqeG,0,0,1227,0.0,0.445802770986145,+,0.353,2.3774069440958097,0.0,0.4055715508185448
b2846,yqeH,0,0,630,0.0,0.3746031746031746,+,2.06,2.4074261745281347,0.0,0.4049721952442794
b2847,yqeI,0,0,807,0.0,0.3965303593556382,+,0.088,3.0264616812424494,0.0,0.40451804659203233
b2848,yqeJ,0,0,480,0.0,0.31875,+,,1.9534419790882047,0.0,0.4042427135855941
b2849,yqeK,0,0,423,0.0,0.3286052009456264,-,,0.8494610224568439,0.0,0.4039833231789027
b2850,ygeF,0,0,489,0.0,0.3231083844580777,+,,0.4923898980371539,0.0,0.4037028195995736
b2851,ygeG,0,0,489,0.0,0.3292433537832311,+,0.117,0.6250903704271668,0.0,0.40339473963149325
b2852,ygeH,0,0,1374,0.0,0.3478893740902474,+,,0.7604408158567694,0.0,0.40284795154828495
b2853,ygeI,0,0,216,0.0,0.3379629629629629,+,,1.8331625170240675,0.0,0.40243215131164506
b2854,pbl,0,0,501,0.0,0.3393213572854291,+,,,0.0,0.40224127099575757
b2856,ygeK,0,0,630,0.0,0.3571428571428571,-,,0.3834667026073838,,0.40198877468625394
b2858,ygeN,0,0,705,0.0,0.3092198581560283,-,,1.2936780608149916,,0.4016048596491077
b2859,ygeO,0,0,396,0.0,0.3585858585858585,-,,2.298624464070023,0.0,0.40139200439843403
b2860,insD1,0,0,903,0.0,0.5514950166112956,-,2.86,5.424904732846369,0.0,0.40110633024621406
b2861,insC1,0,0,363,0.0,0.5344352617079889,-,0.649,6.260295572471852,0.0,0.4008508177691908
b2863,ygeQ,0,0,1137,0.0,0.4186455584872471,-,,3.421165357617953,,0.400487585023608
b2865,ygeR,0,0,753,0.0,0.5099601593625498,-,10.4,6.246564146323762,0.0,0.3999476910375875
b2866,xdhA,0,0,2256,0.0,0.5301418439716312,+,4.05,2.59175028805318,0.0,0.3991027332510063
b2867,xdhB,0,0,876,0.0,0.5376712328767124,+,12.0,2.4790617525531893,0.0,0.39842237203478414
b2868,xdhC,0,0,477,0.0,0.5241090146750524,+,0.763,2.670941517043193,0.0,0.3981315273096734
b2869,ygeV,2,1,1776,0.0011261261261261,0.4583333333333333,-,7.72,3.522241118684545,0.0,0.3976278273338889
b2870,ygeW,0,0,1188,0.0,0.5008417508417509,+,126.0,0.8341739223745526,0.0,0.39678330042838195
b2871,ygeX,0,0,1194,0.0,0.5376884422110553,+,43.4,1.1297621423549051,0.0,0.3962442682045099
b2872,ygeY,0,0,1209,0.0,0.5161290322580645,+,333.0,2.159245389951254,0.0,0.3957009271698955
b2873,hyuA,1,1,1383,0.0007230657989877,0.5292841648590022,+,5.84,1.4392782494994871,0.0,0.3951188068385997
b2874,yqeA,0,0,930,0.0,0.4924731182795699,+,38.6,3.511060738431691,0.0,0.3945987333819942
b2875,yqeB,0,0,1623,0.0,0.5231053604436229,-,32.3,2.8935346072831782,0.0,0.3939528426517111
b2876,yqeC,0,0,768,0.0,0.5052083333333334,-,0.59,1.9922443087567407,0.0,0.39341596483321023
b2877,mocA,0,0,576,0.0,0.4322916666666667,+,1.49,3.761679617228779,0.0,0.3930811702385271
b2878,ygfK,1,1,3096,0.0003229974160206,0.522609819121447,+,42.5,1.2186060766454974,0.0,0.3921504671181726
b2879,ssnA,0,0,1326,0.0,0.5279034690799397,+,32.3,1.045302360973786,0.0,0.39119563465766066
b2880,ygfM,0,0,777,0.0,0.5456885456885456,+,33.9,1.7884354182214206,0.0,0.3907199419517017
b2881,xdhD,1,1,2868,0.0003486750348675,0.5299860529986054,+,54.3,2.623415380169098,0.0,0.38993487663443965
b2882,xanQ,0,0,1398,0.0,0.4899856938483548,+,0.529,1.952079588034232,0.0,0.3889438501636917
b2883,guaD,0,0,1317,0.0,0.4905087319665907,+,19.8,3.787240721444306,0.0,0.3883518195676884
b2886,ygfS,0,0,486,0.0,0.5493827160493827,-,0.754,2.282910372941077,0.0,0.3873422652107482
b2887,ygfT,0,0,1917,0.0,0.5289514866979655,-,1.17,1.7538561988542647,0.0,0.3868239152784397
b2888,uacT,0,0,1446,0.0,0.4910096818810511,+,4.85,0.5142756856061624,0.0,0.3859104474010546
b2889,idi,0,0,546,0.0,0.5036630036630036,+,4.14,5.439539458753453,0.0,0.38537270782040534
b2890,lysS,0,0,1515,0.0,0.532013201320132,-,872.0,8.796178201879503,0.0,0.384909079784525
b2891,prfB,0,0,1095,0.0,0.5360730593607306,-,422.0,8.867824890140938,1.0,0.384341178528679
b2892,recJ,0,0,1731,0.0,0.5667244367417678,-,6.35,6.299618487548686,0.0,0.38369227163087627
b2893,dsbC,0,0,708,0.0,0.4858757062146893,-,216.0,7.062028482044483,0.0,0.3831631496717117
b2894,xerD,0,0,894,0.0,0.5313199105145414,-,1.79,6.303286353707103,0.0,0.38280638014224244
b2895,fldB,0,0,519,0.0,0.5144508670520231,+,31.4,6.889523541439752,0.0,0.3824530576613671
b2896,cptA,0,0,405,0.0,0.5382716049382716,-,4.19,6.423944653294925,0.0,0.382235893599951
b2897,cptB,0,0,264,0.0,0.4962121212121212,-,89.1,7.5077241189471025,0.0,0.3820988734183433
b2898,ygfZ,0,0,978,0.0,0.5408997955010225,+,531.0,8.133437265387547,0.0,0.381725730408053
b2899,yqfA,0,0,657,0.0,0.5220700152207002,-,2.09,6.311892105697867,0.0,0.3812883861177012
b2900,yqfB,0,0,309,0.0,0.4401294498381877,-,258.0,6.868695465811669,0.0,0.38100874430052056
b2901,bglA,0,0,1437,0.0,0.5086986778009742,+,239.0,6.907413715366193,0.0,0.38061491899866684
b2902,ygfF,0,0,741,0.0,0.5519568151147098,-,10.6,3.713500319735787,0.0,0.38012026752544137
b2903,gcvP,0,0,2871,0.0,0.5600835945663531,-,254.0,5.786219360391834,0.0,0.37922618929639706
b2904,gcvH,0,0,387,0.0,0.5297157622739018,-,496.0,7.278591564160705,0.0,0.37847214741648016
b2905,gcvT,0,0,1092,0.0,0.5467032967032966,-,259.0,6.485039740719961,0.0,0.3781420925136137
b2906,visC,0,0,1200,0.0,0.5508333333333333,-,22.3,6.001900428411787,0.0,0.37745440631912947
b2907,ubiH,0,0,1176,0.0,0.5960884353741497,-,5.16,6.41852005675153,0.0,0.3769317475760785
b2908,pepP,0,0,1323,0.0,0.5359032501889645,-,365.0,7.764873909723078,0.0,0.3763940079954292
b2909,ygfB,0,0,576,0.0,0.515625,-,263.0,7.876219712084469,0.0,0.3759726063048242
b2910,zapA,0,0,327,0.0,0.4678899082568807,+,212.0,9.157815386882518,0.0,0.3757050291577223
b2912,fau,0,0,546,0.0,0.521978021978022,+,3.98,5.73813708480516,0.0,0.37538660804386026
b2913,serA,0,0,1230,0.0,0.5308943089430894,-,1566.0,10.761500701821024,0.0,0.37483551114990954
b2914,rpiA,0,0,657,0.0,0.5190258751902588,-,1472.0,8.931192080264617,0.0,0.3743180229797495
b2915,yqfE,0,0,318,0.0,0.5314465408805031,-,,,0.0,0.3740827619132154
b2916,argP,0,0,891,0.0,0.5454545454545454,+,178.0,6.629700213419706,0.0,0.3737992421663666
b2917,scpA,0,0,2142,0.0,0.5504201680672269,+,3.81,1.5429787357110762,0.0,0.37305683407545415
b2918,argK,0,0,993,0.0,0.540785498489426,+,0.141,1.557181506383895,0.0,0.3723837978374941
b2919,scpB,1,1,783,0.0012771392081736,0.4955300127713921,+,2.3,2.336235165305122,0.0,0.3719955739896054
b2920,scpC,0,0,1476,0.0,0.532520325203252,+,0.91,1.832249926194501,0.0,0.37149747546778605
b2921,ygfI,0,0,894,0.0,0.4474272930648769,-,2.72,3.193340563322323,0.0,0.370987312275888
b2922,yggE,0,0,738,0.0,0.5284552845528455,-,645.0,7.95118628528948,0.0,0.37056289441776336
b2923,argO,0,0,633,0.0,0.5086887835703001,-,0.462,5.075865022803842,0.0,0.3702268071798575
b2924,mscS,0,0,858,0.0,0.5011655011655012,-,329.0,9.448904297368191,0.0,0.3698446156670082
b2925,fbaA,0,0,1077,0.0,0.5125348189415042,-,2712.0,10.528477534243969,1.0,0.3692728364814941
b2926,pgk,0,0,1161,0.0,0.524547803617571,-,5981.0,10.303561243199766,1.0,0.3686971793663118
b2927,epd,0,0,1017,0.0,0.5162241887905604,-,23.4,8.216458594686712,0.0,0.368205544060606
b2928,yggC,0,0,711,0.0,0.5035161744022504,-,0.608,5.643249429582403,0.0,0.3677095999441578
b2929,yggD,0,0,507,0.0,0.4812623274161736,-,0.116,6.110871330460698,0.0,0.36744762425102095
b2930,yggF,0,0,963,0.0,0.5669781931464174,-,0.145,1.617891538989868,0.0,0.36712058551567417
b2933,cmtA,0,0,1386,0.0,0.4985569985569985,-,0.916,1.091703135490926,0.0,0.3660580327866027
b2934,cmtB,0,0,441,0.0,0.4263038548752834,-,,1.0503478175881114,0.0,0.3656517119335961
b2935,tktA,1,1,1989,0.0005027652086475,0.5580693815987934,-,1137.0,8.799929963802741,0.0,0.36499203300893734
b2936,loiP,0,0,756,0.0,0.5171957671957672,+,42.7,6.22580202311297,0.0,0.3642797865932216
b2937,speB,0,0,918,0.0,0.5479302832244008,-,336.0,6.420377885510671,0.0,0.3638295158706426
b2938,speA,0,0,1974,0.0,0.5435663627152989,-,285.0,8.184744545811684,0.0,0.3631461384869008
b2939,yqgB,0,0,129,0.0,0.4108527131782946,-,,6.637601786472842,0.0,0.3626885427860598
b2940,yqgC,0,0,213,0.0,0.488262910798122,+,1.21,1.8032608013524545,0.0,0.36255540053412016
b2942,metK,0,0,1152,0.0,0.5338541666666666,+,1491.0,9.597291480826955,1.0,0.3621292591516986
b2943,galP,0,0,1392,0.0,0.5323275862068966,+,13.4,5.666077673999311,0.0,0.36139762308764206
b2944,yggI,0,0,495,0.0,0.5555555555555556,+,0.621,3.9191538201109646,0.0,0.3609572626297706
b2945,endA,1,1,705,0.001418439716312,0.550354609929078,+,0.002,2.7112261942040856,0.0,0.3606569385210266
b2946,rsmE,0,0,729,0.0,0.53360768175583,+,17.7,6.220829551057075,0.0,0.3603126645427102
b2947,gshB,0,0,948,0.0,0.5358649789029536,+,220.0,7.210528211712271,0.0,0.35994469210531077
b2948,yqgE,0,0,561,0.0,0.5115864527629234,+,90.5,7.706276493741816,0.0,0.3595719799760947
b2949,yqgF,0,0,414,0.0,0.533816425120773,+,14.6,6.6704487324810415,1.0,0.359360848249718
b2950,yggR,0,0,978,0.0,0.5552147239263804,-,1.22,1.5507153144576908,0.0,0.3589808111422399
b2951,yggS,0,0,702,0.0,0.5156695156695157,+,250.0,6.296681254518467,0.0,0.358610253418395
b2952,yggT,0,0,564,0.0,0.5141843971631206,+,24.1,6.5743982546504895,0.0,0.35832888807691743
b2953,yggU,0,0,288,0.0,0.4791666666666667,+,7.51,6.389477502769853,0.0,0.3581457636203662
b2954,rdgB,1,1,591,0.0016920473773265,0.5583756345177665,+,196.0,6.417808124403529,0.0,0.35795229801803324
b2955,yggW,0,0,1134,0.0,0.5335097001763669,+,7.67,5.766844162142065,0.0,0.35758260205633685
b2956,yggM,0,0,1005,0.0,0.4467661691542288,-,5.73,1.947809335023729,0.0,0.3570543418593208
b2957,ansB,0,0,1044,0.0,0.5277777777777778,-,295.0,4.0047048601017705,0.0,0.35656141391039226
b2958,yggN,0,0,717,0.0,0.5271966527196653,-,211.0,5.199666565170609,0.0,0.35610554173384823
b2959,yggL,0,0,324,0.0,0.4907407407407407,-,459.0,8.819399934185183,0.0,0.35580090881436177
b2960,trmI,0,0,717,0.0,0.5285913528591353,-,138.0,7.231420188113975,0.0,0.3555759888936094
b2961,mutY,0,0,1050,0.0,0.5523809523809524,+,1.87,6.045789971741044,0.0,0.35512485640888203
b2962,yggX,0,0,273,0.0,0.4798534798534798,+,937.0,7.633473983326595,0.0,0.3548271175865834
b2963,mltC,0,0,1077,0.0,0.5125348189415042,+,5.42,5.798426769543866,0.0,0.35450740382949864
b2964,nupG,0,0,1254,0.0,0.4984051036682616,+,13.7,4.275171912297659,0.0,0.35391709675779226
b2965,speC,1,1,2133,0.0004688232536333,0.522737927801219,-,9.44,5.405768299270362,0.0,0.3531652092832466
b2966,yqgA,0,0,705,0.0,0.5177304964539007,+,0.283,3.7454759373286657,0.0,0.35238143660920723
b2968,yghD,0,0,534,0.0,0.5355805243445693,-,0.133,2.7996163595221897,0.0,0.35197123782653245
b2969,yghE,0,0,960,0.0,0.56875,-,,1.2855853235323709,0.0,0.35164764613977956
b2970,yghF,0,0,849,0.0,0.5135453474676089,-,,2.3790580751411663,0.0,0.35125640612437126
b2971,yghG,0,0,408,0.0,0.4436274509803921,-,0.312,4.15025109154841,0.0,0.35093109091332136
b2972,pppA,0,0,807,0.0,0.5192069392812887,-,0.18,4.430851708493663,0.0,0.3506402461882106
b2975,glcA,0,0,1680,0.0,0.5357142857142857,-,1.96,3.3167510678903853,0.0,0.34784339713533025
b2976,glcB,0,0,2169,0.0,0.5352697095435685,-,431.0,5.498750316670545,0.0,0.3468605574049929
b2977,glcG,0,0,402,0.0,0.5497512437810945,-,315.0,5.74925073239037,0.0,0.3462961031977408
b2979,glcD,1,1,1497,0.0006680026720106,0.5671342685370742,-,3.02,2.941654634475629,0.0,0.3448991867550605
b2980,glcC,1,1,762,0.0013123359580052,0.5511811023622047,+,26.5,4.936967237185383,0.0,0.344303278229389
b2981,yghO,0,0,1098,0.0,0.5091074681238615,-,,1.5103959091096268,0.0,0.3438986809006793
b2982,insH1,0,0,1014,0.0,0.5483234714003945,+,0.589,1.5174284581648652,0.0,0.34342772788653697
b2983,yghQ,0,0,1065,0.0,0.5286384976525822,-,5.45,1.1834113126957329,0.0,0.34291584117034196
b2984,yghR,0,0,756,0.0,0.5370370370370371,-,0.886,1.0931626747245549,0.0,0.3425026262201475
b2985,yghS,0,0,711,0.0,0.5035161744022504,-,0.084,1.5946194302879066,0.0,0.34217214043620675
b2986,yghT,0,0,690,0.0,0.4753623188405797,+,0.073,0.9689528550029995,0.0,0.3417942577340998
b2987,pitB,0,0,1497,0.0,0.520374081496326,-,,1.4019006548502269,0.0,0.3413013297851713
b2988,gss,0,0,1857,0.0,0.5255788906838987,-,118.0,7.127139144968588,0.0,0.34045206318784776
b2989,yghU,0,0,864,0.0,0.5358796296296297,+,447.0,7.457306825477289,0.0,0.33977644166344223
b2990,hybG,0,0,246,0.0,0.524390243902439,-,0.08,4.310480886199097,0.0,0.33948344253296026
b2991,hybF,0,0,339,0.0,0.5545722713864307,-,0.087,3.767574191118196,0.0,0.3393511620431691
b2992,hybE,0,0,486,0.0,0.5452674897119342,-,3.62,4.752942867314707,0.0,0.3391753625648799
b2993,hybD,0,0,492,0.0,0.5487804878048781,-,36.6,5.4717486722470605,0.0,0.3389668161249486
b2994,hybC,0,0,1701,0.0,0.5302763080540859,-,134.0,4.63361781542982,0.0,0.33849370870543505
b2995,hybB,0,0,1176,0.0,0.5416666666666666,-,1.99,2.727383802421687,0.0,0.3378741017206805
b2996,hybA,1,1,984,0.0010162601626016,0.5457317073170732,-,30.0,3.402522219473483,0.0,0.3374121972090971
b2997,hybO,1,1,1116,0.0008960573476702,0.5448028673835126,-,34.6,3.9542596543978754,0.0,0.33695761767577576
b2998,yghW,0,0,285,0.0,0.4561403508771929,-,9.14,2.7969250332537734,0.0,0.3365737026386295
b3001,gpr,0,0,1038,0.0,0.5211946050096339,+,390.0,4.818855892036716,0.0,0.335787775559219
b3002,yqhA,0,0,492,0.0,0.4756097560975609,-,19.9,7.520334993213119,0.0,0.33544005453230874
b3003,yghA,2,1,882,0.0022675736961451,0.5453514739229025,+,177.0,5.591760074294373,0.0,0.33506087918697913
b3005,exbD,0,0,423,0.0,0.5059101654846335,-,179.0,8.603118888239148,0.0,0.3346618833122345
b3006,exbB,0,0,732,0.0,0.5327868852459017,-,212.0,8.851984275367716,0.0,0.33440895612165666
b3008,metC,0,0,1185,0.0,0.5113924050632911,+,313.0,7.310940677090365,0.0,0.33388672825967997
b3009,yghB,0,0,657,0.0,0.5114155251141552,+,3.38,5.99157346266988,0.0,0.3334287016777647
b3010,yqhC,0,0,954,0.0,0.5062893081761006,-,3.72,4.371267660939868,0.0,0.3330633145268107
b3011,yqhD,1,1,1161,0.0008613264427217,0.5478036175710594,+,291.0,6.133520870214612,0.0,0.3325479807620218
b3012,dkgA,0,0,825,0.0,0.5151515151515151,+,478.0,6.875434286969292,0.0,0.33207401158035976
b3013,yqhG,0,0,924,0.0,0.474025974025974,+,0.345,2.513849029835738,0.0,0.3316099526634052
b3014,yqhH,1,1,255,0.0039215686274509,0.4862745098039215,+,1.2,2.196781640349144,0.0,0.33133332701374424
b3017,ftsP,0,0,1410,0.0,0.5652482269503546,-,15.5,6.410870586802598,0.0,0.32995106052758805
b3018,plsC,0,0,735,0.0,0.4965986394557823,-,24.3,6.402690950683067,1.0,0.3294559781732883
b3019,parC,0,0,2256,0.0,0.5474290780141844,-,44.3,6.404657982857821,1.0,0.3287096921527077
b3020,ygiS,0,0,1605,0.0,0.5233644859813084,-,11.2,3.955018572428037,0.0,0.3278177683290346
b3021,mqsA,0,0,393,0.0,0.4249363867684478,-,4.36,6.842056868877117,0.0,0.32732914919084843
b3022,mqsR,0,0,294,0.0,0.4047619047619047,-,1.12,7.004059882135338,0.0,0.32717920257701355
b3023,ygiV,0,0,480,0.0,0.5333333333333333,-,1.09,4.847838034979337,0.0,0.326923259218916
b3024,ygiW,0,0,390,0.0,0.5230769230769231,-,854.0,8.073195747898808,0.0,0.3267121274925393
b3025,qseB,0,0,657,0.0,0.517503805175038,+,2.89,3.871311585672908,0.0,0.32642042100528
b3026,qseC,0,0,1347,0.0,0.5315515961395694,+,5.46,3.722665946005888,0.0,0.32598910904996753
b3027,ygiZ,0,0,330,0.0,0.3424242424242424,-,,0.7558680240056053,0.0,0.32560691753711823
b3028,mdaB,0,0,579,0.0,0.5077720207253886,+,178.0,6.882631717096236,0.0,0.3252729847045836
b3029,ygiN,0,0,312,0.0,0.5096153846153846,+,724.0,8.761121067907226,0.0,0.3250665926700235
b3030,parE,1,1,1890,0.0005291005291005,0.5365079365079365,-,14.0,6.536675226501661,1.0,0.3245706485535753
b3031,yqiA,0,0,579,0.0,0.538860103626943,-,400.0,6.559009772439952,0.0,0.32402558399466397
b3032,cpdA,0,0,825,0.0,0.566060606060606,-,33.8,7.320242248210525,0.0,0.32372224371840025
b3033,yqiB,0,0,420,0.0,0.4833333333333333,-,0.017,7.0261526899561,0.0,0.32344217102014544
b3034,nudF,0,0,627,0.0,0.5103668261562998,-,73.2,6.777554884799749,0.0,0.3232155275750961
b3035,tolC,0,0,1479,0.0,0.5138607167004733,+,351.0,8.878994076712244,0.0,0.32267261742155595
b3037,ygiB,0,0,669,0.0,0.5620328849028401,+,106.0,7.993614407840308,,0.32214521898668835
b3038,ygiC,0,0,1158,0.0,0.5025906735751295,+,43.7,7.520909373800048,0.0,0.32174794663624073
b3039,ygiD,0,0,786,0.0,0.544529262086514,-,1.35,3.868754445500915,0.0,0.3213118949891116
b3040,zupT,0,0,771,0.0,0.5330739299610895,+,4.22,6.520260926317222,0.0,0.32091419175758973
b3041,ribB,0,0,651,0.0,0.5192012288786483,-,116.0,7.572614543371156,1.0,0.3203958418252812
b3042,yqiC,0,0,288,0.0,0.5,+,401.0,8.559467561666308,0.0,0.32003131643647564
b3043,ygiL,0,0,549,0.0,0.4389799635701275,+,,2.215858382321199,0.0,0.3197279761602119
b3044,insC1,0,0,363,0.0,0.5344352617079889,+,0.649,0.2007436154435858,0.0,0.31943497702972995
b3045,insD1,0,0,903,0.0,0.5514950166112956,+,2.86,0.3346406396405906,0.0,0.3191794645527067
b3046,yqiG,0,0,2471,0.0,0.4192634560906516,+,,,0.0,0.3187481525973942
b3047,yqiH,0,0,747,0.0,0.3882195448460508,+,1.7,1.4313202462983328,0.0,0.3177605731752402
b3048,yqiI,0,0,1062,0.0,0.3992467043314501,+,0.244,1.423974415359323,0.0,0.31736890227875764
b3049,glgS,0,0,198,0.0,0.4545454545454545,-,62.9,7.729226906879472,0.0,0.3170780575536469
b3050,yqiJ,0,0,627,0.0,0.4274322169059011,+,,1.9100295522394,0.0,0.31678376577994216
b3051,yqiK,0,0,1659,0.0,0.5051235684147076,+,5.45,1.6313300772270771,0.0,0.31627877316093495
b3052,hldE,0,0,1431,0.0,0.5583508036338225,-,289.0,6.095406202979455,0.0,0.31526964968506904
b3053,glnE,0,0,2838,0.0,0.5599013389711064,-,30.3,5.706972282353926,0.0,0.3143281745378585
b3054,ygiF,0,0,1299,0.0,0.5550423402617398,-,47.0,5.54461530405281,0.0,0.3134263404494779
b3055,ygiM,0,0,618,0.0,0.529126213592233,+,147.0,6.79421439837118,0.0,0.31290799051716933
b3056,cca,0,0,1236,0.0,0.5631067961165048,+,14.8,6.730269937237513,1.0,0.31248012561045074
b3057,bacA,0,0,819,0.0,0.5262515262515263,-,0.267,5.818195830537439,0.0,0.3119587595106225
b3058,folB,0,0,366,0.0,0.5136612021857924,-,24.7,4.962301338343907,1.0,0.31166360597476933
b3059,plsY,0,0,615,0.0,0.5398373983739837,+,2.49,5.6489424315634365,0.0,0.3114063699734491
b3060,ttdR,0,0,930,0.0,0.4967741935483871,-,0.126,2.6074477715423576,0.0,0.3110668356869494
b3061,ttdA,0,0,909,0.0,0.5390539053905391,+,28.5,1.1940984324966148,0.0,0.3105808018352087
b3062,ttdB,0,0,603,0.0,0.5422885572139303,+,31.1,1.0205158810782051,0.0,0.3102554866241588
b3063,ttdT,0,0,1461,0.0,0.5537303216974675,+,3.27,0.7939559683692189,0.0,0.30978927330183303
b3064,tsaD,0,0,1011,0.0,0.5786350148367952,-,21.9,6.258526241648339,1.0,0.3092373146457339
b3065,rpsU,0,0,213,0.0,0.5258215962441315,+,6456.0,11.804143965309496,0.0,0.3088702039704829
b3066,dnaG,0,0,1743,0.0,0.5232358003442341,+,6.44,7.176721149908039,1.0,0.308400112718489
b3067,rpoD,0,0,1839,0.0,0.5307232191408374,+,633.0,8.531790683660043,1.0,0.30754352114290345
b3068,mug,0,0,504,0.0,0.5396825396825397,-,125.0,7.016104464534306,0.0,0.30700362715688295
b3070,yqjH,0,0,762,0.0,0.5656167979002624,-,79.2,6.128888752991151,0.0,0.3066205738818852
b3071,yqjI,0,0,621,0.0,0.5394524959742351,+,51.5,5.836792984113675,0.0,0.30619787954805744
b3072,aer,0,0,1518,0.0,0.5487483530961792,-,30.7,3.922612337800328,0.0,0.3056696193510414
b3073,patA,1,1,1377,0.0007262164124909,0.5541031227305737,+,8.75,7.809264406526873,0.0,0.30486516438543865
b3074,ygjH,0,0,330,0.0,0.5303030303030303,-,5.72,1.158100188634082,0.0,0.3044782331807727
b3075,ebgR,0,0,981,0.0,0.5188583078491336,+,2.12,4.929937727454173,0.0,0.30410078135974
b3076,ebgA,0,0,3090,0.0,0.545631067961165,+,0.166,1.3164563896118406,0.0,0.3031433636127827
b3077,ebgC,0,0,447,0.0,0.4586129753914988,+,0.113,0.9946274297720886,0.0,0.30238199675460375
b3078,ygjI,0,0,1431,0.0,0.4975541579315164,+,,0.5643658619855828,0.0,0.3019493921560686
b3079,ygjJ,0,0,1068,0.0,0.5205992509363296,+,,0.4953467960567534,0.0,0.3013521909871744
b3080,ygjK,0,0,2349,0.0,0.545338441890166,+,0.117,1.3341462060610882,0.0,0.300608059371965
b3081,fadH,0,0,2016,0.0,0.5729166666666666,+,28.2,2.4945196049721763,0.0,0.29948302888712897
b3082,higA,0,0,414,0.0,0.4879227053140096,-,3.59,4.360156615399057,0.0,0.29893925697144036
b3083,higB,0,0,312,0.0,0.3846153846153846,-,2.03,3.761837354137668,0.0,0.2987832780225661
b3084,rlmG,0,0,1134,0.0,0.5396825396825397,-,3.89,4.48495826681551,0.0,0.2983485190186597
b3085,ygjP,0,0,501,0.0,0.5089820359281437,+,1.57,4.359872410194044,0.0,0.29795900252754837
b3086,ygjQ,0,0,690,0.0,0.5173913043478261,+,1.0,1.158275927895076,0.0,0.2976681578024376
b3087,ygjR,0,0,984,0.0,0.5274390243902439,+,143.0,5.914368152780893,0.0,0.2972726089762869
b3088,alx,1,1,963,0.0010384215991692,0.5420560747663551,+,2.61,3.2632988679177664,0.0,0.2967305605848952
b3089,sstT,0,0,1242,0.0,0.5531400966183575,+,67.7,7.855434666329405,0.0,0.2960825154492409
b3090,ygjV,0,0,549,0.0,0.4990892531876138,-,0.537,3.0804478906223114,0.0,0.29569386072027803
b3091,uxaA,0,0,1485,0.0,0.538047138047138,-,11.1,3.826755105372333,0.0,0.2952190297764675
b3092,uxaC,0,0,1410,0.0,0.5439716312056737,-,251.0,4.37463371864908,0.0,0.29458778900270854
b3093,exuT,0,0,1416,0.0,0.5437853107344632,+,8.54,3.5248492914453515,0.0,0.29382168245271295
b3094,exuR,0,0,774,0.0,0.5064599483204134,+,25.9,7.272421681050653,0.0,0.29329299137462267
b3095,yqjA,0,0,660,0.0,0.509090909090909,+,3.81,6.532674390156096,0.0,0.29283453391163317
b3096,mzrA,0,0,381,0.0,0.5433070866141733,+,,5.817175078289745,0.0,0.29260789046658386
b3097,yqjC,0,0,366,0.0,0.4918032786885246,+,42.3,9.273437561038287,0.0,0.2923825396647573
b3098,yqjD,0,0,303,0.0,0.5544554455445545,+,1746.0,9.488332307005075,0.0,0.2922213901429922
b3099,yqjE,0,0,402,0.0,0.5323383084577115,+,67.9,8.778486243502655,0.0,0.2920671347184149
b3100,yqjK,0,0,297,0.0,0.5723905723905723,+,22.6,8.350754646747351,0.0,0.2919202042720997
b3101,yqjF,0,0,390,0.0,0.4923076923076923,+,7.15,3.3099707991365013,0.0,0.2916909755406049
b3102,yqjG,0,0,984,0.0,0.5132113821138211,+,179.0,5.914274291745973,0.0,0.29136393680525813
b3103,yhaH,0,0,363,0.0,0.5234159779614325,+,0.551,7.084746764139452,0.0,0.2909464130443213
b3104,yhaI,0,0,354,0.0,0.4519774011299435,+,0.804,2.227058327649313,0.0,0.29068659175655565
b3105,yhaJ,0,0,894,0.0,0.5548098434004475,-,15.7,5.884669412344672,0.0,0.29039488526929635
b3106,yhaK,0,0,699,0.0,0.5350500715307582,+,1.35,3.1170957181943435,0.0,0.29000579965925927
b3107,yhaL,0,0,162,0.0,0.5308641975308642,+,,6.171088608275444,0.0,0.2898093178894066
b3110,yhaO,1,1,1329,0.000752445447705,0.5063957863054929,-,2.25,2.401990545366837,0.0,0.288853192785672
b3113,tdcF,0,0,387,0.0,0.5297157622739018,-,331.0,2.775260715276348,0.0,0.2877453975438055
b3114,tdcE,0,0,2292,0.0,0.5314136125654451,-,114.0,2.147734352028944,0.0,0.2871611228071385
b3115,tdcD,0,0,1206,0.0,0.4842454394693201,-,25.9,1.9231498019645168,0.0,0.2863920000896233
b3116,tdcC,0,0,1329,0.0,0.4996237772761475,-,41.3,2.944852873796582,0.0,0.2858340090984848
b3117,tdcB,0,0,987,0.0,0.4650455927051671,-,169.0,0.8409470045339593,0.0,0.2853247076687352
b3118,tdcA,0,0,936,0.0,0.422008547008547,-,12.8,1.427446910852391,0.0,0.28486668108681995
b3119,tdcR,0,0,216,0.0,0.2916666666666667,+,0.0005,,0.0,0.28448190428752523
b3120,yhaB,0,0,537,0.0,0.3556797020484171,+,,0.4434505935660087,0.0,0.28420872568645816
b3121,yhaC,0,0,1185,0.0,0.3181434599156118,+,0.05,0.6497334154161433,0.0,0.28382739593575734
b3124,garK,0,0,1143,0.0,0.5380577427821522,-,1.23,3.7366486006288886,0.0,0.2828841972642499
b3125,garR,0,0,882,0.0,0.5317460317460317,-,69.5,3.906099604841062,0.0,0.28240505750969697
b3126,garL,1,1,768,0.0013020833333333,0.53125,-,4.27,2.0993230369215943,0.0,0.2820332071426294
b3127,garP,1,1,1332,0.0007507507507507,0.5142642642642643,-,0.137,0.6732720375530733,0.0,0.28157302615534296
b3128,garD,0,0,1569,0.0,0.5289993626513703,+,6.91,3.0499188441222267,0.0,0.28078580643270973
b3129,prlF,0,0,333,0.0,0.4804804804804805,+,25.8,6.849733521139047,0.0,0.2803109754888992
b3130,yhaV,0,0,462,0.0,0.4393939393939394,+,1.66,6.459874152362425,0.0,0.2801386230592039
b3131,agaR,0,0,807,0.0,0.5229244114002478,-,3.92,6.69197573072516,0.0,0.2798408842369053
b3132,kbaZ,0,0,1278,0.0,0.5539906103286385,+,21.9,1.240306229205233,0.0,0.27928332412684104
b3133,agaV,0,0,471,0.0,0.5074309978768577,+,16.7,2.2193727249281365,0.0,0.2788959620411009
b3134,agaW,0,0,375,0.0,0.5813333333333334,+,,2.1487586252541377,0.0,0.27870852877380725
b3135,agaA,0,0,552,0.0,0.5797101449275363,+,,2.5082940489970498,0.0,0.27851032347965765
b3136,agaS,0,0,1152,0.0,0.5677083333333334,+,1.14,0.7624047535982256,0.0,0.27799111178520064
b3137,kbaY,0,0,858,0.0,0.5221445221445221,+,1.25,0.7149545496129008,0.0,0.2775516130894776
b3138,agaB,0,0,474,0.0,0.4430379746835443,+,0.365,1.4920627504849122,0.0,0.2771918273924887
b3139,agaC,0,0,801,0.0,0.5143570536828964,+,,0.9030546955549428,0.0,0.2768996900241552
b3140,agaD,0,0,789,0.0,0.4955640050697085,+,,1.2030383570747245,0.0,0.27656058661872973
b3141,agaI,0,0,753,0.0,0.5046480743691899,+,0.046,1.599973123702869,0.0,0.2762270846672693
b3142,yraH,0,0,582,0.0,0.4536082474226804,+,0.159,2.429069668039046,0.0,0.27576561103676017
b3143,yraI,0,0,693,0.0,0.4444444444444444,+,0.212,0.6820375513240071,0.0,0.2754558075443829
b3144,yraJ,0,0,2514,0.0,0.4765314240254574,+,0.812,2.190822333939198,0.0,0.2747513169880034
b3145,yraK,0,0,1089,0.0,0.480257116620753,+,6.94,2.7735430964206857,0.0,0.2739696987193353
b3146,rsmI,0,0,858,0.0,0.5477855477855478,-,88.8,5.684992943275,0.0,0.27353063090468654
b3147,lpoA,0,0,2034,0.0,0.5412979351032449,+,75.8,6.553434250187726,0.0,0.2728787078393641
b3148,yraN,0,0,393,0.0,0.549618320610687,+,0.832,6.463161369858594,0.0,0.27237328433928265
b3149,diaA,0,0,588,0.0,0.5051020408163265,+,34.8,6.9046843489368,0.0,0.27215224234819846
b3150,yraP,0,0,573,0.0,0.5445026178010471,+,214.0,7.042224624197711,0.0,0.2718971607522494
b3151,yraQ,0,0,1038,0.0,0.5780346820809249,-,0.571,5.093152251316197,0.0,0.2714998884018018
b3152,yraR,0,0,633,0.0,0.5513428120063191,-,11.3,4.014232805467755,0.0,0.271107786624245
b3153,yhbO,0,0,516,0.0,0.5038759689922481,+,145.0,4.324212445353523,0.0,0.270804015466907
b3154,yhbP,0,0,441,0.0,0.5419501133786848,-,2.65,4.526381128536599,0.0,0.2706058101727575
b3155,yhbQ,0,0,300,0.0,0.5466666666666666,+,15.7,4.5251622800915605,0.0,0.27042311659728047
b3156,yhbS,0,0,501,0.0,0.5588822355289421,-,414.0,6.846826212566458,0.0,0.2702555038594018
b3157,yhbT,0,0,522,0.0,0.5210727969348659,-,0.943,7.653413153870866,0.0,0.27003661627368875
b3158,yhbU,0,0,993,0.0,0.5689828801611279,+,2.41,3.039103690685553,0.0,0.26961952339382617
b3159,yhbV,0,0,876,0.0,0.5616438356164384,+,0.302,2.922995464755601,0.0,0.2692119098975968
b3160,yhbW,0,0,1005,0.0,0.5592039800995025,+,17.5,5.882791083786416,0.0,0.2687711185586511
b3161,mtr,0,0,1242,0.0,0.5322061191626409,-,54.5,4.785976887511671,0.0,0.26823510250229876
b3162,deaD,0,0,1887,0.0,0.5564387917329093,-,68.2,7.539550805406552,0.0,0.26749398705460903
b3163,nlpI,0,0,882,0.0,0.4829931972789115,-,25.1,9.61073433391507,0.0,0.2668187964112777
b3164,pnp,0,0,2133,0.0,0.5414908579465542,-,1261.0,9.524479857234953,0.0,0.26612163083316026
b3165,rpsO,0,0,267,0.0,0.5243445692883895,-,3631.0,11.441012716474214,0.0,0.2654972841565891
b3166,truB,0,0,942,0.0,0.5265392781316348,-,14.2,7.148279282150112,0.0,0.265171538064465
b3167,rbfA,0,0,399,0.0,0.5338345864661654,-,517.0,7.55119260661426,0.0,0.2648819859825769
b3168,infB,0,0,2670,0.0,0.5348314606741573,-,837.0,8.835214777618544,1.0,0.2641490572752977
b3169,nusA,0,0,1485,0.0,0.5286195286195287,-,876.0,8.524499911294571,1.0,0.26324248349510043
b3170,rimP,0,0,450,0.0,0.4888888888888889,-,78.1,8.286391532482083,0.0,0.2628124641830107
b3172,argG,0,0,1341,0.0,0.5272184936614467,+,659.0,8.947017527369233,0.0,0.2621540779015747
b3173,yhbX,0,0,1623,0.0,0.4306839186691312,-,0.136,2.160492130767446,0.0,0.2615112033388113
b3175,secG,0,0,330,0.0,0.5,-,311.0,10.7910720845046,0.0,0.26084807736555865
b3176,glmM,0,0,1335,0.0,0.5453183520599251,-,499.0,7.715959377441488,1.0,0.2603904816647176
b3177,folP,0,0,846,0.0,0.5177304964539007,-,33.5,6.362746430365768,0.0,0.25992254481809496
b3178,ftsH,0,0,1932,0.0,0.5367494824016563,-,441.0,9.192001074299489,1.0,0.25928440994714813
b3179,rlmE,0,0,627,0.0,0.507177033492823,-,47.3,8.88525059280599,0.0,0.2586893631836251
b3180,yhbY,0,0,291,0.0,0.4914089347079037,+,757.0,8.821869785040137,0.0,0.2584364359930473
b3181,greA,0,0,474,0.0,0.4873417721518987,-,787.0,7.623283954451678,0.0,0.25820332933188445
b3182,dacB,0,0,1431,0.0,0.5317959468902865,+,3.9,5.2552951043872245,0.0,0.25768541028065006
b3183,obgE,0,0,1170,0.0,0.5333333333333333,-,337.0,6.687421681284073,1.0,0.25704382836110934
b3184,yhbE,1,1,963,0.0010384215991692,0.5306334371754933,-,0.115,6.111883611218639,0.0,0.25657675327663515
b3185,rpmA,0,0,255,0.0,0.5058823529411764,-,2097.0,11.355638949233883,1.0,0.2562587630438473
b3186,rplU,0,0,309,0.0,0.4886731391585761,-,2284.0,11.825621870569831,1.0,0.25612734431620465
b3187,ispB,0,0,969,0.0,0.5283797729618163,+,47.1,7.997317696999348,1.0,0.25573955134939025
b3188,sfsB,0,0,276,0.0,0.5036231884057971,+,0.082,4.320537562332273,0.0,0.25537200979306507
b3189,murA,0,0,1257,0.0,0.5346062052505967,-,177.0,7.665510688436104,1.0,0.2550204108364867
b3190,ibaG,0,0,252,0.0,0.5079365079365079,-,252.0,8.146128315454261,0.0,0.2546705354042052
b3191,mlaB,0,0,291,0.0,0.5395189003436426,-,209.0,7.445950075875469,0.0,0.2544839638990601
b3192,mlaC,0,0,633,0.0,0.5260663507109005,-,653.0,8.045331416422963,0.0,0.25428403508061354
b3193,mlaD,0,0,549,0.0,0.5009107468123861,-,138.0,6.973607192374723,0.0,0.25402033586317974
b3194,mlaE,0,0,780,0.0,0.5525641025641026,-,10.4,6.687416653031596,0.0,0.25373078378129166
b3195,mlaF,0,0,807,0.0,0.5477075588599752,-,53.8,7.234460362775941,0.0,0.2533847862786784
b3196,yrbG,0,0,975,0.0,0.522051282051282,+,2.58,5.641370624173667,0.0,0.2529095244537936
b3197,kdsD,0,0,984,0.0,0.5203252032520326,+,88.8,6.953187601679989,0.0,0.25248036690385234
b3198,kdsC,0,0,564,0.0,0.526595744680851,+,87.3,7.351450154526716,1.0,0.2521369546876845
b3199,lptC,0,0,573,0.0,0.4659685863874345,+,17.3,7.3445826223522035,1.0,0.2518926451185914
b3200,lptA,0,0,555,0.0,0.4990990990990991,+,163.0,7.969463182014702,1.0,0.2516621237438739
b3201,lptB,0,0,723,0.0,0.5449515905947441,+,252.0,7.536828548109822,1.0,0.2513829128077676
b3202,rpoN,0,0,1431,0.0,0.5290006988120196,+,42.9,8.218115760560584,0.0,0.2508973098371011
b3203,hpf,0,0,285,0.0,0.4526315789473684,+,1535.0,9.409696475593371,0.0,0.2505168418485488
b3204,ptsN,0,0,489,0.0,0.523517382413088,+,314.0,8.347690616023884,0.0,0.25029838514390995
b3205,yhbJ,0,0,852,0.0,0.5223004694835681,+,65.7,7.829195836745204,0.0,0.24998858165153268
b3206,npr,0,0,270,0.0,0.4962962962962963,+,16.7,6.186838233972153,0.0,0.2497472882499593
b3207,yrbL,0,0,630,0.0,0.5142857142857142,+,0.95,9.167324447351543,0.0,0.24946032145451663
b3208,mtgA,0,0,726,0.0,0.522038567493113,-,2.24,4.932720621750376,0.0,0.24916861496725734
b3209,elbB,0,0,651,0.0,0.5284178187403994,-,424.0,6.7172266426146,0.0,0.24887259966925568
b3210,arcB,0,0,2334,0.0,0.506426735218509,-,48.8,5.819100183669375,0.0,0.24812932981619476
b3211,yhcC,0,0,927,0.0,0.5609492988133765,-,0.64,2.6890946775179567,0.0,0.2473847673199111
b3212,gltB,1,1,4458,0.000224315836698,0.5693135935397039,+,347.0,9.868449874125218,0.0,0.2459326980997283
b3213,gltD,0,0,1416,0.0,0.5628531073446328,+,380.0,10.04643580655254,0.0,0.24466073716857706
b3214,gltF,0,0,762,0.0,0.4553805774278215,+,0.285,5.029639592087954,0.0,0.24394935251500974
b3215,yhcA,1,1,672,0.0014880952380952,0.4181547619047619,+,0.206,2.064548782390151,0.0,0.2435654374778635
b3216,yhcD,0,0,2379,0.0,0.4552332912988651,+,0.09,2.845207955897695,0.0,0.2428984335749427
b3218,insH1,0,0,1014,0.0,0.5483234714003945,-,0.589,6.755645809138055,0.0,0.24194489375765352
b3219,yhcF,0,0,714,0.0,0.4355742296918767,+,,4.667567491175301,0.0,0.24148212748392167
b3220,yhcG,0,0,1125,0.0,0.4951111111111111,+,6.24,2.9873173112804885,0.0,0.24100557301581418
b3221,yhcH,1,1,462,0.0021645021645021,0.4761904761904761,-,51.1,4.8248228478278135,0.0,0.24063673881626627
b3222,nanK,0,0,873,0.0,0.5853379152348225,-,5.35,3.986873091514886,0.0,0.2403497720208236
b3223,nanE,1,1,687,0.0014556040756914,0.5836972343522562,-,31.1,3.1729493551844867,0.0,0.24001411566399206
b3224,nanT,0,0,1488,0.0,0.551747311827957,-,1.33,2.3841277751512746,0.0,0.23952377300150896
b3225,nanA,0,0,891,0.0,0.5207631874298541,-,98.0,3.5243895262844016,0.0,0.23896362760499926
b3226,nanR,1,1,789,0.0012674271229404,0.5247148288973384,-,18.5,6.451153431930477,0.0,0.2385482582494336
b3227,dcuD,0,0,1365,0.0,0.5113553113553113,+,0.336,1.132383822462144,0.0,0.23791960276212004
b3228,sspB,0,0,495,0.0,0.5555555555555556,-,205.0,8.075225734233511,0.0,0.23749949371473777
b3229,sspA,0,0,636,0.0,0.539308176100629,-,1019.0,9.1503001505207,0.0,0.23725216797812504
b3230,rpsI,1,1,390,0.0025641025641025,0.5282051282051282,-,2951.0,11.347095821740496,1.0,0.23686006620056824
b3231,rplM,0,0,426,0.0,0.5093896713615024,-,3574.0,11.745045950087189,1.0,0.23667651086294275
b3232,yhcM,1,1,1125,0.0008888888888888,0.5191111111111111,-,17.4,5.740520135429776,0.0,0.23624735331300148
b3233,yhcB,0,0,396,0.0,0.547979797979798,+,751.0,8.721199038324704,0.0,0.2358350001249555
b3234,degQ,0,0,1365,0.0,0.5216117216117216,+,431.0,5.870816203650472,0.0,0.23538860733204472
b3235,degS,0,0,1065,0.0,0.5286384976525822,+,9.38,5.900836081109734,1.0,0.23482544576801534
b3236,mdh,0,0,936,0.0,0.5245726495726496,-,7186.0,10.689609236036956,0.0,0.23436612654287742
b3237,argR,0,0,468,0.0,0.4893162393162393,+,31.8,7.823593313075959,0.0,0.23387535299932008
b3238,yhcN,0,0,261,0.0,0.4904214559386973,+,2.42,5.813387584661742,0.0,0.23356037893405193
b3239,yhcO,0,0,270,0.0,0.4296296296296296,-,7.83,6.093132506477929,0.0,0.23342077346599874
b3240,aaeB,0,0,1965,0.0,0.5267175572519084,-,0.942,2.4415024451182514,0.0,0.23289897648509625
b3241,aaeA,0,0,930,0.0,0.5376344086021505,-,0.049,2.8428692141279224,0.0,0.2322716136410054
b3242,aaeX,0,0,201,0.0,0.4776119402985074,-,,2.1057412461801195,0.0,0.23202385702331843
b3243,aaeR,0,0,927,0.0,0.5307443365695793,+,3.02,5.7188117546840935,0.0,0.231701127098714
b3244,tldD,0,0,1443,0.0,0.5467775467775468,-,112.0,7.19449960950816,0.0,0.2311319331996453
b3247,rng,0,0,1467,0.0,0.5221540558963872,-,43.2,6.868206005657332,0.0,0.22865221261740432
b3248,yhdE,0,0,591,0.0,0.5380710659898477,-,13.9,6.835584899723333,0.0,0.2282122830406071
b3249,mreD,0,0,486,0.0,0.5164609053497943,-,0.036,5.994603788279688,1.0,0.22797529844977607
b3250,mreC,0,0,1101,0.0,0.5603996366939146,-,8.15,6.434067936324176,1.0,0.2276327479957567
b3251,mreB,0,0,1041,0.0,0.5446685878962536,-,820.0,8.79523641987428,1.0,0.22714197445219936
b3252,csrD,0,0,1938,0.0,0.5077399380804953,-,4.04,5.514093424520306,0.0,0.22636768116179326
b3253,acuI,0,0,972,0.0,0.5555555555555556,+,445.0,6.340414449260391,0.0,0.22567439351334395
b3255,accB,0,0,468,0.0,0.5213675213675214,+,561.0,9.287346530100226,1.0,0.224941895687139
b3256,accC,0,0,1347,0.0,0.5352635486265775,+,449.0,8.831989402111736,1.0,0.22454548509883981
b3257,yhdT,0,0,240,0.0,0.5458333333333333,+,,3.957391653323254,0.0,0.22415553772665422
b3258,panF,0,0,1449,0.0,0.5445134575569358,+,0.255,4.294461918130522,0.0,0.22379532114859108
b3259,prmA,0,0,879,0.0,0.5449374288964732,+,113.0,6.345632530744344,0.0,0.22328774324313844
b3260,dusB,0,0,963,0.0,0.5244029075804777,+,1.98,8.80626907835514,0.0,0.22274828013819217
b3261,fis,0,0,294,0.0,0.4761904761904761,+,472.0,9.05308539569342,0.0,0.22246519127241768
b3262,yhdJ,0,0,882,0.0,0.4761904761904761,+,1.75,2.596767543411346,0.0,0.22217391566623262
b3263,yhdU,0,0,177,0.0,0.4067796610169492,+,,3.8399133720939234,0.0,0.2219089238055761
b3264,envR,0,0,660,0.0,0.4439393939393939,-,0.253,0.7083797786274671,0.0,0.2217262302300991
b3265,acrE,0,0,1155,0.0,0.522077922077922,+,2.82,0.6408267596323073,0.0,0.2211626377849955
b3266,acrF,0,0,3102,0.0,0.5157962604771116,+,2.12,2.5034637280577385,0.0,0.220239259642903
b3267,yhdV,0,0,219,0.0,0.547945205479452,+,0.002,4.791164774373017,0.0,0.2194141223857368
b3268,yhdW,0,0,1023,0.0,0.4995112414467253,+,,4.114729070899817,0.0,0.21895997373348972
b3269,yhdX,0,0,1179,0.0,0.5038167938931297,+,0.279,1.6376064568849331,0.0,0.218455842876631
b3270,yhdY,1,1,1101,0.0009082652134423,0.5249772933696639,+,,1.8132721787808244,0.0,0.21795946787910855
b3271,yhdZ,0,0,756,0.0,0.4722222222222222,+,0.709,3.3941617192569096,0.0,0.21755487055039888
b3279,yrdA,0,0,552,0.0,0.4891304347826087,+,157.0,7.707289537239448,0.0,0.21466882911515126
b3280,yrdB,0,0,255,0.0,0.4941176470588235,-,3.99,5.805780059064078,0.0,0.2145046634258665
b3281,aroE,0,0,816,0.0,0.4901960784313725,-,45.7,5.878478225326785,0.0,0.21427414205114903
b3282,tsaC,0,0,570,0.0,0.5245614035087719,-,78.5,6.536947744184412,1.0,0.2139725252991823
b3283,yrdD,1,1,540,0.0018518518518518,0.5,-,0.845,7.722904058702752,0.0,0.2137303701354604
b3284,smg,0,0,471,0.0,0.4628450106157112,-,0.09,8.699451716673336,0.0,0.2134994178796687
b3287,def,0,0,507,0.0,0.4654832347140039,+,300.0,8.703905972876026,1.0,0.21275959507520167
b3288,fmt,0,0,945,0.0,0.5291005291005291,+,200.0,7.624855899848051,1.0,0.21243945043704268
b3289,rsmB,0,0,1287,0.0,0.4972804972804973,+,46.7,6.286779471851278,0.0,0.2119379048666294
b3290,trkA,0,0,1374,0.0,0.5021834061135371,+,19.5,6.162539095430346,0.0,0.2113540610110366
b3291,mscL,0,0,408,0.0,0.4534313725490196,+,222.0,8.71607381643315,0.0,0.2109132696720909
b3292,zntR,0,0,423,0.0,0.4893617021276595,-,10.6,5.870781532275323,0.0,0.210616823493015
b3293,yhdN,0,0,366,0.0,0.4808743169398907,-,10.5,6.171250643146061,0.0,0.21044102401472578
b3294,rplQ,0,0,381,0.0,0.5406824146981627,-,4295.0,11.6852389483139,1.0,0.21023333933694296
b3295,rpoA,0,0,987,0.0,0.5238095238095238,-,2332.0,12.177145259338168,1.0,0.20992008879597177
b3296,rpsD,0,0,618,0.0,0.5097087378640777,-,5110.0,12.305886157493283,1.0,0.2095620266232798
b3297,rpsK,1,1,387,0.0025839793281653,0.5193798449612403,-,2190.0,12.237616001923667,1.0,0.20933021260533966
b3298,rpsM,0,0,354,0.0,0.5225988700564972,-,5009.0,12.5107447209021,1.0,0.20916216898638673
b3299,rpmJ,0,0,114,0.0,0.4824561403508772,-,661.0,11.369862704184111,0.0,0.2089971415349535
b3300,secY,1,1,1329,0.000752445447705,0.4981188863807373,-,205.0,11.740621697894923,1.0,0.20867182632390363
b3301,rplO,1,1,432,0.0023148148148148,0.5393518518518519,-,3759.0,12.298904124539575,1.0,0.2082879112867574
b3302,rpmD,0,0,177,0.0,0.5084745762711864,-,3149.0,11.35576946014428,1.0,0.20815433815374354
b3303,rpsE,1,1,501,0.0019960079840319,0.5049900199600799,-,5375.0,11.894791932801214,1.0,0.20800568418313134
b3304,rplR,0,0,351,0.0,0.5413105413105413,-,4004.0,11.523566103705145,1.0,0.20781480386724382
b3305,rplF,0,0,531,0.0,0.5235404896421846,-,4413.0,11.730795001111543,1.0,0.2076196147406139
b3306,rpsH,0,0,390,0.0,0.5051282051282051,-,2978.0,11.781828546625908,1.0,0.20741451534927652
b3307,rpsN,0,0,303,0.0,0.5313531353135313,-,4001.0,12.386153941259671,1.0,0.20724991877891752
b3308,rplE,0,0,537,0.0,0.5009310986964618,-,4031.0,12.243636686252945,1.0,0.2070616237494754
b3309,rplX,0,0,312,0.0,0.4647435897435897,-,3952.0,12.683314241204856,1.0,0.20687117431466212
b3310,rplN,0,0,369,0.0,0.5149051490514905,-,3643.0,12.32689197940408,1.0,0.20671907329545602
b3311,rpsQ,1,1,252,0.0039682539682539,0.4801587301587302,-,2475.0,11.546641411860431,1.0,0.20651311214197016
b3312,rpmC,0,0,189,0.0,0.5502645502645502,-,3327.0,11.612108621804836,1.0,0.20641745654348925
b3313,rplP,0,0,408,0.0,0.5220588235294118,-,3121.0,11.734317001846822,1.0,0.20628776134014357
b3314,rpsC,1,1,699,0.0014306151645207,0.5121602288984263,-,4786.0,11.71320247837044,1.0,0.20604302088997625
b3315,rplV,0,0,330,0.0,0.5,-,5723.0,11.845262812912743,1.0,0.2058124995152588
b3316,rpsS,0,0,276,0.0,0.4927536231884058,-,3310.0,11.762914567854644,1.0,0.20567461757150257
b3317,rplB,0,0,819,0.0,0.5286935286935287,-,4457.0,11.68565419648433,1.0,0.20543073888348373
b3318,rplW,0,0,300,0.0,0.4866666666666667,-,1140.0,11.682656755435351,1.0,0.20518082786042555
b3319,rplD,2,1,603,0.0033167495854063,0.5306799336650083,-,3462.0,11.438428939118024,1.0,0.20498693137701834
b3320,rplC,0,0,627,0.0,0.5167464114832536,-,3636.0,11.989194021524616,1.0,0.20471633806239675
b3321,rpsJ,1,1,309,0.0032362459546925,0.5598705501618123,-,4138.0,12.23253538292328,1.0,0.20449960488205493
b3322,gspB,0,0,417,0.0,0.4628297362110312,-,3.27,3.985666228323145,0.0,0.20423978359428926
b3323,gspA,0,0,1467,0.0,0.4901158827539195,-,1.84,1.8492300256826577,0.0,0.20383217009805993
b3324,gspC,0,0,813,0.0,0.4255842558425584,+,,2.7589539320177634,0.0,0.203262545317917
b3325,gspD,0,0,1950,0.0,0.502051282051282,+,2.94,2.634507556574906,0.0,0.20267310000835909
b3326,gspE,0,0,1479,0.0,0.5253549695740365,+,0.015,2.048613837540977,0.0,0.20192939927422393
b3327,gspF,0,0,1194,0.0,0.5117252931323283,+,0.321,1.7150381468456466,0.0,0.20135374215904164
b3328,gspG,0,0,435,0.0,0.4896551724137931,+,,1.5564079874976855,0.0,0.2009978343917209
b3329,gspH,0,0,507,0.0,0.5621301775147929,+,3.83,1.2151219097942267,0.0,0.20079058059501229
b3330,gspI,0,0,375,0.0,0.4826666666666667,+,,1.1614484239813156,0.0,0.20060099292234748
b3331,gspJ,0,0,585,0.0,0.505982905982906,+,1.54,0.9164379142332382,0.0,0.20039632441208433
b3332,gspK,0,0,981,0.0,0.5035677879714577,+,0.058,1.0135250015068409,0.0,0.20006109893632698
b3333,gspL,0,0,1161,0.0,0.4866494401378122,+,4.36,1.9775238038272065,0.0,0.1995923003275558
b3334,gspM,0,0,459,0.0,0.4814814814814814,+,0.382,2.4936708456284364,0.0,0.19924371753849707
b3335,gspO,0,0,675,0.0,0.5066666666666667,+,,1.8281319005930456,0.0,0.19899854620725552
b3336,bfr,0,0,474,0.0,0.4324894514767932,-,995.0,8.398625462554158,0.0,0.19873743227626717
b3337,bfd,0,0,192,0.0,0.46875,-,,7.565290708736496,0.0,0.1985620636790522
b3338,chiA,0,0,2691,0.0,0.5042735042735043,-,0.142,3.7288348560283584,0.0,0.1978674833873802
b3339,tufA,0,0,1182,0.0,0.5338409475465313,-,10692.0,13.203092398410591,0.0,0.19690618771075472
b3340,fusA,0,0,2112,0.0,0.5089962121212122,-,4112.0,12.180556868563006,1.0,0.19616507226306495
b3341,rpsG,0,0,537,0.0,0.5027932960893855,-,5941.0,12.117302659184588,1.0,0.1955816592885464
b3342,rpsL,0,0,372,0.0,0.5376344086021505,-,2892.0,12.452711536536906,1.0,0.19534295117341843
b3343,tusB,0,0,285,0.0,0.5052631578947369,-,17.4,6.21384270994416,0.0,0.1951464694035658
b3344,tusC,0,0,357,0.0,0.5042016806722689,-,16.9,5.851691293459788,0.0,0.19500384776799295
b3345,tusD,0,0,384,0.0,0.5546875,-,24.0,6.624082028563205,0.0,0.1948431291273021
b3346,yheO,0,0,720,0.0,0.475,-,223.0,7.388424358268178,0.0,0.19460442101217412
b3347,fkpA,0,0,810,0.0,0.4839506172839506,-,734.0,8.823284885320172,0.0,0.1942019780888356
b3348,slyX,0,0,216,0.0,0.5324074074074074,+,76.4,6.366461287286273,0.0,0.19388484961819627
b3349,slyD,0,0,588,0.0,0.5561224489795918,-,1266.0,10.085198900788033,0.0,0.19368966049156636
b3350,kefB,0,0,1803,0.0,0.547975596228508,-,2.45,4.306068064910022,0.0,0.19304247711806055
b3351,kefG,0,0,552,0.0,0.5670289855072463,-,2.91,4.845924865486709,0.0,0.19253403745045944
b3352,yheS,0,0,1911,0.0,0.5536368393511251,+,21.0,6.080395578149793,0.0,0.19194760830842122
b3353,yheT,0,0,1020,0.0,0.5431372549019607,+,1.94,5.441039957191446,0.0,0.1913150748914395
b3354,yheU,0,0,216,0.0,0.5046296296296297,+,7.65,6.078303984738477,0.0,0.19105051391185723
b3355,prkB,0,0,867,0.0,0.5340253748558247,+,37.9,6.079115739982973,0.0,0.19079327791053702
b3356,yhfA,0,0,402,0.0,0.5174129353233831,-,165.0,7.68856654455506,0.0,0.19049510820716417
b3357,crp,0,0,630,0.0,0.4968253968253968,+,1003.0,9.962362554507544,0.0,0.19014178572628884
b3358,yhfK,0,0,2100,0.0,0.5285714285714286,+,1.28,4.808066388919674,0.0,0.18953596693590988
b3359,argD,1,1,1218,0.0008210180623973,0.5467980295566502,-,353.0,7.546255822794973,0.0,0.18879140443962625
b3360,pabA,0,0,561,0.0,0.5347593582887701,-,2.53,4.937286075565021,0.0,0.18837043363009548
b3361,fic,0,0,600,0.0,0.5333333333333333,-,67.8,6.26731782117072,0.0,0.188105441769439
b3362,yhfG,0,0,165,0.0,0.5212121212121212,-,362.0,6.063070328897918,0.0,0.1879442922476739
b3363,ppiA,0,0,570,0.0,0.5140350877192983,-,514.0,7.239540765325341,0.0,0.18773962373741074
b3364,tsgA,0,0,1179,0.0,0.5199321458863444,+,,5.401018622802941,0.0,0.18724540314525948
b3365,nirB,0,0,2541,0.0,0.5430932703659976,+,32.8,4.272735215639559,0.0,0.1863302117435775
b3366,nirD,0,0,324,0.0,0.5648148148148148,+,14.1,3.0904689531282097,0.0,0.18571319004526837
b3367,nirC,0,0,804,0.0,0.5509950248756219,+,0.502,3.747798490446319,0.0,0.18541502034189553
b3368,cysG,0,0,1371,0.0,0.5477753464624362,+,14.1,5.695251495197912,0.0,0.18493760411163956
b3369,yhfL,0,0,165,0.0,0.4303030303030303,+,,2.980614832641841,0.0,0.18449939805913929
b3370,frlA,1,1,1335,0.0007490636704119,0.547565543071161,+,,0.3231712716306936,0.0,0.18404826557441187
b3371,frlB,0,0,1020,0.0,0.546078431372549,+,0.126,2.1224949894780303,0.0,0.18353077740425175
b3374,frlD,0,0,783,0.0,0.5747126436781609,+,0.03,2.89668329385088,0.0,0.18276380909210774
b3375,frlR,0,0,729,0.0,0.5116598079561042,+,3.12,5.47110682579417,0.0,0.18239411313041132
b3376,yhfS,0,0,1083,0.0,0.5706371191135734,-,0.048,2.4485076263961174,0.0,0.18193737919171882
b3377,yhfT,0,0,1302,0.0,0.5314900153609831,-,,2.0898633350717177,0.0,0.18141730573511328
b3378,yhfU,0,0,351,0.0,0.4786324786324786,-,16.4,2.196183079237695,0.0,0.18105536563275318
b3379,php,1,1,876,0.0011415525114155,0.5319634703196348,-,2.54,1.431151007702672,0.0,0.1807852031992058
b3380,yhfW,0,0,1224,0.0,0.5416666666666666,-,0.17,1.0821005357761184,0.0,0.1803332089523299
b3381,yhfX,0,0,1161,0.0,0.5469422911283376,-,0.02,0.991992770824033,0.0,0.17981873694968947
b3382,yhfY,0,0,360,0.0,0.5166666666666667,-,0.162,2.925607520743162,0.0,0.1794537806798097
b3383,yhfZ,0,0,903,0.0,0.5260243632336655,-,0.587,3.5085139697318586,0.0,0.17917370798155485
b3384,trpS,0,0,1002,0.0,0.5219560878243513,-,576.0,7.847053545547513,1.0,0.17863726104412825
b3385,gph,0,0,756,0.0,0.5304232804232805,-,157.0,7.432724021058103,0.0,0.17826067098524404
b3386,rpe,0,0,675,0.0,0.5125925925925926,-,563.0,7.638336214217807,0.0,0.17795474542253492
b3387,dam,0,0,834,0.0,0.4976019184652278,-,5.46,6.784170762370399,0.0,0.1776208125900003
b3388,damX,0,0,1284,0.0,0.5467289719626168,-,203.0,8.399748975246647,0.0,0.17711754349529005
b3389,aroB,0,0,1086,0.0,0.5432780847145487,-,190.0,8.463703505612479,0.0,0.17656644660133936
b3390,aroK,0,0,519,0.0,0.4951830443159923,-,235.0,9.160621289467302,0.0,0.17619545799642025
b3391,hofQ,0,0,1236,0.0,0.5461165048543689,-,3.59,2.0988128741239254,0.0,0.17564349934032109
b3392,hofP,0,0,402,0.0,0.5248756218905473,-,6.45,1.4514464012642347,0.0,0.17532766351290446
b3393,hofO,1,1,438,0.002283105022831,0.5502283105022832,-,,1.253946292136675,0.0,0.1751501405103183
b3394,hofN,1,1,537,0.0018621973929236,0.5549348230912476,-,4.65,1.3085548608650326,0.0,0.17494633376220364
b3395,hofM,0,0,777,0.0,0.5778635778635779,-,0.222,2.6384902723903254,0.0,0.17466238313428065
b3396,mrcA,1,1,2550,0.000392156862745,0.5556862745098039,+,6.19,4.936281753300461,0.0,0.17389282953569118
b3397,nudE,0,0,558,0.0,0.510752688172043,-,38.1,7.334910410490933,0.0,0.17315085232585295
b3398,yrfF,0,0,2133,0.0,0.5283638068448195,+,5.14,5.220086481796806,1.0,0.17243257357509784
b3399,yrfG,0,0,666,0.0,0.5165165165165165,+,3.65,6.166121306109735,0.0,0.17180047103919036
b3400,hslR,0,0,399,0.0,0.5388471177944862,+,65.4,6.582325246985393,0.0,0.17156564085373052
b3401,hslO,0,0,876,0.0,0.5308219178082192,+,274.0,6.832758251874983,0.0,0.1712791049393621
b3402,yhgE,0,0,1722,0.0,0.5011614401858304,-,1.1,3.818459274978157,0.0,0.17069138315410118
b3403,pck,0,0,1620,0.0,0.5370370370370371,+,1326.0,6.929641617344252,0.0,0.16980721518976433
b3404,envZ,0,0,1350,0.0,0.5718518518518518,-,2.03,5.493575979885068,0.0,0.16913374807072998
b3405,ompR,0,0,717,0.0,0.5523012552301255,-,513.0,7.556037157232768,0.0,0.16868907880211614
b3406,greB,0,0,474,0.0,0.5021097046413502,+,17.1,5.971705476549081,0.0,0.16833317103479536
b3407,yhgF,0,0,2319,0.0,0.5692108667529108,+,115.0,6.539194459918853,0.0,0.16768900382880922
b3408,feoA,0,0,225,0.0,0.4933333333333333,+,83.8,7.607690623088635,0.0,0.16694314868930285
b3409,feoB,0,0,2319,0.0,0.5480810694264769,+,101.0,6.8555465892045016,0.0,0.1663868812224613
b3410,feoC,0,0,234,0.0,0.5555555555555556,+,27.8,6.1804545255380825,0.0,0.16583578432851062
b3411,yhgA,1,1,876,0.0011415525114155,0.4771689497716895,+,0.101,3.246283583298876,0.0,0.16550831471208957
b3412,bioH,0,0,768,0.0,0.5625,-,20.0,5.057607250121249,0.0,0.16514077315576436
b3413,gntX,0,0,681,0.0,0.5609397944199707,+,0.17,5.554944574720421,0.0,0.16481158001504637
b3414,nfuA,0,0,573,0.0,0.5357766143106457,+,825.0,8.908529920570853,0.0,0.16451513383597047
b3415,gntT,0,0,1314,0.0,0.5342465753424658,+,2.11,4.129251252553446,0.0,0.16395240315301535
b3416,malQ,0,0,2082,0.0,0.5518731988472623,-,11.2,5.840628627890205,0.0,0.16317207752756993
b3417,malP,0,0,2391,0.0,0.5236302802174823,-,183.0,6.521679680531975,0.0,0.1622034568726824
b3418,malT,0,0,2703,0.0,0.5416204217536071,+,65.6,7.011095217977849,0.0,0.16084144179701537
b3421,rtcB,0,0,1224,0.0,0.5106209150326797,-,2.09,3.955851610197007,0.0,0.15953630302314778
b3422,rtcR,0,0,1596,0.0,0.5582706766917294,+,1.54,2.336651897432675,0.0,0.1588464624232924
b3423,glpR,0,0,756,0.0,0.5476190476190477,-,,5.920910635732582,0.0,0.15834664037717605
b3424,glpG,0,0,828,0.0,0.5434782608695652,-,3.65,6.061255926597004,0.0,0.15799719582596886
b3425,glpE,0,0,324,0.0,0.5401234567901234,-,21.0,6.1865738907522205,0.0,0.15772875691671845
b3426,glpD,0,0,1503,0.0,0.5515635395874917,+,507.0,4.232029934999177,0.0,0.1572526333296852
b3427,yzgL,0,0,219,0.0,0.4429223744292237,-,,3.985871836243677,0.0,0.15676530683472178
b3428,glgP,0,0,2445,0.0,0.5104294478527608,-,135.0,7.824461524906344,0.0,0.15613578958525973
b3429,glgA,0,0,1431,0.0,0.5499650593990216,-,316.0,8.04350354483829,0.0,0.15529169356082706
b3430,glgC,0,0,1293,0.0,0.5274555297757154,-,312.0,8.359627366554962,0.0,0.1547039717755661
b3431,glgX,0,0,1971,0.0,0.5438863521055302,-,13.5,7.448530618768605,0.0,0.15399215624092458
b3432,glgB,0,0,2184,0.0,0.532967032967033,-,84.5,8.218414246958739,0.0,0.15309721624973177
b3433,asd,0,0,1101,0.0,0.5431425976385105,-,1634.0,10.448607428468232,1.0,0.1522712172304171
b3434,yhgN,0,0,591,0.0,0.5025380710659898,+,0.031,4.587382117993505,0.0,0.15182267003213512
b3437,gntK,0,0,525,0.0,0.4990476190476191,-,16.1,3.563064815668452,0.0,0.15097771224555395
b3438,gntR,1,1,993,0.0010070493454179,0.5458207452165156,-,91.1,6.620810095555348,0.0,0.15058991927873955
b3439,yhhW,0,0,693,0.0,0.5252525252525253,-,157.0,5.297891802143281,0.0,0.1501293074103789
b3440,yhhX,0,0,1035,0.0,0.5091787439613527,-,114.0,6.881322311359249,0.0,0.14970316602795727
b3441,yhhY,0,0,486,0.0,0.5205761316872428,+,5.42,4.734206167644126,0.0,0.14923092037059218
b3442,yhhZ,0,0,1176,0.0,0.3401360544217687,+,1.09,0.7504109297554667,0.0,0.1487698776211573
b3443,yrhA,0,0,492,0.0,0.2865853658536585,+,,0.6391421318700584,0.0,0.14824377182951243
b3444,insA,0,0,273,0.0,0.5347985347985348,+,0.189,0.4752900341082571,0.0,0.14826660852644705
b3445,insB1,0,0,501,0.0,0.5489021956087824,+,,0.2024123993917391,0.0,0.14813389715558167
b3446,yrhB,0,0,282,0.0,0.4574468085106383,+,,3.332319916613558,0.0,0.14771464987034788
b3447,ggt,1,1,1740,0.0005747126436781,0.5511494252873563,-,87.0,6.094579603231577,0.0,0.14726179386132351
b3448,yhhA,0,0,438,0.0,0.5182648401826484,+,278.0,6.1208301389272,0.0,0.14673999688042103
b3449,ugpQ,0,0,741,0.0,0.5654520917678812,-,43.7,5.785319150438634,0.0,0.14649094761951134
b3450,ugpC,0,0,1068,0.0,0.5777153558052435,-,69.9,5.022147577555825,0.0,0.14610143112839996
b3451,ugpE,1,1,843,0.0011862396204033,0.5456702253855279,-,0.025,3.6106932913753833,0.0,0.14568821617820552
b3452,ugpA,0,0,885,0.0,0.559322033898305,-,,3.2621294635401314,0.0,0.14531636581113794
b3453,ugpB,0,0,1314,0.0,0.5380517503805176,-,528.0,5.5760680623109895,0.0,0.14479930852205206
b3454,livF,0,0,711,0.0,0.569620253164557,-,85.5,7.637763552113853,0.0,0.14419047356415346
b3455,livG,0,0,765,0.0,0.5542483660130719,-,123.0,7.561535519296101,0.0,0.14387075980706868
b3456,livM,0,0,1275,0.0,0.5662745098039216,-,3.56,7.259150521869698,0.0,0.14343169199241995
b3457,livH,0,0,924,0.0,0.5627705627705628,-,0.334,6.936197513777536,0.0,0.14295815369183212
b3458,livK,0,0,1107,0.0,0.5420054200542005,-,559.0,8.694406089885543,0.0,0.1424992653477684
b3459,panM,0,0,381,0.0,0.5695538057742782,+,26.4,4.775659342961812,0.0,0.1419951344909097
b3460,livJ,0,0,1101,0.0,0.5458673932788374,-,4945.0,10.029641206560584,0.0,0.14159398421079392
b3461,rpoH,0,0,852,0.0,0.5434272300469484,-,46.1,8.596446130021619,1.0,0.14105538286799613
b3462,ftsX,0,0,1056,0.0,0.5321969696969697,-,34.7,6.482716827757122,1.0,0.14053789469783604
b3463,ftsE,0,0,666,0.0,0.566066066066066,-,142.0,6.917778401813355,1.0,0.14016906049828812
b3464,ftsY,0,0,1491,0.0,0.5358819584171697,-,303.0,6.683175824234658,1.0,0.1397024162948881
b3465,rsmD,1,1,594,0.0016835016835016,0.5420875420875421,+,9.46,5.888606540537603,0.0,0.13918751341117344
b3466,yhhL,0,0,267,0.0,0.4606741573033708,+,0.02,5.0556759442397805,0.0,0.1390056815978449
b3467,yhhM,0,0,357,0.0,0.5154061624649859,-,14.9,5.940360523259041,0.0,0.1388690922973114
b3468,yhhN,0,0,624,0.0,0.5673076923076923,+,0.156,6.182604574948631,0.0,0.13859591369624435
b3469,zntA,0,0,2196,0.0,0.5833333333333334,+,33.2,4.515699068534411,0.0,0.13795562441992634
b3470,tusA,0,0,243,0.0,0.5390946502057613,-,58.6,6.416825590631034,0.0,0.1373855687587092
b3471,yhhQ,0,0,663,0.0,0.5098039215686274,+,0.21,5.02003883887796,0.0,0.13709429315252414
b3472,dcrB,0,0,555,0.0,0.5243243243243243,+,314.0,7.684949539597067,0.0,0.1367995704977452
b3473,yhhS,0,0,1215,0.0,0.568724279835391,-,1.18,4.615965068637454,0.0,0.13641565546059894
b3474,yhhT,0,0,1047,0.0,0.5148042024832856,+,0.117,4.409215023492331,0.0,0.1358705909016876
b3475,acpT,0,0,585,0.0,0.5658119658119658,+,2.05,5.995542039933807,0.0,0.13549443172387762
b3476,nikA,0,0,1572,0.0,0.5343511450381679,+,15.7,2.701320192540056,0.0,0.13498082148338567
b3477,nikB,0,0,942,0.0,0.5849256900212314,+,0.17,1.89885725093366,0.0,0.13443834221091974
b3478,nikC,0,0,831,0.0,0.6113116726835138,+,0.58,1.8480441060485016,0.0,0.1340570124602189
b3479,nikD,0,0,762,0.0,0.5931758530183727,+,1.86,2.369011292982509,0.0,0.13371273848190257
b3480,nikE,0,0,804,0.0,0.5646766169154229,+,4.11,2.649386011029612,0.0,0.13337578948184828
b3481,nikR,0,0,399,0.0,0.5739348370927319,+,65.9,5.446424660837958,0.0,0.1331133829076372
b3482,rhsB,1,1,4233,0.0002362390739428,0.5884715331915898,+,0.503,2.255060602552661,0.0,0.13202713171948263
b3483,yhhH,0,0,381,0.0,0.3359580052493438,+,0.324,1.995336568324395,0.0,0.13104429198914525
b3484,yhhI,1,1,1134,0.0008818342151675,0.4162257495590828,+,0.965,1.557580868698308,0.0,0.13046001725247822
b3485,yhhJ,0,0,1122,0.0,0.5481283422459893,-,0.854,5.46235539439922,0.0,0.1299020262613397
b3486,rbbA,1,1,2733,0.000365898280278,0.5675082327113062,-,9.16,5.676719151634706,0.0,0.12907085666913418
b3487,yhiI,0,0,1065,0.0,0.5830985915492958,-,83.4,6.363671297807449,0.0,0.12825304439023003
b3488,yhiJ,1,1,1620,0.0006172839506172,0.3746913580246913,-,2.7,2.585141088656211,0.0,0.12751580687220843
b3491,yhiM,0,0,1050,0.0,0.4723809523809524,+,,3.8594584480700167,0.0,0.12596980557784168
b3492,yhiN,0,0,1200,0.0,0.5516666666666666,-,3.8,5.220170493405052,0.0,0.12534847506879015
b3493,pitA,0,0,1497,0.0,0.541750167000668,+,54.7,7.156609341530359,0.0,0.12466682120934529
b3494,uspB,0,0,333,0.0,0.4744744744744745,-,3.56,7.098713298278736,0.0,0.12416656828215472
b3495,uspA,0,0,432,0.0,0.4953703703703703,+,30087.0,11.04110769455745,0.0,0.12383220456854585
b3496,dtpB,0,0,1467,0.0,0.5194274028629857,+,1.92,4.154738575336733,0.0,0.12328584736641178
b3497,rsmJ,0,0,750,0.0,0.584,-,6.23,5.086016188455812,0.0,0.12278602532029545
b3498,prlC,0,0,2040,0.0,0.5475490196078432,-,408.0,7.101585652467875,0.0,0.12218063741099074
b3499,rlmJ,0,0,840,0.0,0.5464285714285714,+,24.1,6.1643634573763215,0.0,0.12147183804386887
b3500,gor,0,0,1350,0.0,0.5392592592592592,+,165.0,7.279801485954758,0.0,0.12096813806808437
b3501,arsR,0,0,351,0.0,0.5128205128205128,+,1.39,3.196232986740737,0.0,0.1202231446907265
b3502,arsB,0,0,1287,0.0,0.5407925407925408,+,,2.560931675179226,0.0,0.11984612375076804
b3503,arsC,0,0,423,0.0,0.5224586288416075,+,5.52,4.069714841323965,0.0,0.11947125721618079
b3504,yhiS,0,0,1221,0.0,0.3398853398853398,+,,0.6494297377336463,0.0,0.11858665837076972
b3505,insH1,0,0,1014,0.0,0.5483234714003945,-,0.59,6.7815507090801965,,0.11850565272881293
b3506,slp,0,0,564,0.0,0.4609929078014184,+,569.0,8.13003119220562,0.0,0.11783606353944673
b3507,dctR,0,0,528,0.0,0.3977272727272727,+,0.471,4.22873005522021,0.0,0.11753272326318302
b3508,yhiD,0,0,645,0.0,0.4573643410852713,-,0.663,5.050097501301017,0.0,0.11726126818641294
b3509,hdeB,0,0,324,0.0,0.404320987654321,-,1621.0,10.178261131551428,0.0,0.11702385271450767
b3510,hdeA,0,0,330,0.0,0.4333333333333333,-,4440.0,11.165013392886488,0.0,0.11683211063647167
b3511,hdeD,1,1,570,0.0017543859649122,0.4684210526315789,+,133.0,7.946676161592069,0.0,0.11652747771698524
b3512,gadE,0,0,525,0.0,0.3295238095238095,+,20.7,7.376146872059783,0.0,0.11594665002891212
b3513,mdtE,0,0,1155,0.0,0.5471861471861472,+,52.2,4.8244043033654,0.0,0.11543777948023677
b3514,mdtF,0,0,3111,0.0,0.5306975249116039,+,15.9,4.45884929962283,0.0,0.11450707635988222
b3515,gadW,1,1,726,0.0013774104683195,0.418732782369146,-,10.1,7.0355622027640505,0.0,0.11352294398632211
b3516,gadX,2,1,822,0.0024330900243309,0.4099756690997567,-,0.704,7.946829075037374,0.0,0.11303001603739359
b3517,gadA,0,0,1398,0.0,0.5400572246065808,-,1344.0,7.634226201415408,0.0,0.11239145028537254
b3518,yhjA,0,0,1395,0.0,0.4853046594982079,-,93.7,3.0103642291757717,0.0,0.11169816263692324
b3519,treF,0,0,1647,0.0,0.5403764420157863,+,2.19,5.873791016157765,0.0,0.11086785480686617
b3520,yhjB,0,0,600,0.0,0.4783333333333333,-,0.069,3.836568313447073,0.0,0.11036070778248779
b3521,yhjC,0,0,897,0.0,0.5340022296544036,+,1.15,4.321459018934276,0.0,0.10981348881820524
b3522,yhjD,0,0,1011,0.0,0.5281899109792285,+,6.82,5.649713565107094,0.0,0.10938045333859583
b3523,yhjE,0,0,1320,0.0,0.5575757575757576,+,27.9,8.481318071243573,0.0,0.10870009212237368
b3524,yhjG,0,0,2058,0.0,0.532555879494655,-,24.8,5.518558323549391,0.0,0.10789305187032548
b3525,yhjH,0,0,765,0.0,0.5294117647058824,-,7.29,3.0222023840427306,0.0,0.1072540552372302
b3526,kdgK,0,0,927,0.0,0.5728155339805825,+,196.0,6.05550398117047,0.0,0.10678870367705291
b3527,yhjJ,1,1,1494,0.000669344042838,0.535475234270415,-,108.0,5.679077850428344,0.0,0.10622468035087508
b3528,dctA,0,0,1284,0.0,0.5179127725856698,-,75.9,5.011876363551791,0.0,0.10553010005920306
b3529,yhjK,0,0,1986,0.0,0.525679758308157,-,7.72,4.565423385923959,0.0,0.1047458965040895
b3530,bcsC,0,0,3471,0.0,0.571593200806684,-,7.19,4.139421697882305,0.0,0.10353425892333161
b3531,bcsZ,0,0,1104,0.0,0.5489130434782609,-,0.588,2.927312082232304,,0.10255529712266236
b3532,bcsB,1,1,2337,0.0004278990158322,0.5498502353444588,-,0.772,3.203207359103486,0.0,0.10181030374530448
b3533,bcsA,0,0,2616,0.0,0.5538990825688074,-,2.58,2.4589163767601496,0.0,0.1007374098704513
b3534,bcsQ,0,0,750,0.0,0.54,-,,4.239516067137537,0.0,0.1000126679035826
b3535,yhjR,0,0,186,0.0,0.4623655913978494,-,,6.698420993096116,0.0,0.09980498322579978
b3536,bcsE,0,0,1569,0.0,0.4888463989802422,+,0.948,6.898006986231318,0.0,0.09930860822827735
b3537,bcsF,1,1,189,0.0052910052910052,0.4867724867724867,+,7.73,5.470965178771219,0.0,0.09893029464509619
b3538,bcsG,0,0,1677,0.0,0.5277280858676208,+,3.29,5.673659308933509,0.0,0.09852871348390616
b3539,yhjV,0,0,1269,0.0,0.4554767533490937,+,0.665,3.678553863624815,0.0,0.09760447357966517
b3540,dppF,0,0,1002,0.0,0.562874251497006,-,63.2,6.588731557326985,0.0,0.09710120448495492
b3541,dppD,0,0,981,0.0,0.5677879714576962,-,78.6,6.68679455556382,0.0,0.09667463222145908
b3542,dppC,0,0,900,0.0,0.5922222222222222,-,3.41,6.01791441594501,0.0,0.09626357167663582
b3543,dppB,0,0,1017,0.0,0.5663716814159292,-,42.7,5.978060584732359,0.0,0.09584561703462474
b3544,dppA,0,0,1605,0.0,0.5165109034267913,-,2345.0,9.971612642132484,0.0,0.09514715881328457
b3546,eptB,0,0,1689,0.0,0.5050325636471285,-,8.18,4.167526520428665,0.0,0.09397171524276271
b3547,yhjX,0,0,1206,0.0,0.5132669983416253,-,0.052,2.375494152312887,0.0,0.09320733221706409
b3548,yhjY,0,0,696,0.0,0.5043103448275862,-,,6.283428917193305,0.0,0.09269803078731452
b3549,tag,0,0,561,0.0,0.499108734402852,+,6.91,6.3534557274071926,0.0,0.09235849650081479
b3550,yiaC,0,0,438,0.0,0.5251141552511416,+,0.069,4.982796860781942,0.0,0.09214348684476992
b3551,bisC,0,0,2331,0.0,0.5448305448305448,-,8.68,5.83801861238496,0.0,0.09155964298917713
b3552,yiaD,0,0,657,0.0,0.5814307458143074,+,112.0,4.287890135592357,0.0,0.09084912009775829
b3553,ghrB,0,0,972,0.0,0.5216049382716049,+,394.0,8.094720087340075,0.0,0.0904522786283849
b3554,yiaF,0,0,708,0.0,0.5070621468926554,-,343.0,8.250768774420584,0.0,0.0900679327101644
b3555,yiaG,0,0,288,0.0,0.4409722222222222,+,0.613,9.191513708517904,0.0,0.0896654897868259
b3556,cspA,0,0,210,0.0,0.4904761904761904,+,625.0,9.72533299561064,0.0,0.08943626105533116
b3557,insJ,0,0,519,0.0,0.4624277456647399,+,,3.0768668826283654,0.0,0.08909801941205416
b3558,insK,0,0,849,0.0,0.4299175500588928,+,6.26,2.241957817164594,0.0,0.08880372763834946
b3559,glyS,0,0,2067,0.0,0.5549104983067247,-,763.0,8.514364028037896,1.0,0.08805442545024918
b3560,glyQ,0,0,909,0.0,0.5632563256325632,-,454.0,8.677548706846418,1.0,0.08740810383889185
b3561,wecH,0,0,993,0.0,0.4692849949647533,+,0.006,3.2407749156132715,0.0,0.08675230284390127
b3562,yiaA,0,0,435,0.0,0.4137931034482758,-,2.14,1.5874357552407017,0.0,0.0864256949896287
b3563,yiaB,0,0,339,0.0,0.415929203539823,-,,1.6324306358721528,0.0,0.08623826172233506
b3564,xylB,0,0,1452,0.0,0.5488980716253443,-,1.9,3.2970086002846446,0.0,0.08577851161612288
b3565,xylA,0,0,1320,0.0,0.5098484848484849,-,11.9,4.133034321818005,0.0,0.08514942524773507
b3566,xylF,0,0,990,0.0,0.4414141414141414,+,242.0,1.6376271819318131,0.0,0.08449319337167026
b3567,xylG,0,0,1539,0.0,0.4710851202079272,+,1.21,1.8655437475060528,0.0,0.08391408920789409
b3568,xylH,0,0,1179,0.0,0.539440203562341,+,5.25,2.1934670610299896,0.0,0.0833371394494891
b3569,xylR,0,0,1176,0.0,0.4880952380952381,+,0.462,4.630630318461266,0.0,0.08279509105809742
b3570,bax,0,0,822,0.0,0.4841849148418491,-,2.55,8.086404060038832,0.0,0.08227932641223426
b3571,malS,0,0,2028,0.0,0.5290927021696252,+,0.685,3.109032882522793,0.0,0.08152657717554009
b3572,avtA,0,0,1251,0.0,0.5227817745803357,+,37.0,8.063914715275908,0.0,0.08074280450150076
b3573,ysaA,0,0,471,0.0,0.5371549893842887,-,,4.298724391706537,0.0,0.0803058910922232
b3574,yiaJ,0,0,846,0.0,0.5236406619385343,-,20.6,6.001202656058132,0.0,0.07997712883257943
b3575,yiaK,0,0,996,0.0,0.5311244979919679,+,1.47,1.48002130589197,0.0,0.07949281850513568
b3576,yiaL,0,0,465,0.0,0.4559139784946237,+,0.579,0.7382332056054604,0.0,0.07917224298590243
b3577,yiaM,0,0,471,0.0,0.4437367303609342,+,,0.4429432272322221,0.0,0.07891888491425035
b3578,yiaN,0,0,1275,0.0,0.5098039215686274,+,0.088,0.546491760889758,0.0,0.0785405713310692
b3579,yiaO,0,0,984,0.0,0.5132113821138211,+,5.22,0.8124329248730107,0.0,0.07804721250106643
b3580,lyxK,0,0,1494,0.0,0.5749665327978581,+,0.078,1.525409318049877,0.0,0.07751076556363984
b3581,yiaQ,0,0,660,0.0,0.5969696969696969,+,1.29,1.59258006824404,0.0,0.07704713752775952
b3582,yiaR,0,0,858,0.0,0.5582750582750583,+,3.51,2.004292199547872,0.0,0.07672225319778389
b3583,yiaS,0,0,693,0.0,0.5757575757575758,+,,2.95838464972909,0.0,0.07639004388954622
b3584,yiaT,0,0,738,0.0,0.489159891598916,-,1.57,2.2827651738783694,0.0,0.07593115554548252
b3585,yiaU,0,0,972,0.0,0.4783950617283951,+,0.339,3.6318190101563297,0.0,0.07550846121165482
b3586,yiaV,0,0,1134,0.0,0.5079365079365079,-,0.396,1.5620415496627438,0.0,0.0750551743215562
b3587,yiaW,0,0,321,0.0,0.470404984423676,-,2.46,1.1163997174185485,0.0,0.0747384767319911
b3588,aldB,0,0,1536,0.0,0.5481770833333334,-,953.0,3.921877578071233,0.0,0.07410249626641549
b3589,yiaY,1,1,1149,0.000870322019147,0.5065274151436031,-,4.39,0.7094727841208257,0.0,0.07345229672539001
b3590,selB,0,0,1842,0.0,0.5646036916395223,-,35.2,6.294452343889023,0.0,0.07272496947207589
b3591,selA,0,0,1389,0.0,0.5608351331893449,-,14.5,6.217132206623591,0.0,0.0720295274182554
b3592,yibF,0,0,606,0.0,0.528052805280528,-,156.0,6.607300071134216,0.0,0.07155641999874182
b3593,rhsA,0,0,4131,0.0,0.5954974582425563,+,0.347,2.296737846592582,0.0,0.07043699096787093
b3594,yibA,0,0,840,0.0,0.3369047619047619,+,4.16,3.602026755189949,0.0,0.06935591035260721
b3595,yibJ,0,0,942,0.0,0.4777070063694267,+,,2.964725159947928,0.0,0.06895303654819449
b3596,yibG,0,0,459,0.0,0.3246187363834422,+,,1.5705428850604428,0.0,0.06864538746118838
b3597,yibH,0,0,1134,0.0,0.527336860670194,-,9.92,3.2245225234824155,0.0,0.0676095493587197
b3598,yibI,0,0,360,0.0,0.5194444444444445,-,,3.824605617409925,0.0,0.06728552679089256
b3599,mtlA,0,0,1911,0.0,0.5395081109366824,+,217.0,5.968019700496133,0.0,0.06656423187261777
b3600,mtlD,1,1,1146,0.0008726003490401,0.525305410122164,+,382.0,6.796992362705263,0.0,0.06580545030088425
b3601,mtlR,0,0,585,0.0,0.5128205128205128,+,2.31,5.801337875456171,0.0,0.06543187640951971
b3602,yibL,0,0,360,0.0,0.5138888888888888,+,272.0,7.303517170330267,0.0,0.06500918207569202
b3603,lldP,0,0,1653,0.0,0.5523290986085905,+,1.88,3.958036227316733,0.0,0.06441456619324326
b3604,lldR,0,0,774,0.0,0.541343669250646,+,2.0,3.960295623738968,0.0,0.06389061480696959
b3605,lldD,0,0,1188,0.0,0.5572390572390572,+,71.5,4.789752703338264,0.0,0.06346835135421613
b3606,trmL,0,0,471,0.0,0.5520169851380042,+,5.8,4.494407628501324,0.0,0.063024974728825
b3607,cysE,0,0,819,0.0,0.5372405372405372,-,130.0,7.188660543610746,0.0,0.06272335797685824
b3608,gpsA,0,0,1017,0.0,0.5693215339233039,-,140.0,7.817798092570706,1.0,0.06229247690262001
b3609,secB,0,0,465,0.0,0.5096774193548387,-,1939.0,9.75044792676232,0.0,0.061972332264461014
b3610,grxC,0,0,249,0.0,0.5301204819277109,-,805.0,9.365002346553023,0.0,0.061790500451132484
b3611,yibN,0,0,429,0.0,0.4988344988344988,-,407.0,8.677245981294886,0.0,0.061582384892275424
b3612,gpmM,0,0,1542,0.0,0.5356679636835279,+,543.0,8.669493882205808,0.0,0.06105110852773969
b3613,envC,0,0,1257,0.0,0.5719968178202068,+,5.44,6.466062973526261,0.0,0.06043279418620784
b3614,yibQ,0,0,957,0.0,0.5287356321839081,+,2.93,5.133390131192799,0.0,0.0599532235505807
b3615,yibD,0,0,1032,0.0,0.4602713178294573,-,4.51,1.690484178989703,0.0,0.059529236573530285
b3616,tdh,0,0,1023,0.0,0.5161290322580645,-,120.0,6.130218385657752,0.0,0.05898287937139622
b3617,kbl,0,0,1194,0.0,0.542713567839196,-,203.0,5.57854380155642,0.0,0.05849986168717517
b3618,yibB,0,0,855,0.0,0.3707602339181287,-,6.47,6.0745630736400935,0.0,0.05793928540959124
b3619,hldD,0,0,930,0.0,0.510752688172043,+,759.0,8.342416719701177,0.0,0.05742265900157961
b3620,waaF,0,0,1044,0.0,0.5373563218390804,+,6.86,6.878907703367793,0.0,0.05699220880841562
b3621,waaC,0,0,957,0.0,0.5120167189132706,+,3.25,5.966431271683259,0.0,0.05655874244773197
b3622,waaL,1,1,1257,0.0007955449482895,0.3198090692124105,+,0.228,5.773719712366055,0.0,0.056076586525659396
b3623,waaU,1,1,1071,0.0009337068160597,0.3099906629318394,-,13.4,5.6464797202714205,0.0,0.05556039099872201
b3624,waaZ,0,0,849,0.0,0.326266195524146,-,1.06,5.573053417094617,0.0,0.055131664329854974
b3625,waaY,0,0,696,0.0,0.3548850574712643,-,9.11,6.030501957131226,0.0,0.05476713894104944
b3626,waaJ,0,0,1014,0.0,0.3392504930966469,-,7.64,6.043081493245428,0.0,0.05439011800109099
b3627,waaR,0,0,1017,0.0,0.3628318584070796,-,0.821,6.021334669824315,0.0,0.05393467670562119
b3628,waaB,0,0,1077,0.0,0.3974001857010213,-,1.96,6.04533839628223,0.0,0.05348268245874529
b3629,waaS,0,0,933,0.0,0.2690246516613076,-,3.78,5.60367736131213,0.0,0.053029826449720915
b3630,waaP,0,0,795,0.0,0.4352201257861635,-,32.5,5.88337035899019,0.0,0.0526407408396838
b3631,waaG,0,0,1122,0.0,0.4483065953654189,-,3.48,5.920847519436106,0.0,0.05222968029486054
b3632,waaQ,0,0,1032,0.0,0.4467054263565891,-,4.33,6.248822008114994,0.0,0.051766052258980205
b3633,waaA,0,0,1275,0.0,0.5396078431372549,+,11.9,5.859378676726204,1.0,0.05107793518342176
b3634,coaD,0,0,477,0.0,0.5283018867924528,+,38.3,5.595199289990455,1.0,0.0506961745516467
b3635,mutM,0,0,807,0.0,0.540272614622057,-,2.78,3.999333083867656,0.0,0.05040188277794199
b3636,rpmG,0,0,165,0.0,0.4121212121212121,-,2782.0,10.944577676434587,0.0,0.05014938646843839
b3637,rpmB,0,0,234,0.0,0.5384615384615384,-,4302.0,12.201501177860836,1.0,0.05005329998888327
b3638,yicR,0,0,666,0.0,0.481981981981982,-,0.587,6.168835010201866,0.0,0.049765040550217896
b3639,dfp,0,0,1218,0.0,0.5377668308702791,+,143.0,6.837213048006807,1.0,0.04928417727136804
b3640,dut,0,0,453,0.0,0.5496688741721855,+,300.0,8.009042139265224,1.0,0.04893171655264117
b3641,slmA,0,0,594,0.0,0.5336700336700336,+,22.1,7.0106378592016,0.0,0.04865896883264838
b3642,pyrE,0,0,639,0.0,0.5336463223787168,-,32.9,3.823610195006651,0.0,0.048376741729022336
b3643,rph,0,0,684,0.0,0.5628654970760234,-,,6.36391746983743,0.0,0.04804970299367553
b3644,yicC,0,0,861,0.0,0.5400696864111498,+,303.0,7.3707305465180015,0.0,0.04766147914578689
b3645,dinD,0,0,822,0.0,0.4586374695863747,+,0.515,3.40374394040044,0.0,0.04720259080172318
b3646,yicG,0,0,615,0.0,0.5365853658536586,+,0.429,1.964429180596426,0.0,0.04676740091674257
b3647,ligB,0,0,1680,0.0,0.5261904761904762,-,0.765,2.2638302879974725,0.0,0.04627318032459133
b3648,gmk,0,0,621,0.0,0.4911433172302737,+,139.0,8.518616483262335,1.0,0.04566563800991544
b3649,rpoZ,0,0,273,0.0,0.5384615384615384,+,1633.0,9.576736070735462,0.0,0.04544847394849937
b3650,spoT,0,0,2106,0.0,0.5379867046533713,+,20.9,7.712217083916112,1.0,0.04492667696759688
b3651,trmH,0,0,687,0.0,0.5560407569141194,+,13.6,6.068015723602367,0.0,0.044321289058292176
b3652,recG,1,1,2079,0.0004810004810004,0.5728715728715729,+,5.12,5.30919826035524,0.0,0.04372193348402681
b3653,gltS,0,0,1203,0.0,0.5378221113881961,-,7.38,5.380963068520695,0.0,0.04294117697750715
b3654,xanP,1,1,1389,0.0007199424046076,0.5500359971202304,+,0.348,6.616662137036717,0.0,0.04226124664235923
b3655,yicH,0,0,1707,0.0,0.5430579964850615,+,21.0,6.175077989944656,0.0,0.041541244367307155
b3656,yicI,0,0,2316,0.0,0.5211571675302246,-,0.198,2.7543279392836357,0.0,0.04065061318685675
b3657,yicJ,1,1,1380,0.0007246376811594,0.494927536231884,-,0.045,1.5842922042001824,0.0,0.03984917438877365
b3659,setC,0,0,1182,0.0,0.461082910321489,+,0.298,1.3101273305948098,0.0,0.03885513175050607
b3660,yicL,0,0,921,0.0,0.4875135722041259,+,0.002,4.910941389200048,0.0,0.038353586180092776
b3661,nlpA,0,0,816,0.0,0.4754901960784313,-,198.0,7.874888895272666,0.0,0.03797656524013433
b3662,nepI,0,0,1188,0.0,0.5303030303030303,-,0.005,4.146162861907356,0.0,0.0373043907643227
b3663,yicN,0,0,450,0.0,0.5288888888888889,-,2.75,4.46018303133293,0.0,0.036859721495708854
b3664,yicO,0,0,1332,0.0,0.4834834834834834,-,4.07,1.3150765926887908,0.0,0.0364521079994795
b3665,ade,0,0,1764,0.0,0.5470521541950113,+,1.35,3.146931538362713,0.0,0.03570883814641856
b3666,uhpT,0,0,1389,0.0,0.5298776097912167,-,0.685,2.6532318524763063,0.0,0.035009087281855686
b3667,uhpC,0,0,1317,0.0,0.5504935459377372,-,0.374,3.0176721218362506,0.0,0.034365781838018014
b3668,uhpB,0,0,1500,0.0,0.572,-,2.29,3.9271264088402655,0.0,0.0337534998315255
b3669,uhpA,0,0,588,0.0,0.5901360544217688,-,14.3,6.790887557856818,0.0,0.03330279822787232
b3670,ilvN,0,0,288,0.0,0.4895833333333333,-,197.0,7.790674661788322,0.0,0.033080463593565396
b3671,ilvB,0,0,1686,0.0,0.5640569395017794,-,410.0,7.920991554426817,0.0,0.03265259868684684
b3672,ivbL,0,0,96,0.0,0.59375,-,,,0.0,0.03222214849368285
b3673,emrD,0,0,1182,0.0,0.5727580372250423,+,,1.0137567761111148,0.0,0.03154351080175765
b3674,yidF,0,0,495,0.0,0.5373737373737374,-,2.41,3.399743712518268,0.0,0.031178123650803635
b3675,yidG,0,0,360,0.0,0.5055555555555555,-,0.673,4.19994591616866,0.0,0.030994137432103913
b3676,yidH,0,0,345,0.0,0.5217391304347826,-,3.44,4.823932241157363,0.0,0.030845914342565967
b3677,yidI,0,0,447,0.0,0.4832214765100671,+,60.5,4.0221584205905465,0.0,0.030627888519001424
b3678,yidJ,0,0,1491,0.0,0.5204560697518444,-,1.05,1.8678116553617523,0.0,0.030189251585426912
b3679,yidK,0,0,1713,0.0,0.535318155283129,-,,1.164029161394428,0.0,0.029499410985571517
b3680,yidL,0,0,891,0.0,0.4365881032547699,+,3.37,2.8579725521719226,0.0,0.028865584925367088
b3683,glvC,0,0,1614,0.0,0.5223048327137546,-,,0.7860462023958673,,0.027975384625990918
b3684,yidP,0,0,714,0.0,0.5154061624649859,+,0.086,1.941262735504676,0.0,0.027345436495454636
b3685,yidE,0,0,1659,0.0,0.5298372513562387,-,3.57,5.068125525785556,0.0,0.026834842422482342
b3686,ibpB,0,0,426,0.0,0.4929577464788732,-,102.0,4.284993008787103,0.0,0.026300119009352703
b3687,ibpA,0,0,411,0.0,0.4744525547445255,-,143.0,7.079724619606238,0.0,0.02607089027785797
b3688,yidQ,0,0,330,0.0,0.5393939393939394,+,15.4,7.819451770984035,0.0,0.025778322028450217
b3689,yidR,0,0,1245,0.0,0.5534136546184739,-,15.2,4.6958721368086325,0.0,0.02543749509872778
b3690,cbrA,0,0,1062,0.0,0.5150659133709982,+,0.682,2.0459730588749645,0.0,0.024910096663860196
b3691,dgoT,0,0,1290,0.0,0.5310077519379846,-,0.608,1.864186159754927,0.0,0.024403811401630282
b3693,dgoK,0,0,876,0.0,0.54337899543379,-,0.256,3.1823854479031097,0.0,0.023132281351553284
b3696,yidX,0,0,654,0.0,0.4311926605504587,+,0.087,3.93043959627279,0.0,0.02238642621204692
b3697,yidA,0,0,810,0.0,0.5123456790123457,-,125.0,6.950470044163335,0.0,0.022050338974141104
b3698,yidB,0,0,396,0.0,0.5151515151515151,-,244.0,6.074274586080315,0.0,0.02174010460068958
b3699,gyrB,0,0,2412,0.0,0.5505804311774462,-,331.0,7.521771454651156,1.0,0.021030874352493466
b3700,recF,0,0,1071,0.0,0.5518207282913166,-,4.52,5.197141428965183,0.0,0.020267353088943334
b3701,dnaN,0,0,1098,0.0,0.5437158469945356,-,192.0,7.159348043134528,1.0,0.019798985361246385
b3702,dnaA,0,0,1401,0.0,0.5417558886509636,-,26.9,7.722403363282402,1.0,0.019257798732003176
b3703,rpmH,0,0,138,0.0,0.5289855072463768,+,2090.0,10.339078441099195,1.0,0.018663613730628664
b3704,rnpA,0,0,357,0.0,0.5602240896358543,+,29.1,8.884808837386531,1.0,0.018548999364881295
b3705,yidC,0,0,1644,0.0,0.5371046228710462,+,150.0,8.43736117306775,1.0,0.018020308286790996
b3706,mnmE,1,1,1362,0.000734214390602,0.5646108663729809,+,91.0,6.367508424881608,0.0,0.017326158876193216
b3707,tnaC,0,0,72,0.0,0.3472222222222222,+,,,0.0,0.016911651282776045
b3708,tnaA,0,0,1413,0.0,0.5095541401273885,+,1646.0,2.1564894615436194,0.0,0.01649585104613616
b3709,tnaB,0,0,1245,0.0,0.465863453815261,+,4.46,0.954054003725512,0.0,0.015883138158569406
b3710,mdtL,0,0,1173,0.0,0.5311167945439045,+,0.413,2.261615666843369,0.0,0.01530446487586747
b3711,yidZ,0,0,957,0.0,0.5235109717868338,+,0.12,4.150182333379842,0.0,0.014855486796511242
b3712,yieE,0,0,747,0.0,0.5234270414993306,+,0.994,5.760000097111996,0.0,0.014419866030456398
b3713,chrR,0,0,564,0.0,0.5301418439716312,+,902.0,6.976641569400964,0.0,0.014126866899974406
b3714,purP,0,0,1335,0.0,0.5385767790262173,-,5.67,7.110076899343099,0.0,0.013693831420364991
b3715,yieH,0,0,663,0.0,0.4811463046757164,+,0.841,5.226736458253153,0.0,0.013191424087803221
b3716,cbrB,0,0,465,0.0,0.4408602150537634,+,,3.79586147407409,0.0,0.012918676367810427
b3717,cbrC,0,0,585,0.0,0.4461538461538462,+,0.144,4.374311444811701,0.0,0.01267048886904921
b3718,yieK,0,0,720,0.0,0.4972222222222222,-,1.25,2.4079430276083142,0.0,0.012361547138820404
b3719,yieL,0,0,1167,0.0,0.5012853470437018,-,2.81,1.859009204493358,0.0,0.011947901307551708
b3720,bglH,0,0,1614,0.0,0.4522924411400247,-,0.164,1.232167927788952,0.0,0.01133605018213343
b3721,bglB,0,0,1410,0.0,0.4865248226950354,-,,1.2425468919145168,0.0,0.010653965441614321
b3722,bglF,0,0,1875,0.0,0.5125333333333333,-,0.908,0.8427808070034131,0.0,0.009937410215156156
b3723,bglG,0,0,834,0.0,0.4292565947242206,-,0.292,0.90721510095498,0.0,0.009294966533466963
b3724,phoU,0,0,723,0.0,0.5283540802213001,-,120.0,6.367371909864199,0.0,0.008835647308329017
b3725,pstB,0,0,771,0.0,0.5239948119325551,-,93.6,6.305820925541054,0.0,0.008506454167611014
b3726,pstA,0,0,888,0.0,0.5630630630630631,-,4.07,5.240281313964098,0.0,0.008069109877259218
b3727,pstC,0,0,957,0.0,0.54858934169279,-,44.8,5.009810380097693,0.0,0.0076709757646630985
b3728,pstS,0,0,1038,0.0,0.5163776493256262,-,595.0,6.432671306829425,0.0,0.007202608036966149
b3729,glmS,1,1,1827,0.0005473453749315,0.5363984674329502,-,568.0,8.763221723541857,1.0,0.006449427919197734
b3730,glmU,0,0,1368,0.0,0.527046783625731,-,136.0,8.32480386114077,1.0,0.005690215466389983
b3731,atpC,0,0,417,0.0,0.5563549160671463,-,1118.0,10.356667292039411,0.0,0.0051529067668149185
b3732,atpD,0,0,1380,0.0,0.5485507246376812,-,3831.0,10.54936442648152,0.0,0.0047556344163672765
b3733,atpG,0,0,861,0.0,0.5365853658536586,-,1080.0,10.460618672316183,0.0,0.004260552062067557
b3734,atpA,0,0,1539,0.0,0.5347628330084471,-,2836.0,10.55211299641188,0.0,0.0037206580760470627
b3735,atpH,0,0,531,0.0,0.5216572504708098,-,983.0,10.49484555133114,0.0,0.0032682329480969276
b3736,atpF,0,0,468,0.0,0.532051282051282,-,1126.0,11.026245700101448,0.0,0.003045467432715766
b3737,atpE,0,0,237,0.0,0.5443037974683544,-,795.0,11.195519163905184,0.0,0.0028662209058326646
b3738,atpB,0,0,813,0.0,0.5043050430504306,-,68.4,10.04089409992732,0.0,0.002618895169219924
b3739,atpI,0,0,378,0.0,0.5264550264550265,-,5.74,8.729189425047776,0.0,0.0023573503571573226
b3740,rsmG,0,0,621,0.0,0.4895330112721417,-,28.1,5.556138239235931,0.0,0.0018756253161589882
b3741,mnmG,0,0,1887,0.0,0.5447800741918389,-,36.7,6.684431699498233,0.0,0.0013068622981645328
b3742,mioC,0,0,441,0.0,0.5034013605442177,-,332.0,8.47982646513096,0.0,0.000641151038466477
b3743,asnC,0,0,456,0.0,0.4956140350877193,-,190.0,4.852508871036009,0.0,0.00040804437730359796
b3744,asnA,0,0,990,0.0,0.5666666666666667,+,295.0,5.803716039863403,0.0,3.0161675196675668e-05
b3745,viaA,1,1,1449,0.0006901311249137,0.52864044168392,-,9.46,5.102807365321486,0.0,0.0004980985218193867
b3746,ravA,0,0,1494,0.0,0.4979919678714859,-,13.0,5.780670851534806,0.0,0.0011306319388010994
b3747,kup,1,1,1866,0.0005359056806002,0.515005359056806,+,2.32,4.912843085875578,0.0,0.0019514603852249157
b3748,rbsD,0,0,417,0.0,0.4772182254196642,+,275.0,5.671250366983999,0.0,0.0025159145924769886
b3749,rbsA,0,0,1503,0.0,0.5129740518962076,+,19.8,4.456789727216522,0.0,0.002933869234488066
b3750,rbsC,0,0,963,0.0,0.5358255451713395,+,3.98,5.150813304012757,0.0,0.0034681617665434632
b3751,rbsB,0,0,888,0.0,0.5292792792792793,+,1955.0,7.310302012207878,0.0,0.003878791430292491
b3752,rbsK,0,0,927,0.0,0.5199568500539374,+,56.2,5.720704641371199,0.0,0.004324753342129052
b3753,rbsR,0,0,990,0.0,0.5070707070707071,+,0.181,3.99980787546028,0.0,0.004740553578768938
b3754,hsrA,0,0,1425,0.0,0.4919298245614035,-,0.129,3.938350957386481,0.0,0.0052468388409988515
b3755,yieP,0,0,690,0.0,0.4942028985507246,-,35.5,6.693784585247399,0.0,0.0057134830443988475
b3764,yifE,0,0,336,0.0,0.4851190476190476,+,1378.0,9.283730457967858,0.0,0.008847711978407688
b3765,yifB,0,0,1518,0.0,0.5098814229249012,-,,2.281950208154457,0.0,0.009258772523230954
b3766,ilvL,0,0,96,0.0,0.5416666666666666,+,,,0.0,0.00975945633149577
b3769,ilvM,0,0,261,0.0,0.4942528735632184,+,,6.293467239825307,0.0,0.010604414118076926
b3770,ilvE,1,1,927,0.0010787486515641,0.5512405609492989,+,291.0,8.08619845471011,0.0,0.010869836859807672
b3771,ilvD,0,0,1848,0.0,0.5643939393939394,+,79.9,7.129693295869076,0.0,0.011496768822824287
b3772,ilvA,0,0,1542,0.0,0.5881971465629053,+,20.0,6.487031079475773,0.0,0.012229266649029269
b3773,ilvY,0,0,891,0.0,0.5768799102132436,-,1.38,4.158729337212131,0.0,0.012776485613311812
b3774,ilvC,0,0,1473,0.0,0.5390359809911744,+,2371.0,10.937753773300818,0.0,0.013351280966345603
b3775,ppiC,0,0,279,0.0,0.5232974910394266,-,357.0,6.88471926724904,0.0,0.013767081202985488
b3777,yifN,0,0,447,0.0,0.4317673378076063,-,,5.046760266389421,,0.014010098128855846
b3778,rep,0,0,2019,0.0,0.5354135710747895,+,7.25,5.301974535581174,0.0,0.01463530656757551
b3779,gpp,0,0,1482,0.0,0.5377867746288799,-,10.8,7.025652707790242,0.0,0.015410892501204313
b3780,rhlB,0,0,1263,0.0,0.5265241488519399,-,227.0,8.548320881897153,0.0,0.016061522923304032
b3781,trxA,0,0,327,0.0,0.5137614678899083,+,1792.0,10.725660549710964,0.0,0.0164613805601971
b3783,rho,0,0,1257,0.0,0.5043754972155927,+,1369.0,9.28311273223413,1.0,0.016944398244418152
b3784,wecA,0,0,1101,0.0,0.4959128065395095,+,0.708,6.8563072250712205,0.0,0.01755668025091067
b3785,wzzE,0,0,1044,0.0,0.5277777777777778,+,39.4,6.63566523559064,0.0,0.018025047978607617
b3786,wecB,0,0,1128,0.0,0.526595744680851,+,33.4,6.469167275006325,0.0,0.018517975927536144
b3787,wecC,0,0,1260,0.0,0.5380952380952381,+,12.6,6.249149138700136,0.0,0.019032017049102345
b3788,rffG,0,0,1065,0.0,0.5389671361502347,+,7.87,6.044905702945009,0.0,0.019533562619515638
b3789,rffH,0,0,879,0.0,0.5517633674630261,+,18.0,6.003961600279945,0.0,0.019961427526234195
b3790,wecD,0,0,672,0.0,0.5565476190476191,+,0.341,5.226678771736261,0.0,0.02028717361835829
b3791,wecE,0,0,1128,0.0,0.5443262411347518,+,24.9,5.856872636705897,0.0,0.02067798275269236
b3792,wzxE,0,0,1248,0.0,0.5368589743589743,+,0.577,4.95486032383904,0.0,0.02119159299318432
b3793,wzyE,0,0,1350,0.0,0.5251851851851852,+,0.093,3.98744504240021,0.0,0.022214504663425866
b3794,wecG,0,0,738,0.0,0.532520325203252,+,22.6,5.291760774986093,0.0,0.022666498910301765
b3795,yifK,0,0,1383,0.0,0.5357917570498916,+,9.3,6.144491416399098,0.0,0.02320639289632226
b3800,aslB,0,0,1233,0.0,0.527169505271695,+,0.219,1.9552428063637808,0.0,0.024066431520501752
b3801,aslA,0,0,1653,0.0,0.5329703569267997,-,0.114,2.9540968357744672,0.0,0.024757564763579862
b3802,hemY,0,0,1194,0.0,0.550251256281407,-,95.9,6.879778765647154,0.0,0.025664569424851326
b3803,hemX,0,0,1179,0.0,0.5351993214588634,-,180.0,6.790704382930946,0.0,0.02617774878426905
b3804,hemD,0,0,738,0.0,0.5311653116531165,-,13.4,6.541150724750635,1.0,0.026601304880245223
b3805,hemC,0,0,939,0.0,0.5623003194888179,-,22.4,7.258366952930113,1.0,0.026961952339382617
b3806,cyaA,0,0,2544,0.0,0.5196540880503144,+,12.3,8.093407176357,0.0,0.027880159908584272
b3807,cyaY,1,1,318,0.0031446540880503,0.5440251572327044,-,191.0,6.336308490308046,0.0,0.028514847730937175
b3809,dapF,0,0,822,0.0,0.5523114355231143,+,62.9,6.900140809619455,0.0,0.029064221100590912
b3810,yigA,0,0,705,0.0,0.5588652482269504,+,12.4,6.41474658964805,0.0,0.029392552479160436
b3811,xerC,0,0,894,0.0,0.5413870246085011,+,3.75,6.5978182625244415,0.0,0.029736826457476776
b3812,yigB,0,0,714,0.0,0.5602240896358543,+,35.2,6.236165914617332,0.0,0.030084116603312786
b3813,uvrD,0,0,2160,0.0,0.5777777777777777,+,37.2,6.201299839556951,0.0,0.0307403484793776
b3816,corA,0,0,948,0.0,0.5284810126582279,+,139.0,6.811589877366489,0.0,0.03196275808699144
b3817,yigF,0,0,378,0.0,0.3492063492063492,-,0.881,2.8058396303577022,0.0,0.0322678218875521
b3818,yigG,0,0,378,0.0,0.328042328042328,-,1.6,1.077235558535817,0.0,0.03243758903080197
b3819,rarD,0,0,888,0.0,0.5078828828828829,-,0.015,4.230850576143638,0.0,0.032752132214995865
b3820,yigI,0,0,465,0.0,0.5333333333333333,-,49.5,6.125014202690076,0.0,0.03306667539918977
b3821,pldA,0,0,867,0.0,0.5132641291810842,+,25.3,6.225754596268662,0.0,0.033425599334030213
b3822,recQ,0,0,1827,0.0,0.5517241379310345,+,4.76,5.555574170352722,0.0,0.03406416508605126
b3823,rhtC,0,0,618,0.0,0.5258899676375405,+,0.469,6.201302325706881,0.0,0.034619570790744326
b3824,rhtB,1,1,618,0.0016181229773462,0.5226537216828478,-,0.082,5.744307794253755,0.0,0.034913431683374796
b3825,pldB,0,0,1020,0.0,0.5392156862745098,+,7.49,6.700400333585193,0.0,0.03531501284456482
b3826,yigL,0,0,798,0.0,0.5175438596491229,+,32.6,6.066976218693881,0.0,0.03571099255178975
b3827,yigM,0,0,897,0.0,0.5574136008918618,+,,4.29931247107341,0.0,0.03610955754546011
b3828,metR,0,0,951,0.0,0.5646687697160884,-,8.8,6.044196935721017,0.0,0.03646029473989002
b3829,metE,0,0,2259,0.0,0.5630810092961488,+,2264.0,11.522923505091146,0.0,0.03725483944078531
b3830,ysgA,0,0,813,0.0,0.5473554735547356,-,390.0,7.317338416115274,0.0,0.03793476977593322
b3831,udp,0,0,759,0.0,0.5428194993412385,+,2060.0,8.306688761147296,0.0,0.03838719490388336
b3832,rmuC,0,0,1425,0.0,0.5312280701754386,+,3.63,4.106776625343118,0.0,0.03891933303056756
b3833,ubiE,0,0,753,0.0,0.5219123505976095,+,304.0,7.766618201852134,0.0,0.0394303579846141
b3834,yigP,0,0,603,0.0,0.5588723051409619,+,25.1,6.885035006242029,0.0,0.039729389450135426
b3835,ubiB,0,0,1638,0.0,0.5,+,10.1,5.984913388280533,0.0,0.04021197625328224
b3836,tatA,0,0,267,0.0,0.4606741573033708,+,295.0,9.040676202709822,0.0,0.040657076402970324
b3838,tatB,0,0,513,0.0,0.557504873294347,+,80.6,8.25603193611487,0.0,0.040827705308368656
b3839,tatC,0,0,774,0.0,0.5180878552971576,+,47.5,6.730879246541167,,0.04110734712554927
b3842,rfaH,0,0,486,0.0,0.5,-,12.5,6.3068410687335295,0.0,0.0417334173264174
b3843,ubiD,0,0,1491,0.0,0.5385647216633133,+,88.9,7.347446236970263,0.0,0.04223194672931103
b3844,fre,0,0,699,0.0,0.5293276108726752,+,93.9,7.686371668038516,0.0,0.04272444379716532
b3845,fadA,0,0,1161,0.0,0.5788113695090439,-,241.0,3.741411734724455,0.0,0.04329019064764011
b3846,fadB,0,0,2187,0.0,0.5528120713305898,-,331.0,3.439709427088782,0.0,0.04401665613880575
b3847,pepQ,2,1,1329,0.00150489089541,0.5372460496613995,+,402.0,7.648067968077663,0.0,0.044856874233570286
b3848,yigZ,0,0,612,0.0,0.5588235294117647,+,2.97,6.191803386734042,0.0,0.04527612151880408
b3849,trkH,0,0,1449,0.0,0.5314009661835749,+,0.046,5.799290693393533,0.0,0.04573759514931322
b3850,hemG,0,0,543,0.0,0.5211786372007366,+,47.8,6.510559497128509,1.0,0.046172785034293826
b3856,mobB,0,0,525,0.0,0.4895238095238095,-,2.66,4.482317465513899,0.0,0.04888259611017801
b3857,mobA,0,0,582,0.0,0.5017182130584192,-,15.7,5.360821884062245,0.0,0.04911441012811818
b3858,yihD,0,0,267,0.0,0.4681647940074906,+,772.0,7.882663442264497,0.0,0.049328127140940335
b3859,rdoA,0,0,984,0.0,0.4878048780487805,+,2.53,6.910664952689413,0.0,0.049631898298278285
b3860,dsbA,0,0,624,0.0,0.4823717948717949,+,420.0,8.687170436546682,0.0,0.049986513422376345
b3861,yihF,0,0,1428,0.0,0.4173669467787115,+,0.309,1.795055393126676,0.0,0.05049624573320016
b3862,yihG,0,0,930,0.0,0.4526881720430107,-,1.82,3.990339428823456,0.0,0.05102278240591927
b3863,polA,0,0,2784,0.0,0.5201149425287356,+,251.0,6.543733505107447,,0.05198063103395084
b3865,yihA,0,0,630,0.0,0.5190476190476191,-,178.0,7.177881718314404,1.0,0.05288117247910873
b3866,yihI,0,0,507,0.0,0.5266272189349113,+,289.0,7.612872624752286,0.0,0.05337754747663116
b3867,hemN,0,0,1371,0.0,0.5324580598103574,+,11.4,6.4702464099712405,0.0,0.05386444309052036
b3868,glnG,0,0,1407,0.0,0.5700071073205402,-,50.7,5.879023149722527,0.0,0.054658126029267166
b3869,glnL,0,0,1047,0.0,0.55396370582617,-,22.0,6.317705766837914,0.0,0.0551928494423968
b3870,glnA,0,0,1407,0.0,0.5302061122956645,-,1407.0,9.833247999115857,0.0,0.05584563426986771
b3871,typA,0,0,1821,0.0,0.5354200988467874,+,584.0,9.371605337994698,0.0,0.05670265672652754
b3872,yihL,0,0,708,0.0,0.4915254237288136,+,1.62,3.330051303333945,0.0,0.05734208424069706
b3873,yihM,0,0,978,0.0,0.4406952965235173,+,8.09,3.3807071954384686,0.0,0.05770962579702227
b3874,yihN,1,1,1263,0.0007917656373713,0.4513064133016627,+,6.67,1.9451317843631275,0.0,0.05823702423188985
b3875,ompL,0,0,690,0.0,0.408695652173913,-,0.225,0.8304845103214639,0.0,0.05869806698132475
b3876,yihO,0,0,1401,0.0,0.4511063526052819,-,0.049,1.3520306642764577,0.0,0.05917849937910037
b3877,yihP,0,0,1383,0.0,0.5249457700650759,-,,1.1730624994264829,0.0,0.0597976754827807
b3878,yihQ,0,0,2034,0.0,0.5358898721730581,-,0.532,1.2419659284793323,0.0,0.06055473353021726
b3879,yihR,0,0,924,0.0,0.4837662337662338,-,,1.2336890111262384,0.0,0.061278613734937475
b3880,yihS,0,0,1239,0.0,0.5343018563357547,-,0.173,2.7042497650515527,0.0,0.06179437838080063
b3881,yihT,0,0,876,0.0,0.5399543378995434,-,0.917,2.141981073511869,0.0,0.062258437297755195
b3882,yihU,0,0,894,0.0,0.5548098434004475,-,1.86,1.474250359888116,0.0,0.06265096995638622
b3883,yihV,0,0,894,0.0,0.558165548098434,+,0.004,2.9918851544566487,,0.06310942741937568
b3884,yihW,0,0,783,0.0,0.524904214559387,+,34.5,5.360481048187384,0.0,0.0634860174782599
b3885,yihX,0,0,597,0.0,0.507537688442211,+,108.0,6.310028251887795,0.0,0.06382684440798234
b3886,yihY,1,1,870,0.0011494252873563,0.5091954022988506,+,0.27,5.507763025748211,0.0,0.06414138759217623
b3887,dtd,0,0,435,0.0,0.5517241379310345,+,135.0,6.837664097649344,0.0,0.06442189117150532
b3888,yiiD,1,1,987,0.0010131712259371,0.5511651469098278,+,78.5,6.5465263703045045,0.0,0.06472781673421446
b3889,yiiE,0,0,210,0.0,0.4666666666666667,+,1.01,0.7329794461193901,0.0,0.06535690310260227
b3890,yiiF,0,0,216,0.0,0.4675925925925926,+,0.094,3.977394282803475,0.0,0.06555381575352913
b3891,fdhE,0,0,927,0.0,0.5480043149946062,-,73.7,6.342473293277237,0.0,0.06594290136356624
b3892,fdoI,0,0,633,0.0,0.5260663507109005,-,27.4,5.285587549615072,0.0,0.06627855772039783
b3893,fdoH,0,0,900,0.0,0.5555555555555556,-,61.8,5.053423092597361,0.0,0.0666086126232643
b3894,fdoG,0,0,3048,0.0,0.551509186351706,-,87.8,6.465671047241736,0.0,0.06746563507992413
b3895,fdhD,0,0,831,0.0,0.53309265944645,+,2.52,5.36889982725763,0.0,0.06838556617342274
b3896,yiiG,0,0,1053,0.0,0.4577397910731244,+,12.1,1.8070357145405156,0.0,0.06885824271186207
b3897,frvR,0,0,1746,0.0,0.5005727376861397,-,8.48,1.422503872413365,0.0,0.06948388203165597
b3898,frvX,0,0,1068,0.0,0.5271535580524345,-,0.169,2.6087382054004604,0.0,0.07009099346525763
b3899,frvB,0,0,1449,0.0,0.559696342305038,-,2.64,1.1699629910179103,0.0,0.0706295948080554
b3900,frvA,1,1,444,0.0022522522522522,0.5045045045045045,-,2.03,1.0008388447402397,0.0,0.0710432406393241
b3901,rhaM,0,0,312,0.0,0.5128205128205128,-,,1.0273964088179812,0.0,0.07133667065088033
b3902,rhaD,0,0,822,0.0,0.559610705596107,-,0.336,1.3865024225134015,0.0,0.07158615079286426
b3903,rhaA,0,0,1257,0.0,0.5624502784407319,-,0.147,1.1793152593732916,0.0,0.0722290253556277
b3904,rhaB,0,0,1467,0.0,0.5480572597137015,-,3.8,0.7936132508952918,0.0,0.07281545449766592
b3905,rhaS,0,0,834,0.0,0.5203836930455635,+,0.509,1.944164202215327,0.0,0.0734363541256432
b3906,rhaR,0,0,846,0.0,0.5035460992907801,+,3.32,1.6025042606909443,0.0,0.07383104118964541
b3907,rhaT,0,0,1032,0.0,0.5184108527131783,-,,2.6286814441107182,0.0,0.07423520763728086
b3908,sodA,0,0,618,0.0,0.5355987055016181,+,5760.0,10.762020684028274,0.0,0.07471434739183377
b3909,kdgT,0,0,981,0.0,0.5290519877675841,+,0.498,2.8047025737731555,0.0,0.07517151221160052
b3910,yiiM,0,0,672,0.0,0.5327380952380952,+,139.0,6.187730755284544,0.0,0.0755929139022055
b3911,cpxA,0,0,1371,0.0,0.5470459518599562,-,7.69,6.714899757058185,0.0,0.07607937863502046
b3912,cpxR,0,0,696,0.0,0.514367816091954,-,804.0,8.044102140743876,0.0,0.07652447878470854
b3915,fieF,0,0,900,0.0,0.5233333333333333,+,3.23,6.948204751393586,0.0,0.07721345762241547
b3916,pfkA,0,0,960,0.0,0.5364583333333334,+,868.0,9.5303594279095,0.0,0.07769302825804261
b3917,sbp,0,0,987,0.0,0.5065856129685917,+,21.4,5.934060572311057,0.0,0.07825101924918111
b3918,cdh,0,0,753,0.0,0.4887118193891102,+,5.56,4.298590996798317,0.0,0.07867285182086033
b3919,tpiA,0,0,765,0.0,0.5281045751633987,-,2326.0,10.063788500216706,0.0,0.07902445077743872
b3920,yiiQ,0,0,597,0.0,0.4924623115577889,-,14.3,5.910847533206619,0.0,0.07936527770716116
b3921,yiiR,0,0,438,0.0,0.4977168949771689,+,,5.091430601910898,0.0,0.0796328548542631
b3922,yiiS,0,0,297,0.0,0.4646464646464646,+,260.0,7.554730067272769,0.0,0.0798831967583955
b3923,uspD,0,0,426,0.0,0.4342723004694835,+,286.0,7.76058784055714,0.0,0.08005167125842265
b3924,fpr,0,0,744,0.0,0.5376344086021505,-,122.0,7.114040215213247,0.0,0.08030675285437168
b3925,glpX,0,0,1008,0.0,0.5684523809523809,-,20.9,5.470824264363808,0.0,0.08072686190175395
b3926,glpK,0,0,1506,0.0,0.5418326693227091,-,884.0,4.417773110100194,0.0,0.08132751011924202
b3927,glpF,0,0,843,0.0,0.5112692763938316,-,47.3,3.078762293378336,0.0,0.08184413652725366
b3928,zapB,0,0,243,0.0,0.48559670781893,+,2865.0,10.11741433443562,0.0,0.08226209116926474
b3929,rraA,0,0,483,0.0,0.5238095238095238,-,445.0,8.942324678953055,0.0,0.08245598765267194
b3930,menA,0,0,924,0.0,0.5357142857142857,-,2.56,5.265198565837673,0.0,0.08280026163098828
b3931,hslU,0,0,1329,0.0,0.527464258841234,-,422.0,7.672040949083503,0.0,0.08331516451470296
b3932,hslV,0,0,528,0.0,0.5303030303030303,-,193.0,7.42018971951902,0.0,0.08372062360556112
b3933,ftsN,0,0,957,0.0,0.5747126436781609,-,29.0,6.950515523266944,1.0,0.08408127106469852
b3934,cytR,0,0,1023,0.0,0.5219941348973607,-,5.2,5.839526889522329,0.0,0.08454834614917275
b3935,priA,0,0,2196,0.0,0.575591985428051,-,1.04,4.745339632885955,1.0,0.08531014388842593
b3936,rpmE,0,0,210,0.0,0.5,+,1219.0,10.856711762423547,0.0,0.08591682444095335
b3937,yiiX,0,0,606,0.0,0.5264026402640264,-,0.141,4.9396738851346615,0.0,0.08611976942691955
b3938,metJ,0,0,315,0.0,0.5238095238095238,-,543.0,8.49527154260466,0.0,0.08639811860087744
b3939,metB,0,0,1158,0.0,0.5509499136442142,+,247.0,6.817435976635986,0.0,0.08683589377230348
b3940,metL,0,0,2430,0.0,0.5839506172839506,+,61.9,6.622163417436596,0.0,0.08761104882485804
b3941,metF,0,0,888,0.0,0.5202702702702703,+,333.0,7.930420031717851,0.0,0.08847711978407688
b3942,katG,0,0,2178,0.0,0.5583103764921947,+,1384.0,8.060325894604832,0.0,0.08928028210645693
b3943,yijE,0,0,903,0.0,0.5415282392026578,+,0.395,3.451392828569209,0.0,0.08998477266283642
b3944,yijF,0,0,615,0.0,0.5284552845528455,-,0.062,1.3977114632833427,0.0,0.09032430694933614
b3945,gldA,0,0,1101,0.0,0.5485921889191644,-,322.0,4.717755801568839,0.0,0.09081335696859652
b3946,fsaB,0,0,660,0.0,0.5363636363636364,-,4.95,2.382486038819914,0.0,0.0911985646489655
b3947,ptsA,0,0,2499,0.0,0.5542216886754702,-,4.55,1.1327567583038831,,0.09188495820022699
b3949,frwC,0,0,1077,0.0,0.5431754874651811,+,1.51,0.841879962897269,0.0,0.09278937757505303
b3950,frwB,0,0,318,0.0,0.4968553459119497,+,24.0,1.6069988780375386,0.0,0.09309745754313335
b3951,pflD,1,1,2295,0.0004357298474945,0.5320261437908497,+,0.59,2.2969011261895016,0.0,0.09368302492302309
b3952,pflC,0,0,876,0.0,0.5513698630136986,+,16.6,2.145050951595269,0.0,0.0943526141123893
b3953,frwD,0,0,339,0.0,0.5634218289085545,+,0.493,2.093218450953091,0.0,0.09461588244874886
b3954,yijO,0,0,849,0.0,0.5323910482921084,-,1.64,4.142909530833121,0.0,0.09486708611502974
b3955,eptC,0,0,1731,0.0,0.5008665511265165,-,19.3,6.640921036349538,0.0,0.09551642389390674
b3956,ppc,1,1,2649,0.0003775009437523,0.5571913929784824,-,839.0,9.39661610209696,0.0,0.09653933556414829
b3957,argE,0,0,1149,0.0,0.5187119234116623,-,131.0,7.499066513905471,0.0,0.0976161073686696
b3958,argC,0,0,1002,0.0,0.5369261477045908,+,48.8,7.275579565455118,0.0,0.0981469528521311
b3959,argB,0,0,774,0.0,0.5568475452196382,+,256.0,7.515405510424152,0.0,0.09853388405679701
b3960,argH,0,0,1371,0.0,0.5660102115244348,+,190.0,7.4739033899273855,0.0,0.0990229340760574
b3961,oxyR,0,0,915,0.0,0.5562841530054645,+,131.0,7.1788142104056725,0.0,0.09963133815288178
b3962,sthA,0,0,1398,0.0,0.51931330472103,-,298.0,7.306960913595893,0.0,0.10012340433966183
b3963,fabR,0,0,645,0.0,0.5364341085271318,+,43.2,7.489117647876301,0.0,0.10070810995740309
b3964,yijD,0,0,357,0.0,0.4957983193277311,+,,7.20592854274969,0.0,0.10092484313774493
b3965,trmA,0,0,1098,0.0,0.5100182149362478,-,28.7,6.65985161858117,0.0,0.10125662156490836
b3966,btuB,0,0,1842,0.0,0.50271444082519,+,34.1,6.42015664707088,0.0,0.10204987362258093
b3967,murI,0,0,855,0.0,0.5157894736842106,+,11.3,6.418681515556818,1.0,0.10260786461371943
b3972,murB,0,0,1026,0.0,0.4600389863547758,+,33.9,6.440789795638588,1.0,0.1055012310272291
b3973,birA,0,0,963,0.0,0.4953271028037383,+,11.3,5.606304044697789,1.0,0.10592909593394766
b3974,coaA,0,0,948,0.0,0.4419831223628692,-,24.6,6.32098125969894,1.0,0.10635437555422078
b3980,tufB,0,0,1182,0.0,0.5355329949238579,+,9197.0,10.279511539519374,0.0,0.10720967448658365
b3981,secE,0,0,381,0.0,0.5511811023622047,+,38.1,9.166044865255875,1.0,0.10764615701478698
b3982,nusG,0,0,543,0.0,0.5193370165745856,+,1061.0,9.261656030591553,1.0,0.10784694759538199
b3983,rplK,0,0,426,0.0,0.5258215962441315,+,3553.0,11.382272547802366,0.0,0.10812529676933988
b3984,rplA,0,0,702,0.0,0.5185185185185185,+,3928.0,11.48371755195534,0.0,0.10837089898165567
b3985,rplJ,0,0,495,0.0,0.5272727272727272,+,4464.0,12.593682726327678,1.0,0.10880738150985898
b3986,rplL,0,0,363,0.0,0.465564738292011,+,11544.0,12.182843119084325,1.0,0.10902196028482962
b3987,rpoB,1,1,4026,0.0002483854942871,0.5265772478887233,+,1499.0,9.956183924775086,1.0,0.11010648794868723
b3988,rpoC,0,0,4221,0.0,0.5387348969438521,+,1810.0,9.88438575553916,1.0,0.11191705022263625
b3989,yjaZ,0,0,537,0.0,0.4264432029795158,+,0.212,3.566548704456789,0.0,0.1130347557292102
b3990,thiH,0,0,1131,0.0,0.5508399646330681,-,1.0,8.664606056348443,0.0,0.11357163354771103
b3991,thiG,0,0,768,0.0,0.5859375,-,41.5,8.65726624901201,0.0,0.11398053968716311
b3992,thiF,0,0,753,0.0,0.5776892430278885,-,56.9,8.662801188549789,0.0,0.11438901494554093
b3993,thiE,0,0,633,0.0,0.5813586097946287,-,204.0,8.530096643545441,0.0,0.11468546112461683
b3994,thiC,0,0,1893,0.0,0.5578446909667195,-,99.9,9.215608925535998,0.0,0.11523052568352819
b3995,rsd,0,0,474,0.0,0.4915611814345991,-,342.0,8.255937668236585,0.0,0.11584194592787223
b3996,nudC,0,0,771,0.0,0.5330739299610895,+,17.2,6.615924590388222,0.0,0.11615174942024951
b3997,hemE,1,1,1062,0.0009416195856873,0.5621468926553672,+,95.1,7.102831542864252,0.0,0.11656496437044397
b3998,nfi,0,0,669,0.0,0.5904334828101644,+,16.1,6.454380347315305,0.0,0.1169428470725509
b3999,yjaG,0,0,588,0.0,0.4880952380952381,+,66.1,7.16890091956797,0.0,0.11723326091658745
b4000,hupA,0,0,270,0.0,0.4888888888888889,+,5554.0,11.09386791109024,0.0,0.11749954542046667
b4001,yjaH,0,0,693,0.0,0.5353535353535354,+,6.59,5.300074220590092,0.0,0.11771326243328883
b4002,zraP,1,1,423,0.0023640661938534,0.5390070921985816,-,135.0,2.876831300113211,0.0,0.11795541759701073
b4003,zraS,0,0,1395,0.0,0.5433691756272402,+,1.03,2.621618147115184,0.0,0.11845049995131043
b4004,zraR,1,1,1323,0.000755857898715,0.563114134542706,+,0.829,3.304506888142176,0.0,0.11903563645012595
b4005,purD,0,0,1287,0.0,0.5835275835275835,-,346.0,7.31269879319577,0.0,0.1195975053709326
b4006,purH,0,0,1587,0.0,0.5639571518588532,-,630.0,7.4971841772896015,0.0,0.12022271380965226
b4011,yjaA,0,0,381,0.0,0.4566929133858268,+,0.234,1.7494321158635822,0.0,0.1231044464341575
b4012,yjaB,0,0,441,0.0,0.546485260770975,-,2.03,3.949642998488129,0.0,0.12330954582549489
b4013,metA,0,0,927,0.0,0.5016181229773463,+,164.0,7.717588716535529,0.0,0.12367277857107771
b4014,aceB,0,0,1599,0.0,0.5184490306441526,+,1979.0,10.681552851576145,0.0,0.12433375013895914
b4015,aceA,0,0,1302,0.0,0.554531490015361,+,6677.0,10.600675282870672,0.0,0.12497274677205443
b4016,aceK,0,0,1734,0.0,0.5282583621683967,+,9.87,7.561781823953308,0.0,0.12570653724148212
b4017,arpA,0,0,2184,0.0,0.3768315018315018,-,1.24,0.9052246733578128,0.0,0.1265381377147619
b4018,iclR,0,0,822,0.0,0.5425790754257908,-,3.92,6.602148647782984,0.0,0.12732320303202393
b4019,metH,0,0,3681,0.0,0.5585438739472969,+,70.0,7.422616521737022,0.0,0.12838015430713032
b4020,yjbB,0,0,1629,0.0,0.5543278084714549,+,3.75,4.67860369022449,0.0,0.12961979915771368
b4021,pepE,0,0,687,0.0,0.5458515283842795,-,174.0,4.655024614674411,0.0,0.13015883138158568
b4022,rluF,0,0,870,0.0,0.5160919540229885,+,10.6,6.206712381482865,0.0,0.13058669628830424
b4023,yjbD,0,0,270,0.0,0.5,-,32.1,7.519877156640224,0.0,0.1308904674456422
b4024,lysC,0,0,1347,0.0,0.5397178916109874,-,214.0,9.261937882301591,0.0,0.13134849402755744
b4025,pgi,0,0,1647,0.0,0.5142683667273831,+,1152.0,9.206436188396522,0.0,0.1322205973218156
b4026,yjbE,0,0,240,0.0,0.6125,+,,5.358813857914113,0.0,0.13284322047408983
b4027,yjbF,0,0,636,0.0,0.5487421383647799,+,,1.3565700383513173,0.0,0.1330819285892178
b4028,yjbG,0,0,735,0.0,0.5891156462585034,+,26.7,1.0199256040605829,0.0,0.13337665124399675
b4029,yjbH,0,0,2094,0.0,0.541069723018147,+,0.031,2.824355232758928,0.0,0.13398720972619232
b4030,psiE,0,0,408,0.0,0.4950980392156863,+,1.33,6.168437459480883,0.0,0.13478347795138454
b4031,xylE,0,0,1473,0.0,0.4969450101832994,-,0.332,1.8492060534746888,0.0,0.13520832669058344
b4032,malG,1,1,888,0.0011261261261261,0.5472972972972973,-,0.889,3.45142444831128,0.0,0.13587834676102387
b4033,malF,0,0,1542,0.0,0.5337224383916991,-,2.22,3.489814981346233,0.0,0.13640919224448536
b4034,malE,0,0,1188,0.0,0.5117845117845118,-,1767.0,5.617894524954683,0.0,0.1370645623584017
b4035,malK,0,0,1113,0.0,0.5498652291105122,+,172.0,3.678068334520492,0.0,0.1377182089480211
b4036,lamB,0,0,1338,0.0,0.5179372197309418,+,139.0,4.84517926298544,0.0,0.13827835434453079
b4037,malM,0,0,918,0.0,0.5359477124183006,+,617.0,4.511121463606556,0.0,0.13886995405945987
b4038,yjbI,0,0,1578,0.0,0.3263624841571609,+,,0.7161862482686961,0.0,0.1395072271682582
b4039,ubiC,0,0,495,0.0,0.5313131313131313,+,9.61,6.538267899519796,0.0,0.1400505682028726
b4040,ubiA,0,0,870,0.0,0.5183908045977011,+,5.85,5.924840107023883,1.0,0.1403513231926909
b4041,plsB,0,0,2421,0.0,0.5522511358942586,-,130.0,6.852387775371067,1.0,0.14112777088846815
b4042,dgkA,0,0,366,0.0,0.5218579234972678,+,25.0,6.574356546714994,0.0,0.14180296153179944
b4043,lexA,0,0,606,0.0,0.5214521452145214,+,91.6,7.714647815800713,1.0,0.14206062841419392
b4044,dinF,0,0,1377,0.0,0.5577342047930284,+,2.06,3.491518568080272,0.0,0.142496680061323
b4045,yjbJ,0,0,207,0.0,0.429951690821256,+,1293.0,6.754894698887106,0.0,0.1428887818388798
b4046,zur,0,0,513,0.0,0.5243664717348928,-,95.5,5.867892971263252,0.0,0.14306285779287203
b4047,yjbL,0,0,252,0.0,0.2896825396825397,+,0.238,0.5135457257370168,0.0,0.1433657671880615
b4048,yjbM,0,0,705,0.0,0.3673758865248226,+,0.053,1.1652774890331516,0.0,0.14358293124947755
b4049,dusA,0,0,990,0.0,0.5444444444444444,+,38.5,5.883829226188615,0.0,0.14412497964086923
b4050,pspG,0,0,240,0.0,0.5041666666666667,+,0.22,3.903943015507577,0.0,0.14444857132762215
b4051,qorA,0,0,981,0.0,0.5321100917431193,-,727.0,7.021155934788382,0.0,0.1447837968033795
b4052,dnaB,0,0,1413,0.0,0.5392781316348195,+,30.7,7.043673444437085,1.0,0.1453361863405529
b4053,alr,0,0,1077,0.0,0.5608170844939647,+,19.6,6.165623950077828,0.0,0.14589633173706257
b4054,tyrB,0,0,1191,0.0,0.5289672544080605,+,322.0,7.848478798953335,0.0,0.14649482554917947
b4055,aphA,0,0,711,0.0,0.4950773558368495,+,92.4,4.338840319587784,0.0,0.14738244056211022
b4056,yjbQ,0,0,414,0.0,0.5217391304347826,+,33.3,7.130312848583335,0.0,0.14767371616829525
b4057,yjbR,0,0,354,0.0,0.5056497175141242,+,313.0,6.623143176533574,0.0,0.14784175978724817
b4058,uvrA,1,1,2820,0.000354609929078,0.5613475177304964,-,78.1,6.292683582829028,0.0,0.14854151065181104
b4059,ssb,0,0,534,0.0,0.5823970037453183,+,595.0,8.29278702722258,1.0,0.1493744037683135
b4060,yjcB,0,0,279,0.0,0.5268817204301075,-,,6.643451203909187,0.0,0.1495928604729523
b4061,yjcC,0,0,1584,0.0,0.4482323232323232,+,0.405,3.8185429894975274,0.0,0.15018058225821324
b4062,soxS,0,0,321,0.0,0.514018691588785,-,2.73,6.571779757035404,0.0,0.1505929354462592
b4063,soxR,0,0,462,0.0,0.5238095238095238,+,3.01,4.196919099550951,0.0,0.15079975836189358
b4064,yjcD,0,0,1347,0.0,0.5605048255382331,+,141.0,6.382908563706655,0.0,0.15142539768168747
b4065,yjcE,0,0,1647,0.0,0.5591985428051002,+,3.76,5.42171551646985,0.0,0.15213678233525477
b4066,yjcF,0,0,1290,0.0,0.3294573643410852,-,3.51,1.026445555499491,0.0,0.1528369640808919
b4067,actP,0,0,1647,0.0,0.5585913782635095,-,114.0,3.6599269309099136,0.0,0.15354705609123648
b4068,yjcH,0,0,312,0.0,0.4935897435897436,-,151.0,3.954876619328552,0.0,0.1539688886629157
b4069,acs,1,1,1956,0.0005112474437627,0.5695296523517382,-,1592.0,5.58013189444309,0.0,0.15454454577809798
b4070,nrfA,0,0,1434,0.0,0.5237099023709902,+,36.2,3.3079630614844886,0.0,0.15544508722325587
b4071,nrfB,0,0,564,0.0,0.5407801418439716,+,19.8,2.263262908303453,0.0,0.15589578882690905
b4072,nrfC,0,0,669,0.0,0.5799701046337817,+,18.4,1.5870064817201257,0.0,0.15616078068756556
b4073,nrfD,0,0,954,0.0,0.5775681341719078,+,12.1,1.7354160294504746,0.0,0.15651022523877275
b4074,nrfE,0,0,1656,0.0,0.5742753623188406,+,0.1,1.3979355063904149,0.0,0.15710785728874116
b4075,nrfF,0,0,381,0.0,0.5249343832020997,+,,1.844069366569267,0.0,0.1575443398169445
b4076,nrfG,0,0,594,0.0,0.5202020202020202,+,,1.940728001928675,0.0,0.1577541789000985
b4077,gltP,0,0,1311,0.0,0.5339435545385202,+,4.03,5.420012948098779,0.0,0.15831260077231124
b4078,yjcO,0,0,687,0.0,0.4992721979621543,-,0.157,6.465949030341789,0.0,0.15902053837728464
b4079,fdhF,0,0,2145,0.0,0.5445221445221445,-,72.6,4.276210684163871,0.0,0.15967203056153284
b4080,mdtP,0,0,1464,0.0,0.5587431693989071,-,0.555,1.1620980549039266,0.0,0.16053594711538047
b4081,mdtO,0,0,2049,0.0,0.5456320156173743,-,0.815,0.8088328171351494,0.0,0.16129214340066855
b4082,mdtN,0,0,1029,0.0,0.5607385811467445,-,0.453,0.6182302144882307,0.0,0.16195613113606966
b4083,yjcS,0,0,1983,0.0,0.5300050428643469,-,0.135,0.7415323190607792,0.0,0.16282263297636274
b4084,alsK,0,0,927,0.0,0.5501618122977346,-,1.28,2.550650728695773,0.0,0.16356805723479487
b4085,alsE,0,0,693,0.0,0.4935064935064935,-,1.15,2.5163213873623254,0.0,0.16391103856988848
b4086,alsC,0,0,978,0.0,0.5265848670756647,-,0.303,1.3446992874849668,0.0,0.16427685660191674
b4087,alsA,0,0,1530,0.0,0.4803921568627451,-,9.0,1.03167931001386,0.0,0.16480899472860094
b4088,alsB,0,0,933,0.0,0.4866023579849946,-,42.8,2.8596824792063984,0.0,0.16539499298956492
b4089,rpiR,0,0,888,0.0,0.4763513513513513,-,7.52,5.345199745203154,0.0,0.16581380939372448
b4090,rpiB,0,0,447,0.0,0.5033557046979866,+,58.8,3.454704812108824,0.0,0.16625675513804136
b4092,phnP,0,0,756,0.0,0.593915343915344,-,2.04,4.145681371559875,0.0,0.1667518374923411
b4093,phnO,0,0,432,0.0,0.5833333333333334,-,9.43,4.6878329971728006,0.0,0.16700950437473555
b4094,phnN,0,0,555,0.0,0.6036036036036037,-,4.3,2.610659664351377,0.0,0.16721718905251837
b4095,phnM,0,0,1134,0.0,0.6137566137566137,-,0.886,0.9093363751277818,0.0,0.16758214532239815
b4096,phnL,0,0,678,0.0,0.6032448377581121,-,0.7,1.0297142755361235,0.0,0.16797209269458374
b4097,phnK,0,0,756,0.0,0.6150793650793651,-,14.8,0.7262356142608777,0.0,0.16832972398620147
b4098,phnJ,0,0,843,0.0,0.5836298932384342,-,2.68,0.6420745600601198,0.0,0.16867356708344355
b4099,phnI,0,0,1062,0.0,0.628060263653484,-,,0.5443799767961159,0.0,0.1690820423418214
b4100,phnH,0,0,582,0.0,0.6099656357388317,-,,0.5040816150782461,0.0,0.1694370883469937
b4101,phnG,0,0,450,0.0,0.6288888888888889,-,1.67,0.3582614592684216,0.0,0.1696589921002264
b4102,phnF,0,0,723,0.0,0.6196403872752421,-,0.473,0.4744809102704603,0.0,0.1699127810529527
b4104,phnE,0,0,795,0.0,0.6251572327044025,-,,,,0.1702475756476358
b4105,phnD,0,0,1014,0.0,0.5562130177514792,-,8.2,0.997533880756346,0.0,0.17068190377046794
b4106,phnC,0,0,786,0.0,0.5865139949109415,-,0.208,0.6442592009266688,0.0,0.17108133052628677
b4107,yjdN,0,0,441,0.0,0.5192743764172335,-,285.0,5.415717193044488,0.0,0.17140362956981695
b4108,yjdM,0,0,333,0.0,0.4654654654654654,-,441.0,6.800961883422275,0.0,0.17185476205454436
b4109,yjdA,2,1,2226,0.0008984725965858,0.5148247978436657,+,3.11,3.923040125011484,0.0,0.1725799349024873
b4110,yjcZ,1,1,876,0.0011415525114155,0.5707762557077626,+,60.0,3.4532688097098774,0.0,0.17324780056755656
b4111,proP,0,0,1500,0.0,0.5053333333333333,+,74.3,8.167674539325214,0.0,0.17387430164949894
b4112,basS,0,0,1089,0.0,0.5436179981634527,-,6.54,4.405566200451421,0.0,0.17450898947185184
b4113,basR,0,0,666,0.0,0.5345345345345346,-,88.9,5.388207749367462,0.0,0.17489247362792384
b4114,eptA,0,0,1641,0.0,0.4948202315661182,-,0.623,2.703030088958524,0.0,0.1753888486254463
b4115,adiC,0,0,1335,0.0,0.5385767790262173,-,9.78,1.839228095991073,0.0,0.17607567305778202
b4116,adiY,0,0,759,0.0,0.4137022397891963,-,0.03,2.923433257891191,0.0,0.17658669801182855
b4117,adiA,0,0,2265,0.0,0.5275938189845475,-,25.1,2.0089445141147806,0.0,0.17737908830735263
b4118,melR,0,0,906,0.0,0.5044150110375276,-,0.465,3.927276415873023,0.0,0.17814907278701636
b4119,melA,0,0,1353,0.0,0.5254988913525499,+,59.3,3.148887467125034,0.0,0.1787583386259892
b4120,melB,0,0,1419,0.0,0.4587737843551797,+,1.23,2.646474115214734,0.0,0.1794007823076784
b4121,yjdF,0,0,627,0.0,0.5518341307814992,-,,4.165187769607642,0.0,0.17990232787809168
b4122,fumB,0,0,1644,0.0,0.5474452554744526,-,144.0,2.7995013123093453,0.0,0.18044523803163184
b4123,dcuB,0,0,1338,0.0,0.523916292974589,-,49.1,2.655939544084883,0.0,0.1811221521992601
b4124,dcuR,0,0,717,0.0,0.4951185495118549,-,11.0,5.214487243988395,0.0,0.18181156191804124
b4125,dcuS,0,0,1629,0.0,0.4996930632289748,-,0.135,4.785088588805267,0.0,0.18231655453704845
b4126,yjdI,0,0,228,0.0,0.4956140350877193,+,11.9,5.481639010142814,0.0,0.18279569429160136
b4127,yjdJ,0,0,270,0.0,0.4111111111111111,+,41.5,6.224769952137956,0.0,0.182909016014126
b4128,yjdK,0,0,294,0.0,0.3503401360544217,+,0.969,3.5299107656507624,0.0,0.18312919624306173
b4129,lysU,0,0,1515,0.0,0.4752475247524752,-,404.0,6.038076066607556,0.0,0.1836574564400778
b4130,yjdL,0,0,1455,0.0,0.5120274914089347,-,,2.8700479627720585,0.0,0.18440029541206449
b4131,cadA,0,0,2145,0.0,0.4764568764568764,-,78.6,1.229241431282032,0.0,0.18520216509122184
b4132,cadB,0,0,1332,0.0,0.4954954954954955,-,5.41,0.6693395089356083,0.0,0.18598679952740962
b4133,cadC,0,0,1536,0.0,0.4205729166666667,-,0.885,2.830067286720221,0.0,0.18676281634211267
b4135,yjdC,0,0,573,0.0,0.5322862129144852,-,242.0,7.640913101055742,0.0,0.18756210073482457
b4136,dsbD,0,0,1695,0.0,0.5445427728613569,-,2.04,5.462559889999182,0.0,0.18806752423490602
b4137,cutA,0,0,336,0.0,0.5029761904761905,-,52.1,6.338506574692427,0.0,0.18849582002269882
b4138,dcuA,0,0,1299,0.0,0.527328714395689,-,183.0,7.736543404874012,0.0,0.18889869382711155
b4139,aspA,0,0,1434,0.0,0.4930264993026499,-,1739.0,6.3854215466456425,0.0,0.1895394139845038
b4140,fxsA,0,0,474,0.0,0.4767932489451477,+,3.85,5.277661114372751,0.0,0.1900965432134938
b4141,yjeH,0,0,1254,0.0,0.5239234449760766,-,0.033,5.24623231105364,0.0,0.19047658032097192
b4142,groS,0,0,291,0.0,0.4914089347079037,+,4201.0,10.156466979175953,1.0,0.19092900544892205
b4143,groL,0,0,1644,0.0,0.5298053527980535,+,6197.0,10.069652397319215,1.0,0.19136591885819962
b4144,yjeI,0,0,351,0.0,0.5555555555555556,+,537.0,8.843413851266781,0.0,0.19185583063960848
b4145,yjeJ,0,0,867,0.0,0.4532871972318339,-,3.2,2.904850376848387,0.0,0.1922065678340384
b4146,epmB,0,0,1026,0.0,0.5282651072124757,-,2.07,6.327310325077117,0.0,0.19278567199781457
b4147,efp,0,0,564,0.0,0.4964539007092198,+,983.0,9.569477717479522,1.0,0.19314718121910043
b4148,sugE,0,0,315,0.0,0.5365079365079365,+,,5.914855519676106,0.0,0.19360003722812483
b4149,blc,0,0,531,0.0,0.5348399246704332,-,50.5,6.315795493746085,0.0,0.19378186904145334
b4150,ampC,0,0,1131,0.0,0.5030946065428824,-,5.37,4.387644563309443,0.0,0.19417914139190098
b4151,frdD,0,0,357,0.0,0.5490196078431373,-,20.2,5.408512317290272,0.0,0.1945277241809597
b4152,frdC,0,0,393,0.0,0.4961832061068702,-,79.4,5.573326136926652,0.0,0.19469490603776415
b4153,frdB,0,0,732,0.0,0.5382513661202186,-,502.0,5.890586593380789,0.0,0.19494309353652536
b4154,frdA,2,1,1806,0.0011074197120708,0.5642303433001108,-,375.0,6.248919760754794,0.0,0.19548772721436247
b4155,epmA,0,0,975,0.0,0.5282051282051282,+,10.4,4.835421836674732,0.0,0.1962275500188295
b4156,yjeM,0,0,1500,0.0,0.472,+,,2.1806268755992853,0.0,0.19685620550614308
b4157,yjeN,0,0,312,0.0,0.5032051282051282,+,,2.078463491690985,0.0,0.19726985133741176
b4158,yjeO,0,0,312,0.0,0.4807692307692308,+,,2.387867839208561,0.0,0.19740385535149985
b4159,mscM,0,0,3321,0.0,0.5579644685335742,-,1.01,4.617826547024195,0.0,0.19819969269561785
b4160,psd,0,0,966,0.0,0.5362318840579711,-,306.0,7.470345137900002,1.0,0.1991338428645663
b4161,rsgA,0,0,1050,0.0,0.54,-,89.9,7.71280666103658,1.0,0.19961082821374804
b4162,orn,0,0,543,0.0,0.5432780847145487,+,134.0,7.000502280288238,1.0,0.19999560501304278
b4166,queG,0,0,1137,0.0,0.5268249780123131,-,0.789,4.9663223514971735,,0.20069406323438294
b4167,nnr,0,0,1545,0.0,0.5715210355987055,+,27.0,6.18193793268823,0.0,0.20127230563601062
b4168,tsaE,0,0,459,0.0,0.5272331154684096,+,110.0,6.1234334605636445,1.0,0.20169284556446712
b4169,amiB,0,0,1335,0.0,0.552059925093633,+,3.61,6.005499476950264,0.0,0.20208839439061782
b4170,mutL,0,0,1845,0.0,0.5631436314363144,+,9.65,6.093272776859751,0.0,0.20277866587154747
b4171,miaA,0,0,948,0.0,0.5348101265822784,+,10.3,9.207044902507285,0.0,0.20337845232688706
b4172,hfq,0,0,306,0.0,0.4934640522875817,+,787.0,10.446660632549673,0.0,0.2036865322949674
b4173,hflX,0,0,1278,0.0,0.539906103286385,+,86.3,8.462444746538054,0.0,0.20406139882955465
b4174,hflK,0,0,1257,0.0,0.5632458233890215,+,384.0,8.78444033725733,0.0,0.20464524268514744
b4175,hflC,0,0,1002,0.0,0.5319361277445109,+,276.0,8.599776794968392,0.0,0.20513429270440783
b4176,yjeT,0,0,195,0.0,0.4923076923076923,+,0.031,4.430721301184325,0.0,0.20542815359703828
b4177,purA,0,0,1296,0.0,0.5401234567901234,+,2414.0,10.17142120175622,0.0,0.20579526427228925
b4178,nsrR,0,0,423,0.0,0.4846335697399527,+,29.2,6.43479602465217,,0.2062545834974272
b4179,rnr,0,0,2439,0.0,0.5530955309553095,+,158.0,7.186655529534503,0.0,0.20688884043870587
b4180,rlmB,0,0,729,0.0,0.5651577503429356,+,79.3,6.424940899038736,0.0,0.2076497764158106
b4181,yjfI,0,0,399,0.0,0.3884711779448621,+,,1.4964267774708042,0.0,0.20794837700025767
b4182,yjfJ,0,0,696,0.0,0.5158045977011494,+,2.38,1.333433937707022,0.0,0.20819354833149922
b4183,yjfK,0,0,657,0.0,0.4764079147640791,+,5.04,1.2292858039934498,0.0,0.20850766063461887
b4184,yjfL,0,0,396,0.0,0.4393939393939394,+,,1.0539243389803394,0.0,0.20874335258222718
b4185,yjfM,0,0,636,0.0,0.4921383647798742,+,,1.218441784125556,0.0,0.20897085778942498
b4186,yjfC,1,1,1161,0.0008613264427217,0.5305770887166236,+,0.029,1.5381552701723056,0.0,0.2093599433994621
b4187,aidB,0,0,1623,0.0,0.5440542205791744,+,10.0,5.296631125281997,0.0,0.20999678562718618
b4188,yjfN,0,0,273,0.0,0.5128205128205128,-,2.02,4.761460572563697,0.0,0.21045653573339837
b4189,bsmA,0,0,327,0.0,0.4923547400611621,-,23.0,5.628518505350902,0.0,0.2106508630978798
b4190,yjfP,0,0,747,0.0,0.5341365461847389,+,10.7,4.889819945267242,0.0,0.21096152835240556
b4191,ulaR,0,0,753,0.0,0.5086321381142098,-,8.7,4.930561116625641,0.0,0.21128425827701
b4192,ulaG,0,0,1062,0.0,0.5235404896421846,-,64.4,2.7951530041997312,0.0,0.21172289521058452
b4193,ulaA,0,0,1395,0.0,0.5318996415770609,+,,1.38849307714801,0.0,0.21240584171325208
b4194,ulaB,0,0,303,0.0,0.5115511551155115,+,69.1,2.246945584679347,0.0,0.21277941560461663
b4195,ulaC,0,0,462,0.0,0.5432900432900433,+,23.7,2.410033804606455,0.0,0.21294961362894074
b4196,ulaD,0,0,648,0.0,0.5740740740740741,+,17.0,3.173976784134265,0.0,0.21319564672233077
b4197,ulaE,0,0,852,0.0,0.5692488262910798,+,3.83,2.65980989451464,0.0,0.2135239781009003
b4198,ulaF,0,0,684,0.0,0.5730994152046783,+,12.4,2.7229154397417563,0.0,0.2138557565280637
b4199,yjfY,0,0,273,0.0,0.4615384615384615,-,,4.310617302821782,0.0,0.21411859398334904
b4200,rpsF,0,0,393,0.0,0.5292620865139949,+,4020.0,11.468688349220102,0.0,0.21440383725449474
b4201,priB,0,0,312,0.0,0.5256410256410257,+,1.49,11.132776968463991,0.0,0.21455981620336897
b4202,rpsR,0,0,225,0.0,0.5333333333333333,+,4081.0,11.179264296220309,1.0,0.2146783084987845
b4203,rplI,0,0,447,0.0,0.5011185682326622,+,4654.0,11.01322978097256,0.0,0.21484204330699502
b4204,yjfZ,0,0,792,0.0,0.4255050505050505,-,0.085,2.0481444117139067,0.0,0.2151406438914421
b4205,ytfA,0,0,399,0.0,0.3934837092731829,+,,0.7211809988277923,0.0,0.2155150795449551
b4206,ytfB,0,0,636,0.0,0.5581761006289309,-,72.7,7.418166876932971,0.0,0.2157322436063712
b4207,fklB,0,0,618,0.0,0.5598705501618123,+,831.0,8.040031005026272,0.0,0.21609719987625095
b4208,cycA,0,0,1410,0.0,0.5269503546099291,+,138.0,7.221140099291163,0.0,0.2166681172996166
b4209,ytfE,0,0,660,0.0,0.5318181818181819,-,15.6,2.4517856885525,0.0,0.21713433062194237
b4210,ytfF,0,0,963,0.0,0.5565939771547248,-,0.417,3.749401752767827,0.0,0.21753117209131576
b4211,qorB,1,1,858,0.0011655011655011,0.5431235431235432,-,35.8,4.2933336689198685,0.0,0.21797110166811298
b4212,ytfH,0,0,378,0.0,0.5661375661375662,+,0.851,4.36476641049772,0.0,0.2182765963497479
b4213,cpdB,1,1,1941,0.0005151983513652,0.4956208140133951,-,114.0,5.264431773663574,0.0,0.2188324329355152
b4214,cysQ,0,0,738,0.0,0.55420054200542,+,386.0,6.841372518362862,0.0,0.21949254274124816
b4215,ytfI,0,0,936,0.0,0.3621794871794871,+,7.4,1.7726594774975013,0.0,0.21994539875027252
b4216,ytfJ,0,0,552,0.0,0.5271739130434783,-,380.0,3.5152955921440565,0.0,0.22029398153933125
b4217,ytfK,0,0,204,0.0,0.4411764705882353,+,5.53,8.11296732170742,0.0,0.2205977526966692
b4218,ytfL,1,1,1341,0.0007457121551081,0.5085756897837435,-,5.92,5.277021711410847,0.0,0.2209652942529944
b4219,msrA,0,0,636,0.0,0.5455974842767296,-,403.0,7.400008032886272,0.0,0.22153147198454343
b4220,tamA,0,0,1731,0.0,0.5337954939341422,+,15.2,6.143932532166551,0.0,0.2221308275588088
b4221,tamB,1,1,3777,0.0002647603918453,0.5501720942546995,+,4.47,5.78957773468921,0.0,0.22331704315618664
b4222,ytfP,0,0,339,0.0,0.5191740412979351,+,104.0,8.583412497780067,0.0,0.2242059508123401
b4224,chpS,0,0,249,0.0,0.5100401606425703,+,,4.817225179718012,0.0,0.2244248383980531
b4225,chpB,1,1,348,0.0028735632183908,0.5431034482758621,+,0.923,4.675226654337954,0.0,0.22455194831495337
b4226,ppa,0,0,528,0.0,0.5151515151515151,-,2988.0,10.69286510418527,1.0,0.22477600647355725
b4227,ytfQ,0,0,954,0.0,0.4989517819706499,+,597.0,4.058643994275342,0.0,0.22522972424473012
b4230,ytfT,0,0,1023,0.0,0.5777126099706745,+,0.102,2.045518967291866,0.0,0.22636854292394173
b4231,yjfF,1,1,993,0.0010070493454179,0.5196374622356495,+,,2.7525509670183537,0.0,0.22679813135495724
b4232,fbp,0,0,996,0.0,0.5160642570281124,-,359.0,7.797930139927251,0.0,0.2272419388614226
b4233,mpl,0,0,1371,0.0,0.5543398978847557,+,116.0,7.193278870940751,0.0,0.22782836800346085
b4234,yjgA,0,0,549,0.0,0.5318761384335154,-,524.0,7.7514841197767215,0.0,0.22831009304445918
b4235,pmbA,0,0,1350,0.0,0.5437037037037037,+,294.0,6.957528204763603,0.0,0.22876079464811236
b4236,cybC,0,0,363,0.0,0.4986225895316804,+,,,0.0,0.22920761832209738
b4237,nrdG,0,0,462,0.0,0.5108225108225108,-,4.38,4.080589966085144,0.0,0.22940582361624698
b4238,nrdD,0,0,2136,0.0,0.5360486891385767,-,39.3,5.340821977496223,0.0,0.23003447910356054
b4239,treC,0,0,1653,0.0,0.5317604355716878,-,27.3,2.4491263901929963,0.0,0.23102119676356608
b4240,treB,0,0,1419,0.0,0.5447498238195913,-,31.6,2.9502183997661016,0.0,0.2317054359094564
b4241,treR,0,0,945,0.0,0.5386243386243387,-,3.81,5.05091567615525,0.0,0.23226687394918877
b4242,mgtA,1,1,2694,0.0003711952487008,0.5252412769116556,+,13.0,5.110005206338874,0.0,0.2332152431935871
b4243,ridA,0,0,384,0.0,0.5338541666666666,-,3810.0,10.102448541741968,0.0,0.2339679924302813
b4244,pyrI,0,0,459,0.0,0.4880174291938998,-,2118.0,9.67147149814928,0.0,0.23418170944310346
b4245,pyrB,0,0,933,0.0,0.5391211146838156,-,2146.0,9.60619283640255,0.0,0.23448806588688684
b4246,pyrL,0,0,132,0.0,0.5151515151515151,-,,5.404288106389552,0.0,0.23472031078590122
b4248,yjgH,0,0,393,0.0,0.4758269720101781,-,6.62,4.984064621746007,,0.23495514097136105
b4249,bdcA,0,0,711,0.0,0.5457102672292545,-,0.002,2.717580885864491,0.0,0.23525029450721424
b4251,bdcR,0,0,591,0.0,0.4923857868020304,+,5.27,4.967732336366962,,0.2355622524049627
b4252,tabA,0,0,450,0.0,0.5022222222222222,+,285.0,6.815615947205189,0.0,0.23585008096255386
b4253,yjgL,0,0,1812,0.0,0.3222958057395143,+,2.63,3.1371197038845926,0.0,0.23639126759179707
b4254,argI,0,0,1002,0.0,0.5229540918163673,-,239.0,6.732835770969269,0.0,0.23702250836555605
b4255,rraB,0,0,414,0.0,0.4927536231884058,+,1407.0,9.432350074898284,0.0,0.2373982366622918
b4256,yjgM,0,0,501,0.0,0.5229540918163673,-,27.8,6.086896008979576,0.0,0.23765848883113166
b4257,yjgN,1,1,1194,0.0008375209380234,0.371859296482412,+,,1.4474291328245887,0.0,0.23810789779156213
b4258,valS,1,1,2853,0.0003505082369435,0.5464423413950228,-,410.0,8.372000850243552,1.0,0.2390045613070519
b4259,holC,0,0,441,0.0,0.54421768707483,-,14.8,7.1897655077006215,0.0,0.2397150841984707
b4260,pepA,0,0,1509,0.0,0.5540092776673293,-,296.0,8.26414273920679,0.0,0.24020499597987957
b4261,lptF,0,0,1098,0.0,0.5482695810564663,+,27.0,6.212785659851984,1.0,0.2408827719096563
b4262,lptG,0,0,1080,0.0,0.5444444444444444,+,25.5,6.300316908772907,1.0,0.2413528631616502
b4263,yjgR,0,0,1500,0.0,0.5386666666666666,-,95.3,5.456067474069172,0.0,0.24197893336251836
b4264,idnR,0,0,996,0.0,0.4708835341365462,-,2.49,5.125604229772486,0.0,0.24255114342910672
b4265,idnT,0,0,1317,0.0,0.5064540622627183,-,26.2,3.379306427552575,0.0,0.24307897274504853
b4266,idnO,0,0,762,0.0,0.4960629921259842,-,5.44,2.348734814810997,0.0,0.24355466545100754
b4267,idnD,0,0,1029,0.0,0.4752186588921283,-,0.097,1.9844941521492128,0.0,0.24395150692038092
b4268,idnK,0,0,561,0.0,0.4349376114081996,+,0.18,2.236734545470922,0.0,0.2443884203296585
b4269,yjgB,1,1,1017,0.0009832841691248,0.5565388397246804,-,71.6,5.835023962373692,0.0,0.2447309707836779
b4271,intB,0,0,1263,0.0,0.4584323040380047,+,,5.331837018754821,0.0,0.24542382755105294
b4272,insC1,0,0,363,0.0,0.5344352617079889,+,0.649,2.0149398828452334,,0.2459180481432042
b4273,insD1,0,0,903,0.0,0.5514950166112956,+,2.86,1.199185713466238,,0.24617356062022747
b4277,yjgZ,0,0,327,0.0,0.5871559633027523,+,,0.5835413687923157,0.0,0.24719776493369172
b4278,insG,0,0,1326,0.0,0.5429864253393665,-,3.01,4.492000224907875,0.0,0.24777643821639364
b4279,yjhB,1,1,1215,0.0008230452674897,0.362962962962963,+,0.014,3.315164191179285,0.0,0.24859468137637203
b4280,yjhC,0,0,1116,0.0,0.3879928315412186,+,17.4,4.283234991532463,0.0,0.24910312104397314
b4281,yjhD,0,0,228,0.0,0.4824561403508772,-,,3.8750944328788783,0.0,0.24948875960541636
b4282,yjhE,0,0,246,0.0,0.491869918699187,+,,2.123878982443409,0.0,0.24959389458753048
b4284,insI1,0,0,1149,0.0,0.4586597040905135,-,1.33,6.038597690831822,,0.25004890500192606
b4286,yjhV,0,0,327,0.0,0.5443425076452599,+,,1.7542992039586922,0.0,0.2508792128319831
b4287,fecE,0,0,765,0.0,0.5411764705882353,-,1.65,4.248420471577192,0.0,0.2513553364190163
b4288,fecD,0,0,954,0.0,0.59958071278826,-,0.08,2.889560607425092,0.0,0.2517271867860839
b4289,fecC,0,0,996,0.0,0.607429718875502,-,0.094,2.6359705477384163,0.0,0.25214686495239197
b4290,fecB,0,0,900,0.0,0.5777777777777777,-,2.48,4.375803440378233,0.0,0.25255490932969554
b4291,fecA,0,0,2322,0.0,0.5857019810508183,-,18.1,4.294638863760053,0.0,0.2532693101507825
b4292,fecR,1,1,951,0.0010515247108307,0.5920084121976866,-,1.97,5.655949292675458,0.0,0.25401258000384347
b4293,fecI,0,0,519,0.0,0.5472061657032755,-,1.48,6.697517228110168,0.0,0.2543288467123343
b4294,insA,0,0,273,0.0,0.5347985347985348,+,0.059,5.3633274564465445,,0.2546261546535587
b4295,yjhU,0,0,984,0.0,0.5050813008130082,-,57.7,6.818767271823284,0.0,0.2551289928671947
b4296,yjhF,0,0,1347,0.0,0.4914625092798812,-,,1.6101871044413485,0.0,0.2557813468135914
b4297,yjhG,0,0,1965,0.0,0.5455470737913486,-,1.52,3.0704914874025278,0.0,0.2565418519096218
b4298,yjhH,1,1,903,0.0011074197120708,0.5271317829457365,-,1.18,2.227979581045976,0.0,0.2571653368240445
b4299,yjhI,0,0,786,0.0,0.4083969465648855,-,0.478,1.4055221757074796,0.0,0.2575324474992955
b4300,sgcR,0,0,780,0.0,0.4974358974358974,-,0.099,3.3379868005262736,0.0,0.2580012461080667
b4301,sgcE,0,0,630,0.0,0.5571428571428572,-,0.788,3.1794840671449283,0.0,0.25831320400581514
b4302,sgcA,0,0,429,0.0,0.5477855477855478,-,49.9,3.632980459917059,0.0,0.2585471724291265
b4303,sgcQ,0,0,804,0.0,0.5348258706467661,-,189.0,2.7144884511880094,0.0,0.2588703332348052
b4304,sgcC,0,0,1311,0.0,0.5186880244088482,-,4.64,2.266556969344545,0.0,0.2593322377463886
b4305,sgcX,0,0,1119,0.0,0.5245755138516532,-,132.0,2.0522986979585416,0.0,0.25998028288204283
b4306,yjhP,0,0,744,0.0,0.5981182795698925,-,0.343,2.430312050141864,0.0,0.2607213983297326
b4307,yjhQ,0,0,543,0.0,0.5543278084714549,-,,2.456678704318723,0.0,0.2610234459627736
b4308,yjhR,0,0,1239,0.0,0.4406779661016949,+,,2.2728939899076344,0.0,0.26184212000382623
b4309,nanS,1,1,978,0.0010224948875255,0.4877300613496932,-,0.815,2.7503335573778087,0.0,0.26257160166251153
b4310,nanM,0,0,1104,0.0,0.4429347826086957,-,11.9,4.481606007366488,0.0,0.26304901789276747
b4311,nanC,1,1,714,0.0014005602240896,0.4299719887955182,-,1.02,1.858110032805724,0.0,0.26345016817288325
b4312,fimB,0,0,600,0.0,0.435,+,5.53,6.309887029370819,0.0,0.26436148164489714
b4313,fimE,0,0,594,0.0,0.4696969696969697,+,1.2,3.3748440384557408,0.0,0.2648255405618517
b4314,fimA,0,0,546,0.0,0.5201465201465202,+,57.6,10.686633168056233,0.0,0.2652796892140988
b4315,fimI,0,0,537,0.0,0.4953445065176908,+,0.162,7.0291904034774255,0.0,0.26554166490723563
b4316,fimC,0,0,723,0.0,0.4467496542185339,+,19.5,5.742458572295739,0.0,0.26582992434590097
b4317,fimD,0,0,2634,0.0,0.486712224753227,+,1.57,4.291968670224189,0.0,0.2665831044636694
b4318,fimF,0,0,528,0.0,0.4981060606060606,+,0.197,4.084479367551475,0.0,0.2672694980149309
b4319,fimG,0,0,501,0.0,0.5249500998003992,+,0.49,4.487129246270402,0.0,0.2674974341032029
b4320,fimH,0,0,900,0.0,0.5033333333333333,+,0.735,4.663128312886285,0.0,0.2678089611198771
b4321,gntP,0,0,1341,0.0,0.5316927665920954,-,0.03,2.0676753040527567,0.0,0.26839711378621234
b4322,uxuA,0,0,1182,0.0,0.544839255499154,+,200.0,4.391615836324643,0.0,0.2690882470292904
b4323,uxuB,0,0,1458,0.0,0.5775034293552812,+,56.1,3.914652753250176,0.0,0.2696927731764467
b4324,uxuR,0,0,771,0.0,0.5369649805447471,+,2.71,6.0333139012598,0.0,0.27026627588625773
b4325,yjiC,0,0,828,0.0,0.4033816425120773,-,,0.8275213446227127,0.0,0.27067259673926436
b4326,iraD,1,1,390,0.0025641025641025,0.4923076923076923,+,0.99,4.521812535809678,0.0,0.27122584803858624
b4327,yjiE,0,0,909,0.0,0.5137513751375138,-,2.33,4.542234324645147,0.0,0.2715033354503957
b4328,iadA,0,0,1170,0.0,0.5675213675213675,-,40.7,5.603321814761025,0.0,0.2719803207995774
b4329,yjiG,0,0,459,0.0,0.5359477124183006,-,0.764,3.3873668979192684,0.0,0.2723375212101209
b4330,yjiH,0,0,681,0.0,0.5315712187958884,-,,1.7196416714856213,0.0,0.2725826925413624
b4331,kptA,0,0,552,0.0,0.5108695652173914,+,0.688,3.968617590945228,0.0,0.27295712819487544
b4332,yjiJ,1,1,1176,0.0008503401360544,0.5357142857142857,-,,2.787448316783045,0.0,0.27333587265913084
b4333,yjiK,0,0,858,0.0,0.4277389277389277,-,9.81,2.7892280678705066,0.0,0.27380424038682777
b4334,yjiL,0,0,765,0.0,0.5660130718954248,-,0.296,2.31449363508604,0.0,0.27429199776286545
b4335,yjiM,0,0,1149,0.0,0.5369886858137511,-,2.12,3.1524989755187383,0.0,0.2747095215238023
b4336,yjiN,0,0,1278,0.0,0.52660406885759,-,5.29,4.408697651343929,0.0,0.2752834551146876
b4337,mdtM,0,0,1230,0.0,0.5382113821138211,-,0.211,3.5888099722196887,0.0,0.2758423078679746
b4339,yjiP,0,0,918,0.0,0.4901960784313725,+,,,,0.276512327938415
b4340,yjiR,0,0,1410,0.0,0.5517730496453901,-,0.394,4.239148418295301,0.0,0.2771198702530909
b4341,yjiS,0,0,162,0.0,0.5617283950617284,+,0.209,0.8596048481367929,0.0,0.2775356704897308
b4342,yjiT,0,0,1503,0.0,0.4437791084497671,+,,5.614844874630744,0.0,0.27810960408061614
b4345,mcrC,0,0,1044,0.0,0.3754789272030651,-,3.04,3.1990027834472627,0.0,0.27994946626761336
b4346,mcrB,0,0,1377,0.0,0.4037763253449528,-,0.898,4.955984202360056,0.0,0.28047169412959005
b4347,symE,0,0,339,0.0,0.56047197640118,-,,3.103137822715897,0.0,0.28091205458746155
b4348,hsdS,1,1,1392,0.0007183908045977,0.4044540229885057,-,2.63,4.943796085786287,0.0,0.28138430024482664
b4349,hsdM,1,1,1587,0.0006301197227473,0.5488342785129174,-,33.3,5.757753624683805,0.0,0.2820254512832931
b4350,hsdR,0,0,3510,0.0,0.5393162393162393,-,15.2,6.035772394199532,0.0,0.2832112359995967
b4351,mrr,0,0,912,0.0,0.506578947368421,+,8.37,5.641672165029269,0.0,0.28424578145884266
b4352,yjiA,0,0,954,0.0,0.5482180293501048,-,40.0,6.1396897409607085,0.0,0.28466847579267035
b4353,yjiX,0,0,201,0.0,0.5124378109452736,-,0.293,6.004856081120927,0.0,0.28492269562647093
b4354,yjiY,1,1,2148,0.0004655493482309,0.5614525139664804,-,86.0,3.509688993822139,0.0,0.2854513867045612
b4355,tsr,1,1,1653,0.0006049606775559,0.5474894131881428,+,133.0,4.402805331502674,0.0,0.28643379555382437
b4356,yjjL,0,0,1359,0.0,0.5209713024282561,-,0.038,2.492334931599346,0.0,0.28710467738641327
b4357,yjjM,0,0,912,0.0,0.4758771929824561,-,0.416,2.5368186771784127,0.0,0.2876876594798576
b4358,yjjN,0,0,1020,0.0,0.5088235294117647,+,1.05,1.1223076344091818,0.0,0.2881646448290393
b4359,opgB,0,0,2289,0.0,0.5207514198339886,-,3.79,5.412724529818293,0.0,0.2889376454762227
b4360,yjjA,0,0,492,0.0,0.5060975609756098,-,83.4,6.29116435539356,0.0,0.28964730660549304
b4361,dnaC,1,1,735,0.001360544217687,0.507482993197279,-,7.68,5.788819981686001,1.0,0.2899334116387872
b4362,dnaT,0,0,537,0.0,0.5735567970204841,-,7.48,6.259464889276457,1.0,0.2902096064073739
b4363,yjjB,0,0,471,0.0,0.5138004246284501,-,,3.1852979864023783,0.0,0.29047373650588193
b4364,yjjP,0,0,768,0.0,0.5169270833333334,-,2.2,4.021649225710511,0.0,0.29073786660439
b4365,yjjQ,0,0,723,0.0,0.4508990318118949,+,,0.9899922545699678,0.0,0.2913264501517994
b4366,bglJ,1,1,675,0.0014814814814814,0.4548148148148148,+,0.085,1.681167735796385,0.0,0.2916104007797224
b4367,fhuF,0,0,786,0.0,0.5318066157760815,-,13.4,9.04113754976271,0.0,0.2919426100879601
b4371,rsmC,0,0,1029,0.0,0.5587949465500486,-,67.5,5.983203458188975,0.0,0.2927677473451263
b4372,holD,0,0,411,0.0,0.5790754257907542,+,9.83,6.487771003876563,0.0,0.29312322423137277
b4373,rimI,0,0,444,0.0,0.527027027027027,+,4.08,6.502960522767165,0.0,0.2932951457799938
b4374,yjjG,0,0,675,0.0,0.5362962962962963,+,4.57,6.114821032984383,0.0,0.29354333327875504
b4375,prfC,0,0,1587,0.0,0.5412728418399496,+,139.0,7.165368963803101,0.0,0.29407073171362264
b4376,osmY,0,0,603,0.0,0.5190713101160862,+,896.0,9.59702598440932,0.0,0.2947127445142376
b4377,yjjU,0,0,1071,0.0,0.5396825396825397,+,9.75,5.244834153344854,0.0,0.2952509149759611
b4378,yjjV,1,1,777,0.0012870012870012,0.555984555984556,+,14.1,4.34033869928568,0.0,0.295648618207483
b4379,yjjW,0,0,861,0.0,0.5644599303135889,-,2.47,2.7247784980783054,0.0,0.29618334162061266
b4380,yjjI,1,1,1548,0.0006459948320413,0.5322997416020672,-,6.46,3.4252070891403776,0.0,0.2966913504071395
b4381,deoC,0,0,777,0.0,0.555984555984556,+,613.0,6.601190737703174,0.0,0.29730406329470627
b4382,deoA,0,0,1320,0.0,0.553030303030303,+,181.0,6.220916137301123,0.0,0.2978116412001589
b4383,deoB,0,0,1221,0.0,0.5438165438165438,+,723.0,8.196386757426858,0.0,0.2983821277424503
b4384,deoD,0,0,717,0.0,0.5258019525801952,+,867.0,8.609697915962162,0.0,0.29882507348676723
b4385,yjjJ,0,0,1329,0.0,0.5395033860045146,+,0.81,4.799057813717582,0.0,0.2993386837272592
b4386,lplA,0,0,1014,0.0,0.5788954635108481,-,27.8,4.905694524153693,0.0,0.2998449689894891
b4387,ytjB,0,0,642,0.0,0.557632398753894,-,3.03,4.890444253239323,0.0,0.3002146649511855
b4388,serB,0,0,966,0.0,0.5683229813664596,+,26.3,6.400668205325931,0.0,0.30060762849089073
b4389,radA,1,1,1380,0.0007246376811594,0.5782608695652174,+,11.4,6.245005651893448,0.0,0.30113502692575833
b4390,nadR,0,0,1230,0.0,0.510569105691057,+,30.1,6.500302047844346,0.0,0.3017072369923467
b4391,yjjK,0,0,1665,0.0,0.5483483483483483,-,628.0,8.156499906888643,0.0,0.3024642950397832
b4392,slt,0,0,1935,0.0,0.5457364341085271,+,78.6,6.079474229849987,0.0,0.3033316586422248
b4393,trpR,0,0,324,0.0,0.5432098765432098,+,285.0,6.752281273658701,0.0,0.3038581953149439
b4394,yjjX,0,0,510,0.0,0.5647058823529412,-,29.2,6.151841821600531,0.0,0.30410207400296274
b4395,ytjC,0,0,645,0.0,0.5643410852713179,+,88.8,6.396683361279189,0.0,0.3043739599608071
b4396,rob,0,0,867,0.0,0.5340253748558247,-,170.0,8.19564582468087,0.0,0.3046992751718569
b4397,creA,0,0,471,0.0,0.4925690021231422,+,90.3,6.603068807307007,0.0,0.30507931227933505
b4398,creB,0,0,687,0.0,0.5545851528384279,+,8.47,5.5994798179790894,0.0,0.3053352556374325
b4399,creC,0,0,1422,0.0,0.539381153305204,+,1.29,3.97363377921078,0.0,0.30579069693290234
b4400,creD,0,0,1350,0.0,0.497037037037037,+,2.06,2.739506199221802,0.0,0.3064137509662508
b4401,arcA,0,0,714,0.0,0.5126050420168067,-,1368.0,9.677035384664896,0.0,0.3068851348614674
b4402,yjjY,0,0,138,0.0,0.4347826086956521,+,,3.659303817363432,0.0,0.30711091654436823
b4403,yjtD,0,0,684,0.0,0.5,+,17.7,5.078056739886788,0.0,0.3074612228577239
b4406,yaeP,0,0,198,0.0,0.51010101010101,-,138.0,7.99464642545998,0.0,0.40069053000957416
b4407,thiS,0,0,198,0.0,0.5606060606060606,-,73.1,8.194664020777928,0.0,0.11419037877031712
b4409,blr,0,0,123,0.0,0.4390243902439024,+,,6.507845471930836,,0.957894732306515
b4410,ecnA,0,0,123,0.0,0.5528455284552846,+,1.22,4.99295128846287,0.0,0.19331824100557302
b4411,ecnB,0,0,144,0.0,0.4930555555555556,+,841.0,9.012711667414052,0.0,0.19342466863090985
b4412,hokC,0,0,150,0.0,0.54,-,,,,0.3157216439319449
b4415,hokE,0,0,150,0.0,0.48,+,1.13,,0.0,0.5700741891033624
b4419,ldrA,0,0,105,0.0,0.5714285714285714,-,,2.409727047459844,0.0,0.8550197214267679
b4421,ldrB,0,0,105,0.0,0.6,-,,,0.0,0.8552502428014853
b4423,ldrC,0,0,105,0.0,0.5714285714285714,-,,1.5364885870239473,0.0,0.8554807641762028
b4428,hokB,0,0,147,0.0,0.54421768707483,-,,4.660727039217419,0.0,0.9504926263321766
b4453,ldrD,0,0,105,0.0,0.5428571428571428,-,,4.007306047952851,0.0,0.0981064500311527
b4455,hokA,0,0,150,0.0,0.36,-,1.65,0.7679795340023655,0.0,0.08927726593893726
b4460,araH,0,0,984,0.0,0.5121951219512195,-,0.218,3.148026612657935,,0.8379227912820694
b4461,yfjD,0,0,1284,0.0,0.5124610591900312,+,5.86,5.380150389772386,,0.5077093241802703
b4462,ygaQ,0,0,2250,0.0,0.3728888888888889,+,,0.7535934378488358,,0.4912901699653485
b4463,ygcU,0,0,1452,0.0,0.506198347107438,-,0.936,1.9405864802160075,,0.4433899827044337
b4464,ygfQ,1,1,1365,0.0007326007326007,0.5267399267399268,+,10.5,3.1538030397918497,,0.3877576345663139
b4465,yggP,0,0,1275,0.0,0.5098039215686274,-,,1.7160088727762808,,0.3666388604746758
b4466,yghJ,0,0,4560,0.0,0.5206140350877193,-,0.933,4.582009850387993,,0.34939758517010755
b4467,glcF,1,1,1221,0.0008190008190008,0.556920556920557,-,12.5,4.026169522342816,,0.34594364247901394
b4468,glcE,0,0,1050,0.0,0.5761904761904761,-,1.86,2.744559018372878,,0.3454485601247142
b4469,ygiQ,0,0,2217,0.0,0.5466847090663058,-,2.15,5.550511579817966,,0.3307813683576451
b4470,yhaM,0,0,1308,0.0,0.5703363914373089,-,0.55,3.2265127864049887,,0.2894340204737451
b4471,tdcG,0,0,1362,0.0,0.5345080763582967,-,32.3,2.6595462069285274,,0.28815387280218335
b4472,yhdP,1,1,3798,0.0002632964718272,0.5337019483938915,-,3.18,5.0646140985475805,,0.229816453279996
b4473,smf,0,0,1122,0.0,0.5098039215686274,-,0.24,5.721386779942989,,0.21316720857143104
b4474,frlC,0,0,828,0.0,0.5495169082125604,+,0.137,2.321453601482769,,0.18311023747579525
b4475,rtcA,0,0,1014,0.0,0.5976331360946746,-,0.427,3.896923348421196,,0.1600210442316658
b4476,gntU,1,1,1338,0.0007473841554559,0.5515695067264574,-,0.013,2.405666203969042,,0.15138144781211518
b4477,dgoA,0,0,615,0.0,0.5951219512195122,-,0.316,2.223933062563209,,0.023447686297895662
b4478,dgoD,0,0,1146,0.0,0.5296684118673648,-,0.361,2.8847091122685926,,0.02382643076215106
b4479,dgoR,0,0,687,0.0,0.5545851528384279,-,10.5,4.856175753512711,,0.02279619411364747
b4480,hdfR,0,0,837,0.0,0.4862604540023895,-,41.5,5.889118517634631,,0.008542648177847025
b4481,wecF,0,0,1077,0.0,0.5292479108635098,+,3.11,5.347895262786484,,0.021691845920374903
b4482,yigE,0,0,762,0.0,0.4803149606299212,-,0.101,2.080023377697977,,0.03143406700890114
b4483,tatD,0,0,780,0.0,0.5435897435897435,+,10.4,4.662322787942967,,0.04146110048749885
b4484,cpxP,0,0,498,0.0,0.5020080321285141,+,9.91,7.261169557263253,,0.07684720870931298
b4485,ytfR,0,0,1500,0.0,0.5566666666666666,+,2.5,2.7643315385313048,,0.22581960043536223
b4486,yjiV,0,0,2934,0.0,0.4993183367416496,+,,3.8415513124786096,,0.2790670218275735
b4487,yjdP,0,0,327,0.0,0.5626911314984709,+,81.5,4.85068665971412,,0.1664540986700425
b4488,ilvG,0,0,1644,0.0,0.5468369829683698,+,,9.065595757795789,,0.010195077097550614
b4490,efeU,0,0,828,0.0,0.5434782608695652,+,,6.31207972780933,,0.7742506331797386
b4491,ycgH,0,0,2645,0.0,0.4328922495274102,+,,3.032711193597112,,0.8342094581842844
b4492,ydbA,0,0,6060,0.0,0.496039603960396,+,,4.53865641555698,,0.9408865636631096
b4493,gapC,0,0,999,0.0,0.4814814814814814,-,,8.882342806866104,,0.9497243653768098
b4494,arpB,0,0,1899,0.0,0.3907319641916798,+,,0.8994187241643615,,0.9150522270950084
b4495,yedN,0,0,1122,0.0,0.338680926916221,-,,1.1231841631258652,,0.8255392692084629
b4496,yedS,0,0,1191,0.0,0.4575986565910999,+,,3.464144568828589,,0.815689327851377
b4497,yeeL,0,0,1050,0.0,0.3876190476190476,-,,1.5539052950238883,,0.8078666819485821
b4498,gatR,0,0,771,0.0,0.4643320363164721,-,,5.677038074530293,,0.7570623562473016
b4499,yehH,0,0,3792,0.0,0.5031645569620253,+,,,,0.7451446166149466
b4500,yfaS,0,0,4602,0.0,0.5375923511516731,-,,1.5678431867315066,,0.6875233214381431
b4501,torI,0,0,198,0.0,0.4444444444444444,+,,5.498379017106483,0.0,0.6253428736148251
b4502,yeiW,0,0,252,0.0,0.5634920634920635,-,,2.171742527011037,0.0,0.7163630534990559
b4503,yafF,0,0,270,0.0,0.4740740740740741,+,,0.9158328038420528,0.0,0.4115560580586395
b4504,ykfH,0,0,219,0.0,0.5616438356164384,-,,0.4348119591966842,0.0,0.4219480478071169
b4505,insX,0,0,249,0.0,0.4698795180722891,-,,,0.0,0.42888609486450086
b4506,ykgO,0,0,138,0.0,0.4202898550724637,-,146.0,3.7696605059936408,0.0,0.4427630507414171
b4508,peaD,0,0,309,0.0,0.511326860841424,+,,,0.0,0.5522438993703104
b4509,ylcG,0,0,138,0.0,0.4782608695652174,+,0.32,,0.0,0.555375973898948
b4510,rzoD,0,0,180,0.0,0.5722222222222222,+,,,0.0,0.5573657826997802
b4511,ybdZ,0,0,216,0.0,0.5601851851851852,+,80.3,5.594623968064293,0.0,0.5727193680181107
b4512,ybdD,0,0,195,0.0,0.5282051282051282,+,2.4,5.879368610200043,0.0,0.5805738991203994
b4513,kdpF,0,0,87,0.0,0.4942528735632184,-,,,0.0,0.622152199260091
b4514,ybfQ,0,0,240,0.0,0.3791666666666666,+,,1.594715998566958,0.0,0.6255079010662583
b4515,ybgT,0,0,111,0.0,0.5225225225225225,+,,7.119384684531823,0.0,0.6417469469921485
b4516,insA,0,0,273,0.0,0.5347985347985348,+,0.046,0.6681974022585109,0.0,0.7605486150189631
b4517,gnsA,0,0,171,0.0,0.3976608187134502,+,247.0,6.324684359451602,0.0,0.7614892284040251
b4518,ymdF,0,0,171,0.0,0.5146198830409356,+,309.0,6.397455721396906,,0.768389357926876
b4519,icdC,0,0,162,0.0,0.4753086419753086,+,,2.9458708182074926,0.0,0.8301466805352922
b4520,ymgF,0,0,216,0.0,0.4074074074074074,+,,2.469166941793286,0.0,0.83342008405628
b4521,ycgI,0,0,342,0.0,0.5029239766081871,+,,2.289026188895803,,0.835420664883968
b4522,ymiA,0,0,126,0.0,0.5079365079365079,+,0.037,7.185992123242215,0.0,0.8829425385617017
b4523,yciX,0,0,165,0.0,0.4666666666666667,+,,7.1456541498520485,0.0,0.8830071707228375
b4524,ycjV,0,0,1080,0.0,0.4925925925925926,+,,0.4875100375492549,,0.9028220986838307
b4525,ymjC,0,0,138,0.0,0.4130434782608695,-,,3.51048466490124,0.0,0.9068861689760456
b4526,ydaE,0,0,168,0.0,0.375,-,3.11,,0.0,0.9185759725201286
b4527,ydaF,0,0,153,0.0,0.5032679738562091,-,,1.7258655776510807,,0.9191404267273807
b4528,rzoR,0,0,183,0.0,0.5792349726775956,+,,,0.0,0.9209755492225613
b4529,ydbJ,0,0,264,0.0,0.553030303030303,+,,7.548619871305064,0.0,0.9286017133555036
b4532,hicA,0,0,174,0.0,0.5,+,0.07,5.112568213233903,,0.9579804776402884
b4533,ynfO,0,0,231,0.0,0.4458874458874459,+,,1.197733817333931,0.0,0.9870830471564865
b4535,yniD,0,0,105,0.0,0.4857142857142857,+,,3.5403963343139497,0.0,0.9145459418327785
b4536,yobH,0,0,237,0.0,0.4430379746835443,+,18.7,6.268283540515917,0.0,0.8698092834189207
b4537,yecJ,0,0,249,0.0,0.4899598393574297,-,154.0,7.061068951263308,,0.8359472015566871
b4538,yoeF,0,0,183,0.0,0.4371584699453552,+,,3.217575163605836,0.0,0.7966482622997157
b4539,yoeB,0,0,252,0.0,0.4444444444444444,-,,6.709515153936376,0.0,0.7921240110202143
b4541,yehK,0,0,315,0.0,0.3904761904761905,+,3.0,0.8036157533503914,0.0,0.7426631725084086
b4542,yohO,0,0,105,0.0,0.5047619047619047,+,,4.698891805690124,0.0,0.73767356966873
b4543,ypaA,0,0,183,0.0,0.5136612021857924,+,,6.002807074476666,0.0,0.6764031426742031
b4544,arnE,0,0,333,0.0,0.5405405405405406,+,,3.184602155937609,0.0,0.6700192086782896
b4545,ypdJ,0,0,51,0.0,0.4705882352941176,+,,,0.0,0.6254307733539697
b4546,ypeB,0,0,216,0.0,0.5231481481481481,-,2.93,4.275643544118439,,0.6030921749411632
b4547,ypfN,0,0,198,0.0,0.4898989898989899,+,4.72,6.319434416387093,,0.5751659107576355
b4548,ypjJ,0,0,198,0.0,0.5505050505050505,+,,0.9792365392413452,0.0,0.49583424177426483
b4550,arfA,0,0,216,0.0,0.4398148148148148,-,,4.809061461080479,0.0,0.21077926565800278
b4551,yheV,0,0,198,0.0,0.4848484848484848,-,18.5,6.307141007976184,0.0,0.19347852876518964
b4552,yrhC,0,0,351,0.0,0.3532763532763532,+,,,0.0,0.1308409161221048
b4553,ysaB,0,0,297,0.0,0.4814814814814814,-,,4.19326061819661,0.0,0.08710648708692509
b4554,yibT,0,0,207,0.0,0.4975845410628019,-,218.0,7.816715633998817,0.0,0.06525521516908205
b4555,yicS,0,0,291,0.0,0.4329896907216495,+,2.17,4.416576038434175,0.0,0.03764177064545123
b4556,glvG,0,0,812,0.0,0.5369458128078818,-,,,,0.028498905131190362
b4557,yidD,0,0,255,0.0,0.5529411764705883,+,3.7,7.40948400246524,0.0,0.0184317997126885
b4558,yifL,0,0,201,0.0,0.5323383084577115,+,176.0,8.1308711651046,0.0,0.02882680562868565
b4559,yjdO,0,0,171,0.0,0.3508771929824561,+,,2.402642901197245,0.0,0.18324208708451215
b4561,insM,0,0,267,0.0,0.4606741573033708,-,,,0.0,0.250379821666941
b4565,sgcB,0,0,276,0.0,0.4891304347826087,-,194.0,1.8164320235787423,0.0,0.25968038965437307
b4566,yjhX,0,0,255,0.0,0.5019607843137255,-,0.148,2.49571077003051,0.0,0.261201399846434
b4567,yjjZ,0,0,234,0.0,0.4829059829059829,+,,5.407829312676217,0.0,0.2922239754294376
b4568,ytjA,0,0,159,0.0,0.5220125786163522,+,,8.765066234205426,0.0,0.2949324938620991
b4569,yhcE,0,0,543,0.0,0.4567219152854512,+,,2.620531823687225,,0.24201081856201198
b4570,lomR,0,0,397,0.0,0.5692695214105793,+,,1.8016489988976727,,0.9229981049850355
b4571,wbbL,0,0,792,0.0,0.3547979797979798,-,,7.506406735105498,,0.7864992894771086
b4572,ylbE,0,0,1257,0.0,0.5719968178202068,+,0.025,1.6977947423916344,,0.544684521803875
b4573,insZ,0,0,897,0.0,0.5540691192865106,-,,2.767674259255809,,0.866073113624201
b4575,yjgX,0,0,1197,0.0,0.4828738512949039,-,,4.10312909135365,,0.24666691945023023
b4576,insB1,0,0,501,0.0,0.5289421157684631,+,,,,0.25475886602442405
b4578,insP,0,0,432,0.0,0.4583333333333333,-,,,,0.9554206131782391
b4579,yaiX,0,0,695,0.0,0.4546762589928058,-,,1.6572461635080118,,0.4726722296285891
b4580,yaiT,0,0,2904,0.0,0.4535123966942149,+,,3.039194490018957,,0.4771861397623088
b4581,ybeM,0,0,786,0.0,0.5432569974554707,+,,4.855044043435722,,0.5918388539252835
b4582,yoeA,0,0,509,0.0,0.455795677799607,+,,4.526813203636623,,0.8006485621929433
b4586,ykfM,0,0,477,0.0,0.3081761006289308,-,,0.7648786421993607,0.0,0.41123462077725775
b4587,insN,0,0,684,0.0,0.5160818713450293,+,,5.208234146399731,,0.4250060107909856
b4588,ylcH,0,0,99,0.0,0.494949494949495,+,,,0.0,0.5547804962543508
b4589,ylcI,0,0,192,0.0,0.4375,-,,2.5515907562371445,0.0,0.5581973831730599
b4590,ybfK,0,0,255,0.0,0.4431372549019607,+,,0.1123705344938172,0.0,0.6186771433963597
b4592,yccB,0,0,90,0.0,0.4777777777777778,+,,,0.0,0.756464293316259
b4593,ymgI,0,0,171,0.0,0.327485380116959,-,,2.8967226602153584,0.0,0.8351367142560451
b4594,ymgJ,0,0,183,0.0,0.3825136612021858,+,,2.1901649482556818,0.0,0.8352573609568318
b4595,yciY,0,0,171,0.0,0.5146198830409356,+,8.82,7.0986559791511015,0.0,0.8715888222555246
b4596,yciZ,0,0,171,0.0,0.4853801169590643,-,7.58,6.821532693782637,0.0,0.8869488707899688
b4598,yncL,0,0,93,0.0,0.3333333333333333,-,,,0.0,0.9613292853492679
b4599,yneM,0,0,93,0.0,0.3978494623655914,+,,,0.0,0.9931925099081103
b4600,ydfJ,0,0,1365,0.0,0.4688644688644688,-,,,,0.984907959493732
b4601,ydgU,0,0,81,0.0,0.4320987654320987,+,,,0.0,0.9720254771361576
b4602,ynhF,0,0,87,0.0,0.5057471264367817,-,,,0.0,0.9437243464180426
b4604,yojO,1,1,162,0.0061728395061728,0.4074074074074074,+,,1.0220310059675397,0.0,0.6997655145193996
b4606,ypfM,0,0,57,0.0,0.4035087719298245,-,,,0.0,0.5760388758140421
b4612,yrhD,0,0,153,0.0,0.3333333333333333,+,,0.714271848947659,0.0,0.14789561992152794
b4613,dinQ,0,0,126,0.0,0.4761904761904761,-,,,0.0,0.12062601849513924
b4615,yibV,0,0,436,0.0,0.3348623853211009,+,,0.9665367779946636,0.0,0.06814685805829476
b4618,tisB,0,0,87,0.0,0.4367816091954023,+,,,0.0,0.0319386287468341
b4620,yjbT,0,0,276,0.0,0.4963768115942029,-,0.34,2.882601167424915,0.0,0.1345189169718023
b4621,yjbS,0,0,201,0.0,0.2835820895522388,-,0.137,0.8059738216425959,0.0,0.14701188283826533
b4622,ytcA,0,0,273,0.0,0.4798534798534798,-,4.75,0.2929555707097324,0.0,0.16224568321795774
b4623,insO,0,0,1037,0.0,0.5130183220829315,+,,3.582951915849043,,0.2502445250096302
b4626,ykfN,0,0,63,0.0,0.3333333333333333,-,,,0.0,0.42153655638121945
b4627,ykfL,0,0,219,0.0,0.5570776255707762,-,,,0.0,0.42303688428171693
b4628,ykfK,0,0,192,0.0,0.5833333333333334,-,,,0.0,0.4231265075451585
b4630,ykgP,0,0,87,0.0,0.4022988505747126,-,,,0.0,0.44333009023511455
b4631,ykgQ,0,0,126,0.0,0.3571428571428571,+,,,0.0,0.44494287809598826
b4632,ylbI,0,0,93,0.0,0.6559139784946236,+,,,0.0,0.536308193720684
b4633,xisD,0,0,222,0.0,0.5315315315315315,-,,,0.0,0.5520013133255143
b4634,aaaD,0,0,309,0.0,0.5307443365695793,+,,0.9433864978175328,0.0,0.5586972052191763
b4636,ybfI,0,0,147,0.0,0.4761904761904761,-,,,0.0,0.6169898131096428
b4637,uof,0,0,84,0.0,0.4047619047619047,-,,,0.0,0.6143558371028246
b4638,ttcC,0,0,51,0.0,0.3137254901960784,-,,,0.0,0.9259268036466327
b4639,yeeH,0,0,87,0.0,0.4137931034482758,-,,,0.0,0.8021320857315456
b4640,yoeG,0,0,534,0.0,0.4157303370786517,-,,,0.0,0.8014793009040747
b4641,yoeH,0,0,159,0.0,0.4025157232704403,-,,,0.0,0.8011716518170686
b4642,yoeD,0,0,126,0.0,0.5396825396825397,-,,,0.0,0.7967452105414193
b4644,ypjI,0,0,270,0.0,0.5518518518518518,+,,0.4571822792029464,0.0,0.4963930945275518
b4646,yrdE,0,0,393,0.0,0.4427480916030534,+,,,0.0,0.22530254314627637
b4647,mokA,0,0,182,0.0,0.3846153846153846,-,,,0.0,0.08927037184174945
b4648,ysaC,0,0,99,0.0,0.4444444444444444,-,,,0.0,0.07620476502762379
b4649,ysaD,0,0,192,0.0,0.53125,+,,,0.0,0.07614013286648805
b4650,yibS,0,0,249,0.0,0.4417670682730923,+,,1.6999817415651388,0.0,0.06849156291768534
b4651,yibW,0,0,345,0.0,0.3710144927536232,+,,,0.0,0.06835798978467149
b4652,yibU,0,0,198,0.0,0.4292929292929293,+,,,0.0,0.0679387424994377
b4653,yicT,0,0,132,0.0,0.5454545454545454,+,,,0.0,0.039309711283827396
b4654,yjdQ,0,0,162,0.0,0.4259259259259259,-,,,0.0,0.1872398016912944
b4655,ythA,0,0,123,0.0,0.3170731707317073,+,,1.105605095444821,0.0,0.24938922607726732
b4656,yjhY,0,0,258,0.0,0.5155038759689923,-,,,0.0,0.2604499432529625
b4657,yjhZ,0,0,243,0.0,0.419753086419753,-,,1.9992048007121428,0.0,0.26147199316105557
b4658,yghX,0,0,834,0.0,0.5251798561151079,-,,4.387953991111909,,0.33628070350814754
b4659,yabP,0,0,795,0.0,0.430188679245283,+,,,,0.3338376078172168
b4660,yhiL,0,0,1605,0.0,0.3495327102803738,-,,1.0605883377050946,,0.12670747397693752
b4661,yfcU,0,0,2643,0.0,0.5179720015134317,-,,2.6174019750719824,,0.6351376621944084
b4662,sgrT,0,0,129,0.0,0.4728682170542636,+,,5.596425088172931,0.0,0.3418442399387115
b4663,azuC,0,0,84,0.0,0.4047619047619047,-,,,,0.8358248313316035
b4664,ibsD,0,0,57,0.0,0.3859649122807017,+,,,0.0,0.31580437309819864
b4665,ibsC,0,0,57,0.0,0.3684210526315789,-,,,0.0,0.375212532089868
b4666,ibsE,0,0,57,0.0,0.4035087719298245,+,,,0.0,0.31564279269535933
b4667,ibsA,0,0,57,0.0,0.4210526315789473,-,,,0.0,0.7645303870259985
b4668,ibsB,0,0,54,0.0,0.4629629629629629,-,,,0.0,0.7643877653904256
b4669,ilvX,0,0,48,0.0,0.3958333333333333,+,,,0.0,0.009828828184448123
b4670,yjeV,0,0,51,0.0,0.4313725490196078,+,,,0.0,0.200444583092399
b4671,ykgR,0,0,99,0.0,0.2929292929292929,-,,0.8868978018480965,0.0,0.443084918903873
b4672,ymiB,0,0,102,0.0,0.3137254901960784,+,,1.0062608846468546,0.0,0.8879511001686469
b4673,ymjD,0,0,63,0.0,0.3809523809523809,-,,,0.0,0.9069322732509891
b4674,ynbG,0,0,63,0.0,0.1428571428571428,-,,,0.0,0.9389454444236665
b4675,yoaJ,0,0,72,0.0,0.4444444444444444,+,,,,0.8827930228289411
b4676,yoaK,0,0,96,0.0,0.4375,+,,,0.0,0.8828313712445482
b4677,yobI,0,0,63,0.0,0.2063492063492063,-,,,0.0,0.8538223029214599
b4678,yoeI,0,0,60,0.0,0.4666666666666667,-,,,0.0,0.7930956478426215
b4679,yohP,0,0,81,0.0,0.3580246913580246,+,,,0.0,0.7319372499273965
b4680,ypdK,0,0,69,0.0,0.4057971014492754,+,,,0.0,0.6164899910635265
b4682,yqcG,0,0,138,0.0,0.2463768115942029,+,,0.4132884885303782,0.0,0.4404013915735174
b4683,yqeL,0,0,78,0.0,0.2692307692307692,-,,,0.0,0.4041074169282833
b4684,yqfG,0,0,123,0.0,0.3495934959349593,+,,,0.0,0.3855709131145549
b4685,yrbN,0,0,78,0.0,0.3974358974358974,-,,,0.0,0.267072585364004
b4686,yshB,0,0,108,0.0,0.5185185185185185,-,,8.143011927606903,0.0,0.05428282861360567
b4687,shoB,0,0,78,0.0,0.3846153846153846,-,,,,0.5289345258972452
b4688,ykgS,0,0,205,0.0,0.4292682926829268,+,,4.0981687954012,0.0,0.4333211537616349
b4689,rzoQ,0,0,252,0.0,0.496031746031746,-,,,0.0,0.9860769398481403
b4692,oweE,0,0,234,0.0,0.5427350427350427,+,,,,0.8270404588711088
b4693,aaaE,0,0,1131,0.0,0.5446507515473032,+,,,,0.8273351815258878
b4694,yagP,0,0,336,0.0,0.5,-,,,,0.43634550802171296
b4695,ykgT,0,0,78,0.0,0.6410256410256411,-,,,,0.43643254599870906
b4696,yneO,0,0,5320,0.0,0.5056390977443609,-,,2.7364106060542923,,0.9950155677332122
b4697,yrdF,0,0,143,0.0,0.4195804195804196,+,,,0.0,0.2254180192741722
b4702,mgtL,0,0,51,0.0,0.5294117647058824,+,,,0.0,0.23256202748504196
b4703,pmrR,0,0,87,0.0,0.425287356321839,+,,,0.0,0.174265110783833
b4705,mntS,0,0,126,0.0,0.4126984126984127,-,,7.7420243660394625,0.0,0.6756491007942862
b4706,iroK,0,0,63,0.0,0.5238095238095238,-,1.43,,0.0,0.5427739951207027
b4708,insI1,0,0,171,0.0,0.4093567251461988,+,,,0.0,0.42879087014709416
